{
"type": "FeatureCollection",
"name": "CMU-1",
"crs": { "type": "name", "properties": { "name": "urn:ogc:def:crs:EPSG::3857" } },
"features": [
{ "type": "Feature", "properties": { "tissue_id": 0 }, "geometry": { "type": "Polygon", "coordinates": [ [ [ 12556.0, 30412.0 ], [ 12573.0, 30428.0 ], [ 12589.0, 30445.0 ], [ 12605.0, 30461.0 ], [ 12622.0, 30461.0 ], [ 12638.0, 30478.0 ], [ 12655.0, 30494.0 ], [ 12671.0, 30494.0 ], [ 12688.0, 30511.0 ], [ 12704.0, 30511.0 ], [ 12721.0, 30511.0 ], [ 12737.0, 30511.0 ], [ 12754.0, 30511.0 ], [ 12770.0, 30494.0 ], [ 12787.0, 30494.0 ], [ 12803.0, 30478.0 ], [ 12819.0, 30478.0 ], [ 12836.0, 30461.0 ], [ 12852.0, 30445.0 ], [ 12869.0, 30445.0 ], [ 12885.0, 30428.0 ], [ 12902.0, 30428.0 ], [ 12918.0, 30445.0 ], [ 12902.0, 30461.0 ], [ 12885.0, 30478.0 ], [ 12885.0, 30494.0 ], [ 12869.0, 30511.0 ], [ 12869.0, 30527.0 ], [ 12885.0, 30527.0 ], [ 12902.0, 30544.0 ], [ 12918.0, 30544.0 ], [ 12935.0, 30527.0 ], [ 12951.0, 30544.0 ], [ 12951.0, 30560.0 ], [ 12951.0, 30576.0 ], [ 12951.0, 30593.0 ], [ 12951.0, 30609.0 ], [ 12951.0, 30626.0 ], [ 12968.0, 30642.0 ], [ 12968.0, 30659.0 ], [ 12968.0, 30675.0 ], [ 12968.0, 30692.0 ], [ 12984.0, 30708.0 ], [ 12984.0, 30725.0 ], [ 12984.0, 30741.0 ], [ 12984.0, 30757.0 ], [ 12984.0, 30774.0 ], [ 13000.0, 30790.0 ], [ 13017.0, 30807.0 ], [ 13017.0, 30823.0 ], [ 13033.0, 30840.0 ], [ 13050.0, 30856.0 ], [ 13066.0, 30856.0 ], [ 13083.0, 30873.0 ], [ 13099.0, 30873.0 ], [ 13116.0, 30889.0 ], [ 13132.0, 30889.0 ], [ 13149.0, 30906.0 ], [ 13165.0, 30906.0 ], [ 13181.0, 30889.0 ], [ 13198.0, 30889.0 ], [ 13214.0, 30873.0 ], [ 13231.0, 30873.0 ], [ 13247.0, 30873.0 ], [ 13264.0, 30873.0 ], [ 13280.0, 30873.0 ], [ 13297.0, 30856.0 ], [ 13313.0, 30840.0 ], [ 13330.0, 30840.0 ], [ 13346.0, 30823.0 ], [ 13363.0, 30807.0 ], [ 13379.0, 30790.0 ], [ 13395.0, 30774.0 ], [ 13412.0, 30790.0 ], [ 13412.0, 30807.0 ], [ 13428.0, 30823.0 ], [ 13428.0, 30840.0 ], [ 13428.0, 30856.0 ], [ 13428.0, 30873.0 ], [ 13428.0, 30889.0 ], [ 13412.0, 30906.0 ], [ 13412.0, 30922.0 ], [ 13412.0, 30938.0 ], [ 13428.0, 30938.0 ], [ 13445.0, 30955.0 ], [ 13461.0, 30971.0 ], [ 13461.0, 30988.0 ], [ 13478.0, 31004.0 ], [ 13478.0, 31021.0 ], [ 13461.0, 31037.0 ], [ 13445.0, 31037.0 ], [ 13445.0, 31054.0 ], [ 13445.0, 31070.0 ], [ 13445.0, 31087.0 ], [ 13461.0, 31103.0 ], [ 13478.0, 31103.0 ], [ 13494.0, 31120.0 ], [ 13511.0, 31120.0 ], [ 13527.0, 31136.0 ], [ 13544.0, 31136.0 ], [ 13560.0, 31136.0 ], [ 13576.0, 31152.0 ], [ 13593.0, 31152.0 ], [ 13609.0, 31169.0 ], [ 13626.0, 31169.0 ], [ 13642.0, 31169.0 ], [ 13659.0, 31169.0 ], [ 13675.0, 31169.0 ], [ 13692.0, 31169.0 ], [ 13708.0, 31169.0 ], [ 13725.0, 31152.0 ], [ 13741.0, 31152.0 ], [ 13757.0, 31152.0 ], [ 13757.0, 31136.0 ], [ 13774.0, 31120.0 ], [ 13790.0, 31136.0 ], [ 13807.0, 31136.0 ], [ 13807.0, 31120.0 ], [ 13823.0, 31103.0 ], [ 13823.0, 31087.0 ], [ 13840.0, 31070.0 ], [ 13856.0, 31054.0 ], [ 13873.0, 31070.0 ], [ 13873.0, 31087.0 ], [ 13889.0, 31103.0 ], [ 13906.0, 31103.0 ], [ 13922.0, 31103.0 ], [ 13939.0, 31120.0 ], [ 13939.0, 31136.0 ], [ 13939.0, 31152.0 ], [ 13922.0, 31169.0 ], [ 13922.0, 31185.0 ], [ 13922.0, 31202.0 ], [ 13939.0, 31218.0 ], [ 13939.0, 31235.0 ], [ 13955.0, 31251.0 ], [ 13955.0, 31268.0 ], [ 13971.0, 31284.0 ], [ 13988.0, 31284.0 ], [ 14004.0, 31284.0 ], [ 14021.0, 31284.0 ], [ 14037.0, 31284.0 ], [ 14054.0, 31284.0 ], [ 14070.0, 31284.0 ], [ 14087.0, 31284.0 ], [ 14103.0, 31268.0 ], [ 14120.0, 31268.0 ], [ 14136.0, 31268.0 ], [ 14152.0, 31268.0 ], [ 14169.0, 31251.0 ], [ 14185.0, 31251.0 ], [ 14202.0, 31235.0 ], [ 14218.0, 31235.0 ], [ 14235.0, 31235.0 ], [ 14251.0, 31218.0 ], [ 14268.0, 31218.0 ], [ 14284.0, 31202.0 ], [ 14301.0, 31185.0 ], [ 14317.0, 31185.0 ], [ 14333.0, 31169.0 ], [ 14350.0, 31169.0 ], [ 14366.0, 31152.0 ], [ 14383.0, 31136.0 ], [ 14399.0, 31136.0 ], [ 14416.0, 31120.0 ], [ 14432.0, 31103.0 ], [ 14449.0, 31087.0 ], [ 14465.0, 31087.0 ], [ 14465.0, 31070.0 ], [ 14482.0, 31054.0 ], [ 14498.0, 31037.0 ], [ 14514.0, 31021.0 ], [ 14531.0, 31004.0 ], [ 14547.0, 30988.0 ], [ 14547.0, 30971.0 ], [ 14564.0, 30955.0 ], [ 14580.0, 30938.0 ], [ 14580.0, 30922.0 ], [ 14597.0, 30906.0 ], [ 14613.0, 30922.0 ], [ 14630.0, 30938.0 ], [ 14646.0, 30938.0 ], [ 14663.0, 30955.0 ], [ 14663.0, 30971.0 ], [ 14646.0, 30988.0 ], [ 14646.0, 31004.0 ], [ 14646.0, 31021.0 ], [ 14646.0, 31037.0 ], [ 14630.0, 31054.0 ], [ 14630.0, 31070.0 ], [ 14630.0, 31087.0 ], [ 14646.0, 31087.0 ], [ 14663.0, 31087.0 ], [ 14679.0, 31087.0 ], [ 14696.0, 31070.0 ], [ 14712.0, 31054.0 ], [ 14728.0, 31054.0 ], [ 14745.0, 31037.0 ], [ 14761.0, 31021.0 ], [ 14778.0, 31004.0 ], [ 14794.0, 30988.0 ], [ 14811.0, 30971.0 ], [ 14827.0, 30971.0 ], [ 14844.0, 30988.0 ], [ 14844.0, 31004.0 ], [ 14860.0, 31021.0 ], [ 14860.0, 31037.0 ], [ 14877.0, 31037.0 ], [ 14893.0, 31037.0 ], [ 14909.0, 31021.0 ], [ 14926.0, 31021.0 ], [ 14942.0, 31021.0 ], [ 14959.0, 31021.0 ], [ 14975.0, 31021.0 ], [ 14992.0, 31021.0 ], [ 15008.0, 31021.0 ], [ 15025.0, 31004.0 ], [ 15041.0, 31004.0 ], [ 15041.0, 30988.0 ], [ 15025.0, 30971.0 ], [ 15025.0, 30955.0 ], [ 15041.0, 30938.0 ], [ 15058.0, 30938.0 ], [ 15074.0, 30938.0 ], [ 15090.0, 30938.0 ], [ 15107.0, 30938.0 ], [ 15123.0, 30938.0 ], [ 15140.0, 30922.0 ], [ 15156.0, 30938.0 ], [ 15173.0, 30938.0 ], [ 15189.0, 30938.0 ], [ 15206.0, 30922.0 ], [ 15222.0, 30922.0 ], [ 15239.0, 30906.0 ], [ 15255.0, 30906.0 ], [ 15272.0, 30889.0 ], [ 15288.0, 30889.0 ], [ 15304.0, 30873.0 ], [ 15321.0, 30873.0 ], [ 15337.0, 30873.0 ], [ 15354.0, 30856.0 ], [ 15370.0, 30856.0 ], [ 15387.0, 30856.0 ], [ 15403.0, 30840.0 ], [ 15420.0, 30840.0 ], [ 15436.0, 30823.0 ], [ 15453.0, 30823.0 ], [ 15453.0, 30807.0 ], [ 15436.0, 30807.0 ], [ 15420.0, 30807.0 ], [ 15403.0, 30807.0 ], [ 15387.0, 30790.0 ], [ 15403.0, 30774.0 ], [ 15420.0, 30757.0 ], [ 15436.0, 30757.0 ], [ 15453.0, 30757.0 ], [ 15469.0, 30741.0 ], [ 15469.0, 30725.0 ], [ 15485.0, 30708.0 ], [ 15502.0, 30708.0 ], [ 15518.0, 30692.0 ], [ 15535.0, 30692.0 ], [ 15551.0, 30692.0 ], [ 15568.0, 30675.0 ], [ 15584.0, 30675.0 ], [ 15601.0, 30675.0 ], [ 15617.0, 30675.0 ], [ 15634.0, 30659.0 ], [ 15650.0, 30659.0 ], [ 15666.0, 30659.0 ], [ 15683.0, 30642.0 ], [ 15699.0, 30642.0 ], [ 15716.0, 30626.0 ], [ 15732.0, 30609.0 ], [ 15749.0, 30609.0 ], [ 15765.0, 30593.0 ], [ 15782.0, 30593.0 ], [ 15798.0, 30576.0 ], [ 15815.0, 30576.0 ], [ 15831.0, 30560.0 ], [ 15848.0, 30544.0 ], [ 15864.0, 30544.0 ], [ 15880.0, 30527.0 ], [ 15897.0, 30511.0 ], [ 15913.0, 30494.0 ], [ 15930.0, 30478.0 ], [ 15946.0, 30461.0 ], [ 15963.0, 30445.0 ], [ 15963.0, 30428.0 ], [ 15979.0, 30412.0 ], [ 15996.0, 30412.0 ], [ 15996.0, 30395.0 ], [ 15979.0, 30379.0 ], [ 15979.0, 30363.0 ], [ 15979.0, 30346.0 ], [ 15979.0, 30330.0 ], [ 15963.0, 30313.0 ], [ 15979.0, 30297.0 ], [ 15996.0, 30297.0 ], [ 16012.0, 30297.0 ], [ 16029.0, 30280.0 ], [ 16045.0, 30264.0 ], [ 16061.0, 30264.0 ], [ 16078.0, 30264.0 ], [ 16094.0, 30264.0 ], [ 16111.0, 30264.0 ], [ 16127.0, 30247.0 ], [ 16144.0, 30247.0 ], [ 16160.0, 30231.0 ], [ 16177.0, 30214.0 ], [ 16193.0, 30214.0 ], [ 16210.0, 30214.0 ], [ 16226.0, 30198.0 ], [ 16242.0, 30198.0 ], [ 16259.0, 30181.0 ], [ 16275.0, 30181.0 ], [ 16292.0, 30165.0 ], [ 16308.0, 30149.0 ], [ 16325.0, 30132.0 ], [ 16341.0, 30116.0 ], [ 16358.0, 30099.0 ], [ 16374.0, 30083.0 ], [ 16391.0, 30066.0 ], [ 16407.0, 30050.0 ], [ 16424.0, 30033.0 ], [ 16440.0, 30017.0 ], [ 16456.0, 30000.0 ], [ 16473.0, 29984.0 ], [ 16489.0, 29968.0 ], [ 16506.0, 29968.0 ], [ 16506.0, 29951.0 ], [ 16522.0, 29935.0 ], [ 16539.0, 29918.0 ], [ 16555.0, 29902.0 ], [ 16572.0, 29885.0 ], [ 16572.0, 29869.0 ], [ 16588.0, 29852.0 ], [ 16605.0, 29852.0 ], [ 16621.0, 29869.0 ], [ 16637.0, 29869.0 ], [ 16637.0, 29852.0 ], [ 16654.0, 29836.0 ], [ 16670.0, 29819.0 ], [ 16670.0, 29803.0 ], [ 16687.0, 29787.0 ], [ 16703.0, 29787.0 ], [ 16703.0, 29770.0 ], [ 16703.0, 29754.0 ], [ 16703.0, 29737.0 ], [ 16720.0, 29721.0 ], [ 16736.0, 29704.0 ], [ 16753.0, 29704.0 ], [ 16769.0, 29688.0 ], [ 16769.0, 29671.0 ], [ 16786.0, 29655.0 ], [ 16802.0, 29655.0 ], [ 16818.0, 29638.0 ], [ 16835.0, 29638.0 ], [ 16851.0, 29638.0 ], [ 16851.0, 29622.0 ], [ 16868.0, 29605.0 ], [ 16884.0, 29605.0 ], [ 16884.0, 29589.0 ], [ 16884.0, 29573.0 ], [ 16868.0, 29556.0 ], [ 16884.0, 29540.0 ], [ 16884.0, 29523.0 ], [ 16884.0, 29507.0 ], [ 16901.0, 29490.0 ], [ 16901.0, 29474.0 ], [ 16901.0, 29457.0 ], [ 16901.0, 29441.0 ], [ 16917.0, 29424.0 ], [ 16917.0, 29408.0 ], [ 16934.0, 29392.0 ], [ 16934.0, 29375.0 ], [ 16934.0, 29359.0 ], [ 16950.0, 29342.0 ], [ 16967.0, 29326.0 ], [ 16983.0, 29309.0 ], [ 16983.0, 29293.0 ], [ 16999.0, 29276.0 ], [ 17016.0, 29260.0 ], [ 17032.0, 29243.0 ], [ 17049.0, 29227.0 ], [ 17065.0, 29227.0 ], [ 17065.0, 29211.0 ], [ 17065.0, 29194.0 ], [ 17082.0, 29178.0 ], [ 17098.0, 29161.0 ], [ 17115.0, 29161.0 ], [ 17115.0, 29145.0 ], [ 17115.0, 29128.0 ], [ 17131.0, 29112.0 ], [ 17148.0, 29095.0 ], [ 17164.0, 29079.0 ], [ 17181.0, 29062.0 ], [ 17197.0, 29046.0 ], [ 17197.0, 29029.0 ], [ 17181.0, 29013.0 ], [ 17181.0, 28997.0 ], [ 17197.0, 28980.0 ], [ 17213.0, 28980.0 ], [ 17213.0, 28964.0 ], [ 17230.0, 28947.0 ], [ 17246.0, 28931.0 ], [ 17246.0, 28914.0 ], [ 17263.0, 28898.0 ], [ 17279.0, 28898.0 ], [ 17296.0, 28881.0 ], [ 17296.0, 28865.0 ], [ 17296.0, 28848.0 ], [ 17296.0, 28832.0 ], [ 17312.0, 28816.0 ], [ 17312.0, 28799.0 ], [ 17329.0, 28783.0 ], [ 17345.0, 28766.0 ], [ 17362.0, 28766.0 ], [ 17378.0, 28783.0 ], [ 17378.0, 28799.0 ], [ 17378.0, 28816.0 ], [ 17394.0, 28799.0 ], [ 17411.0, 28783.0 ], [ 17411.0, 28766.0 ], [ 17411.0, 28750.0 ], [ 17411.0, 28733.0 ], [ 17394.0, 28717.0 ], [ 17394.0, 28700.0 ], [ 17411.0, 28684.0 ], [ 17411.0, 28667.0 ], [ 17427.0, 28651.0 ], [ 17444.0, 28635.0 ], [ 17460.0, 28618.0 ], [ 17460.0, 28602.0 ], [ 17477.0, 28585.0 ], [ 17477.0, 28569.0 ], [ 17477.0, 28552.0 ], [ 17460.0, 28536.0 ], [ 17460.0, 28519.0 ], [ 17460.0, 28503.0 ], [ 17460.0, 28486.0 ], [ 17460.0, 28470.0 ], [ 17460.0, 28454.0 ], [ 17477.0, 28437.0 ], [ 17493.0, 28421.0 ], [ 17493.0, 28404.0 ], [ 17493.0, 28388.0 ], [ 17493.0, 28371.0 ], [ 17493.0, 28355.0 ], [ 17493.0, 28338.0 ], [ 17493.0, 28322.0 ], [ 17493.0, 28305.0 ], [ 17510.0, 28289.0 ], [ 17510.0, 28272.0 ], [ 17526.0, 28256.0 ], [ 17526.0, 28240.0 ], [ 17543.0, 28223.0 ], [ 17559.0, 28207.0 ], [ 17559.0, 28190.0 ], [ 17559.0, 28174.0 ], [ 17543.0, 28157.0 ], [ 17526.0, 28141.0 ], [ 17526.0, 28124.0 ], [ 17526.0, 28108.0 ], [ 17526.0, 28091.0 ], [ 17526.0, 28075.0 ], [ 17526.0, 28059.0 ], [ 17510.0, 28059.0 ], [ 17493.0, 28075.0 ], [ 17477.0, 28059.0 ], [ 17477.0, 28042.0 ], [ 17477.0, 28026.0 ], [ 17460.0, 28009.0 ], [ 17477.0, 27993.0 ], [ 17493.0, 27993.0 ], [ 17493.0, 27976.0 ], [ 17493.0, 27960.0 ], [ 17477.0, 27943.0 ], [ 17477.0, 27927.0 ], [ 17493.0, 27910.0 ], [ 17510.0, 27910.0 ], [ 17526.0, 27894.0 ], [ 17526.0, 27878.0 ], [ 17543.0, 27861.0 ], [ 17559.0, 27861.0 ], [ 17575.0, 27861.0 ], [ 17592.0, 27861.0 ], [ 17608.0, 27845.0 ], [ 17625.0, 27845.0 ], [ 17641.0, 27845.0 ], [ 17658.0, 27828.0 ], [ 17674.0, 27812.0 ], [ 17691.0, 27812.0 ], [ 17707.0, 27795.0 ], [ 17724.0, 27779.0 ], [ 17724.0, 27762.0 ], [ 17724.0, 27746.0 ], [ 17724.0, 27729.0 ], [ 17724.0, 27713.0 ], [ 17724.0, 27696.0 ], [ 17707.0, 27680.0 ], [ 17691.0, 27680.0 ], [ 17674.0, 27664.0 ], [ 17658.0, 27664.0 ], [ 17641.0, 27647.0 ], [ 17658.0, 27631.0 ], [ 17674.0, 27614.0 ], [ 17674.0, 27598.0 ], [ 17691.0, 27581.0 ], [ 17707.0, 27565.0 ], [ 17724.0, 27565.0 ], [ 17724.0, 27548.0 ], [ 17724.0, 27532.0 ], [ 17740.0, 27515.0 ], [ 17740.0, 27499.0 ], [ 17757.0, 27483.0 ], [ 17773.0, 27466.0 ], [ 17789.0, 27466.0 ], [ 17806.0, 27450.0 ], [ 17806.0, 27433.0 ], [ 17806.0, 27417.0 ], [ 17822.0, 27400.0 ], [ 17822.0, 27384.0 ], [ 17839.0, 27367.0 ], [ 17855.0, 27351.0 ], [ 17872.0, 27334.0 ], [ 17888.0, 27318.0 ], [ 17905.0, 27302.0 ], [ 17888.0, 27285.0 ], [ 17905.0, 27269.0 ], [ 17921.0, 27269.0 ], [ 17921.0, 27252.0 ], [ 17921.0, 27236.0 ], [ 17921.0, 27219.0 ], [ 17938.0, 27203.0 ], [ 17954.0, 27203.0 ], [ 17970.0, 27203.0 ], [ 17987.0, 27186.0 ], [ 17987.0, 27170.0 ], [ 17987.0, 27153.0 ], [ 17987.0, 27137.0 ], [ 17987.0, 27120.0 ], [ 17987.0, 27104.0 ], [ 17987.0, 27088.0 ], [ 17970.0, 27088.0 ], [ 17954.0, 27071.0 ], [ 17970.0, 27055.0 ], [ 17970.0, 27038.0 ], [ 17970.0, 27022.0 ], [ 17970.0, 27005.0 ], [ 17970.0, 26989.0 ], [ 17954.0, 26972.0 ], [ 17954.0, 26956.0 ], [ 17954.0, 26939.0 ], [ 17954.0, 26923.0 ], [ 17954.0, 26907.0 ], [ 17938.0, 26907.0 ], [ 17921.0, 26890.0 ], [ 17921.0, 26874.0 ], [ 17921.0, 26857.0 ], [ 17921.0, 26841.0 ], [ 17938.0, 26824.0 ], [ 17954.0, 26808.0 ], [ 17954.0, 26791.0 ], [ 17970.0, 26775.0 ], [ 17970.0, 26758.0 ], [ 17987.0, 26742.0 ], [ 18003.0, 26726.0 ], [ 18003.0, 26709.0 ], [ 17987.0, 26693.0 ], [ 17970.0, 26676.0 ], [ 17970.0, 26660.0 ], [ 17954.0, 26660.0 ], [ 17938.0, 26643.0 ], [ 17954.0, 26627.0 ], [ 17970.0, 26610.0 ], [ 17970.0, 26594.0 ], [ 17970.0, 26577.0 ], [ 17970.0, 26561.0 ], [ 17970.0, 26545.0 ], [ 17987.0, 26528.0 ], [ 18003.0, 26528.0 ], [ 18020.0, 26528.0 ], [ 18020.0, 26512.0 ], [ 18036.0, 26495.0 ], [ 18053.0, 26512.0 ], [ 18069.0, 26528.0 ], [ 18086.0, 26528.0 ], [ 18086.0, 26512.0 ], [ 18102.0, 26495.0 ], [ 18119.0, 26495.0 ], [ 18135.0, 26479.0 ], [ 18151.0, 26462.0 ], [ 18168.0, 26462.0 ], [ 18184.0, 26462.0 ], [ 18184.0, 26446.0 ], [ 18201.0, 26429.0 ], [ 18201.0, 26413.0 ], [ 18201.0, 26396.0 ], [ 18217.0, 26380.0 ], [ 18234.0, 26396.0 ], [ 18250.0, 26396.0 ], [ 18267.0, 26413.0 ], [ 18283.0, 26413.0 ], [ 18300.0, 26429.0 ], [ 18316.0, 26429.0 ], [ 18333.0, 26413.0 ], [ 18333.0, 26396.0 ], [ 18349.0, 26380.0 ], [ 18365.0, 26380.0 ], [ 18382.0, 26380.0 ], [ 18382.0, 26363.0 ], [ 18382.0, 26347.0 ], [ 18382.0, 26331.0 ], [ 18382.0, 26314.0 ], [ 18382.0, 26298.0 ], [ 18382.0, 26281.0 ], [ 18382.0, 26265.0 ], [ 18382.0, 26248.0 ], [ 18382.0, 26232.0 ], [ 18398.0, 26215.0 ], [ 18415.0, 26215.0 ], [ 18431.0, 26232.0 ], [ 18431.0, 26248.0 ], [ 18448.0, 26248.0 ], [ 18448.0, 26232.0 ], [ 18464.0, 26215.0 ], [ 18464.0, 26199.0 ], [ 18448.0, 26182.0 ], [ 18448.0, 26166.0 ], [ 18464.0, 26150.0 ], [ 18464.0, 26133.0 ], [ 18481.0, 26117.0 ], [ 18497.0, 26117.0 ], [ 18514.0, 26100.0 ], [ 18530.0, 26100.0 ], [ 18546.0, 26084.0 ], [ 18563.0, 26067.0 ], [ 18579.0, 26067.0 ], [ 18596.0, 26051.0 ], [ 18612.0, 26034.0 ], [ 18612.0, 26018.0 ], [ 18612.0, 26001.0 ], [ 18629.0, 25985.0 ], [ 18629.0, 25969.0 ], [ 18629.0, 25952.0 ], [ 18629.0, 25936.0 ], [ 18629.0, 25919.0 ], [ 18612.0, 25919.0 ], [ 18596.0, 25903.0 ], [ 18579.0, 25886.0 ], [ 18563.0, 25870.0 ], [ 18546.0, 25870.0 ], [ 18530.0, 25853.0 ], [ 18530.0, 25837.0 ], [ 18546.0, 25820.0 ], [ 18563.0, 25804.0 ], [ 18563.0, 25787.0 ], [ 18563.0, 25771.0 ], [ 18579.0, 25755.0 ], [ 18579.0, 25738.0 ], [ 18596.0, 25722.0 ], [ 18612.0, 25722.0 ], [ 18629.0, 25705.0 ], [ 18629.0, 25689.0 ], [ 18645.0, 25672.0 ], [ 18662.0, 25689.0 ], [ 18678.0, 25689.0 ], [ 18695.0, 25705.0 ], [ 18711.0, 25705.0 ], [ 18727.0, 25705.0 ], [ 18744.0, 25705.0 ], [ 18760.0, 25705.0 ], [ 18777.0, 25689.0 ], [ 18777.0, 25672.0 ], [ 18793.0, 25656.0 ], [ 18793.0, 25639.0 ], [ 18793.0, 25623.0 ], [ 18793.0, 25606.0 ], [ 18810.0, 25590.0 ], [ 18810.0, 25574.0 ], [ 18810.0, 25557.0 ], [ 18810.0, 25541.0 ], [ 18793.0, 25524.0 ], [ 18793.0, 25508.0 ], [ 18793.0, 25491.0 ], [ 18777.0, 25475.0 ], [ 18793.0, 25458.0 ], [ 18810.0, 25442.0 ], [ 18810.0, 25425.0 ], [ 18826.0, 25409.0 ], [ 18843.0, 25409.0 ], [ 18859.0, 25393.0 ], [ 18859.0, 25376.0 ], [ 18859.0, 25360.0 ], [ 18859.0, 25343.0 ], [ 18876.0, 25327.0 ], [ 18892.0, 25327.0 ], [ 18892.0, 25310.0 ], [ 18876.0, 25310.0 ], [ 18859.0, 25294.0 ], [ 18876.0, 25277.0 ], [ 18892.0, 25277.0 ], [ 18908.0, 25277.0 ], [ 18925.0, 25294.0 ], [ 18941.0, 25294.0 ], [ 18958.0, 25277.0 ], [ 18974.0, 25261.0 ], [ 18991.0, 25244.0 ], [ 18991.0, 25228.0 ], [ 18991.0, 25211.0 ], [ 19007.0, 25195.0 ], [ 19024.0, 25179.0 ], [ 19040.0, 25162.0 ], [ 19057.0, 25146.0 ], [ 19057.0, 25129.0 ], [ 19073.0, 25113.0 ], [ 19090.0, 25113.0 ], [ 19106.0, 25113.0 ], [ 19122.0, 25113.0 ], [ 19139.0, 25096.0 ], [ 19155.0, 25080.0 ], [ 19155.0, 25063.0 ], [ 19155.0, 25047.0 ], [ 19155.0, 25030.0 ], [ 19172.0, 25014.0 ], [ 19172.0, 24998.0 ], [ 19188.0, 24981.0 ], [ 19205.0, 24965.0 ], [ 19205.0, 24948.0 ], [ 19205.0, 24932.0 ], [ 19205.0, 24915.0 ], [ 19205.0, 24899.0 ], [ 19221.0, 24882.0 ], [ 19221.0, 24866.0 ], [ 19205.0, 24849.0 ], [ 19188.0, 24833.0 ], [ 19172.0, 24833.0 ], [ 19155.0, 24833.0 ], [ 19139.0, 24833.0 ], [ 19122.0, 24817.0 ], [ 19139.0, 24800.0 ], [ 19155.0, 24800.0 ], [ 19155.0, 24784.0 ], [ 19155.0, 24767.0 ], [ 19155.0, 24751.0 ], [ 19172.0, 24734.0 ], [ 19188.0, 24734.0 ], [ 19205.0, 24751.0 ], [ 19221.0, 24767.0 ], [ 19221.0, 24784.0 ], [ 19221.0, 24800.0 ], [ 19238.0, 24800.0 ], [ 19254.0, 24784.0 ], [ 19254.0, 24767.0 ], [ 19271.0, 24751.0 ], [ 19287.0, 24734.0 ], [ 19303.0, 24734.0 ], [ 19320.0, 24718.0 ], [ 19336.0, 24718.0 ], [ 19336.0, 24701.0 ], [ 19336.0, 24685.0 ], [ 19320.0, 24668.0 ], [ 19320.0, 24652.0 ], [ 19320.0, 24636.0 ], [ 19336.0, 24619.0 ], [ 19353.0, 24619.0 ], [ 19369.0, 24603.0 ], [ 19369.0, 24586.0 ], [ 19386.0, 24570.0 ], [ 19402.0, 24553.0 ], [ 19402.0, 24537.0 ], [ 19386.0, 24537.0 ], [ 19369.0, 24520.0 ], [ 19369.0, 24504.0 ], [ 19369.0, 24487.0 ], [ 19386.0, 24471.0 ], [ 19402.0, 24471.0 ], [ 19402.0, 24454.0 ], [ 19402.0, 24438.0 ], [ 19419.0, 24422.0 ], [ 19419.0, 24405.0 ], [ 19419.0, 24389.0 ], [ 19435.0, 24372.0 ], [ 19435.0, 24356.0 ], [ 19452.0, 24339.0 ], [ 19468.0, 24339.0 ], [ 19468.0, 24323.0 ], [ 19468.0, 24306.0 ], [ 19484.0, 24290.0 ], [ 19484.0, 24273.0 ], [ 19468.0, 24273.0 ], [ 19452.0, 24273.0 ], [ 19435.0, 24257.0 ], [ 19419.0, 24257.0 ], [ 19419.0, 24273.0 ], [ 19419.0, 24290.0 ], [ 19419.0, 24306.0 ], [ 19402.0, 24323.0 ], [ 19386.0, 24306.0 ], [ 19386.0, 24290.0 ], [ 19369.0, 24290.0 ], [ 19353.0, 24273.0 ], [ 19353.0, 24257.0 ], [ 19353.0, 24241.0 ], [ 19369.0, 24224.0 ], [ 19386.0, 24224.0 ], [ 19402.0, 24208.0 ], [ 19419.0, 24208.0 ], [ 19435.0, 24208.0 ], [ 19452.0, 24191.0 ], [ 19468.0, 24191.0 ], [ 19468.0, 24175.0 ], [ 19484.0, 24158.0 ], [ 19501.0, 24158.0 ], [ 19517.0, 24158.0 ], [ 19534.0, 24158.0 ], [ 19550.0, 24158.0 ], [ 19567.0, 24142.0 ], [ 19583.0, 24142.0 ], [ 19600.0, 24158.0 ], [ 19616.0, 24158.0 ], [ 19633.0, 24142.0 ], [ 19649.0, 24125.0 ], [ 19649.0, 24109.0 ], [ 19633.0, 24092.0 ], [ 19649.0, 24076.0 ], [ 19666.0, 24060.0 ], [ 19682.0, 24043.0 ], [ 19682.0, 24027.0 ], [ 19666.0, 24010.0 ], [ 19666.0, 23994.0 ], [ 19666.0, 23977.0 ], [ 19666.0, 23961.0 ], [ 19682.0, 23944.0 ], [ 19698.0, 23944.0 ], [ 19715.0, 23928.0 ], [ 19731.0, 23928.0 ], [ 19748.0, 23911.0 ], [ 19764.0, 23895.0 ], [ 19781.0, 23878.0 ], [ 19797.0, 23878.0 ], [ 19814.0, 23862.0 ], [ 19830.0, 23878.0 ], [ 19847.0, 23878.0 ], [ 19863.0, 23878.0 ], [ 19879.0, 23878.0 ], [ 19863.0, 23862.0 ], [ 19863.0, 23846.0 ], [ 19863.0, 23829.0 ], [ 19847.0, 23829.0 ], [ 19830.0, 23829.0 ], [ 19814.0, 23813.0 ], [ 19830.0, 23796.0 ], [ 19847.0, 23780.0 ], [ 19863.0, 23763.0 ], [ 19879.0, 23747.0 ], [ 19879.0, 23730.0 ], [ 19896.0, 23714.0 ], [ 19912.0, 23697.0 ], [ 19929.0, 23681.0 ], [ 19945.0, 23665.0 ], [ 19962.0, 23648.0 ], [ 19978.0, 23632.0 ], [ 19978.0, 23615.0 ], [ 19995.0, 23599.0 ], [ 20011.0, 23582.0 ], [ 20028.0, 23566.0 ], [ 20028.0, 23549.0 ], [ 20044.0, 23533.0 ], [ 20060.0, 23533.0 ], [ 20060.0, 23516.0 ], [ 20077.0, 23500.0 ], [ 20077.0, 23484.0 ], [ 20077.0, 23467.0 ], [ 20077.0, 23451.0 ], [ 20077.0, 23434.0 ], [ 20060.0, 23418.0 ], [ 20077.0, 23401.0 ], [ 20077.0, 23385.0 ], [ 20077.0, 23368.0 ], [ 20077.0, 23352.0 ], [ 20093.0, 23335.0 ], [ 20110.0, 23352.0 ], [ 20126.0, 23352.0 ], [ 20143.0, 23352.0 ], [ 20159.0, 23352.0 ], [ 20176.0, 23352.0 ], [ 20192.0, 23352.0 ], [ 20209.0, 23335.0 ], [ 20209.0, 23319.0 ], [ 20209.0, 23302.0 ], [ 20192.0, 23286.0 ], [ 20176.0, 23270.0 ], [ 20176.0, 23253.0 ], [ 20159.0, 23253.0 ], [ 20143.0, 23237.0 ], [ 20143.0, 23220.0 ], [ 20143.0, 23204.0 ], [ 20159.0, 23187.0 ], [ 20176.0, 23187.0 ], [ 20192.0, 23171.0 ], [ 20192.0, 23154.0 ], [ 20192.0, 23138.0 ], [ 20192.0, 23121.0 ], [ 20192.0, 23105.0 ], [ 20209.0, 23089.0 ], [ 20225.0, 23089.0 ], [ 20242.0, 23089.0 ], [ 20258.0, 23089.0 ], [ 20274.0, 23089.0 ], [ 20291.0, 23072.0 ], [ 20307.0, 23056.0 ], [ 20324.0, 23039.0 ], [ 20340.0, 23023.0 ], [ 20357.0, 23039.0 ], [ 20357.0, 23056.0 ], [ 20357.0, 23072.0 ], [ 20373.0, 23072.0 ], [ 20390.0, 23072.0 ], [ 20390.0, 23056.0 ], [ 20390.0, 23039.0 ], [ 20390.0, 23023.0 ], [ 20390.0, 23006.0 ], [ 20390.0, 22990.0 ], [ 20406.0, 22973.0 ], [ 20423.0, 22973.0 ], [ 20439.0, 22973.0 ], [ 20455.0, 22990.0 ], [ 20472.0, 23006.0 ], [ 20488.0, 23023.0 ], [ 20505.0, 23023.0 ], [ 20521.0, 23023.0 ], [ 20538.0, 23039.0 ], [ 20554.0, 23039.0 ], [ 20571.0, 23039.0 ], [ 20587.0, 23023.0 ], [ 20604.0, 23023.0 ], [ 20604.0, 23006.0 ], [ 20620.0, 22990.0 ], [ 20620.0, 22973.0 ], [ 20636.0, 22957.0 ], [ 20636.0, 22940.0 ], [ 20636.0, 22924.0 ], [ 20636.0, 22908.0 ], [ 20636.0, 22891.0 ], [ 20620.0, 22891.0 ], [ 20604.0, 22875.0 ], [ 20604.0, 22858.0 ], [ 20604.0, 22842.0 ], [ 20587.0, 22842.0 ], [ 20571.0, 22842.0 ], [ 20554.0, 22825.0 ], [ 20554.0, 22809.0 ], [ 20554.0, 22792.0 ], [ 20538.0, 22776.0 ], [ 20521.0, 22776.0 ], [ 20505.0, 22776.0 ], [ 20488.0, 22759.0 ], [ 20488.0, 22743.0 ], [ 20505.0, 22726.0 ], [ 20521.0, 22710.0 ], [ 20521.0, 22694.0 ], [ 20538.0, 22677.0 ], [ 20554.0, 22661.0 ], [ 20554.0, 22644.0 ], [ 20571.0, 22628.0 ], [ 20571.0, 22611.0 ], [ 20587.0, 22595.0 ], [ 20587.0, 22578.0 ], [ 20587.0, 22562.0 ], [ 20587.0, 22545.0 ], [ 20604.0, 22529.0 ], [ 20604.0, 22513.0 ], [ 20620.0, 22496.0 ], [ 20620.0, 22480.0 ], [ 20636.0, 22463.0 ], [ 20653.0, 22463.0 ], [ 20669.0, 22447.0 ], [ 20686.0, 22430.0 ], [ 20686.0, 22414.0 ], [ 20686.0, 22397.0 ], [ 20686.0, 22381.0 ], [ 20686.0, 22364.0 ], [ 20686.0, 22348.0 ], [ 20702.0, 22332.0 ], [ 20686.0, 22315.0 ], [ 20686.0, 22299.0 ], [ 20686.0, 22282.0 ], [ 20702.0, 22266.0 ], [ 20702.0, 22249.0 ], [ 20719.0, 22233.0 ], [ 20735.0, 22216.0 ], [ 20752.0, 22200.0 ], [ 20752.0, 22183.0 ], [ 20735.0, 22183.0 ], [ 20719.0, 22167.0 ], [ 20719.0, 22151.0 ], [ 20719.0, 22134.0 ], [ 20719.0, 22118.0 ], [ 20719.0, 22101.0 ], [ 20719.0, 22085.0 ], [ 20719.0, 22068.0 ], [ 20719.0, 22052.0 ], [ 20719.0, 22035.0 ], [ 20702.0, 22019.0 ], [ 20686.0, 22002.0 ], [ 20702.0, 21986.0 ], [ 20719.0, 21986.0 ], [ 20735.0, 21969.0 ], [ 20752.0, 21953.0 ], [ 20768.0, 21937.0 ], [ 20768.0, 21920.0 ], [ 20768.0, 21904.0 ], [ 20785.0, 21887.0 ], [ 20785.0, 21871.0 ], [ 20785.0, 21854.0 ], [ 20785.0, 21838.0 ], [ 20785.0, 21821.0 ], [ 20785.0, 21805.0 ], [ 20785.0, 21788.0 ], [ 20768.0, 21772.0 ], [ 20768.0, 21756.0 ], [ 20768.0, 21739.0 ], [ 20785.0, 21723.0 ], [ 20801.0, 21706.0 ], [ 20801.0, 21690.0 ], [ 20801.0, 21673.0 ], [ 20817.0, 21657.0 ], [ 20834.0, 21640.0 ], [ 20850.0, 21657.0 ], [ 20850.0, 21673.0 ], [ 20850.0, 21690.0 ], [ 20850.0, 21706.0 ], [ 20850.0, 21723.0 ], [ 20867.0, 21739.0 ], [ 20850.0, 21756.0 ], [ 20850.0, 21772.0 ], [ 20834.0, 21788.0 ], [ 20817.0, 21805.0 ], [ 20817.0, 21821.0 ], [ 20817.0, 21838.0 ], [ 20817.0, 21854.0 ], [ 20817.0, 21871.0 ], [ 20817.0, 21887.0 ], [ 20834.0, 21887.0 ], [ 20834.0, 21871.0 ], [ 20834.0, 21854.0 ], [ 20834.0, 21838.0 ], [ 20850.0, 21821.0 ], [ 20867.0, 21805.0 ], [ 20883.0, 21788.0 ], [ 20900.0, 21772.0 ], [ 20900.0, 21756.0 ], [ 20916.0, 21739.0 ], [ 20916.0, 21723.0 ], [ 20933.0, 21706.0 ], [ 20949.0, 21690.0 ], [ 20966.0, 21690.0 ], [ 20982.0, 21690.0 ], [ 20982.0, 21673.0 ], [ 20999.0, 21657.0 ], [ 21015.0, 21640.0 ], [ 21031.0, 21640.0 ], [ 21048.0, 21624.0 ], [ 21048.0, 21607.0 ], [ 21048.0, 21591.0 ], [ 21048.0, 21575.0 ], [ 21064.0, 21558.0 ], [ 21064.0, 21542.0 ], [ 21064.0, 21525.0 ], [ 21064.0, 21509.0 ], [ 21064.0, 21492.0 ], [ 21064.0, 21476.0 ], [ 21081.0, 21459.0 ], [ 21081.0, 21443.0 ], [ 21081.0, 21426.0 ], [ 21064.0, 21410.0 ], [ 21064.0, 21393.0 ], [ 21064.0, 21377.0 ], [ 21064.0, 21361.0 ], [ 21064.0, 21344.0 ], [ 21064.0, 21328.0 ], [ 21064.0, 21311.0 ], [ 21064.0, 21295.0 ], [ 21048.0, 21278.0 ], [ 21048.0, 21262.0 ], [ 21048.0, 21245.0 ], [ 21031.0, 21229.0 ], [ 21031.0, 21212.0 ], [ 21031.0, 21196.0 ], [ 21015.0, 21180.0 ], [ 20999.0, 21163.0 ], [ 20999.0, 21147.0 ], [ 20982.0, 21130.0 ], [ 20966.0, 21114.0 ], [ 20949.0, 21114.0 ], [ 20933.0, 21114.0 ], [ 20916.0, 21097.0 ], [ 20900.0, 21081.0 ], [ 20883.0, 21064.0 ], [ 20867.0, 21048.0 ], [ 20850.0, 21031.0 ], [ 20834.0, 21015.0 ], [ 20817.0, 20999.0 ], [ 20801.0, 20999.0 ], [ 20785.0, 20982.0 ], [ 20768.0, 20966.0 ], [ 20752.0, 20966.0 ], [ 20735.0, 20949.0 ], [ 20719.0, 20933.0 ], [ 20702.0, 20916.0 ], [ 20686.0, 20900.0 ], [ 20669.0, 20883.0 ], [ 20653.0, 20867.0 ], [ 20636.0, 20850.0 ], [ 20620.0, 20834.0 ], [ 20604.0, 20817.0 ], [ 20587.0, 20801.0 ], [ 20571.0, 20785.0 ], [ 20554.0, 20768.0 ], [ 20538.0, 20752.0 ], [ 20521.0, 20752.0 ], [ 20505.0, 20735.0 ], [ 20488.0, 20719.0 ], [ 20488.0, 20702.0 ], [ 20505.0, 20686.0 ], [ 20505.0, 20669.0 ], [ 20521.0, 20653.0 ], [ 20521.0, 20636.0 ], [ 20538.0, 20620.0 ], [ 20538.0, 20604.0 ], [ 20521.0, 20587.0 ], [ 20521.0, 20571.0 ], [ 20505.0, 20554.0 ], [ 20505.0, 20538.0 ], [ 20488.0, 20521.0 ], [ 20472.0, 20521.0 ], [ 20472.0, 20538.0 ], [ 20455.0, 20554.0 ], [ 20439.0, 20554.0 ], [ 20423.0, 20554.0 ], [ 20406.0, 20554.0 ], [ 20390.0, 20554.0 ], [ 20373.0, 20554.0 ], [ 20357.0, 20554.0 ], [ 20340.0, 20554.0 ], [ 20324.0, 20554.0 ], [ 20307.0, 20554.0 ], [ 20291.0, 20554.0 ], [ 20274.0, 20554.0 ], [ 20258.0, 20554.0 ], [ 20242.0, 20538.0 ], [ 20225.0, 20521.0 ], [ 20209.0, 20521.0 ], [ 20192.0, 20505.0 ], [ 20176.0, 20505.0 ], [ 20159.0, 20505.0 ], [ 20143.0, 20505.0 ], [ 20126.0, 20488.0 ], [ 20110.0, 20488.0 ], [ 20093.0, 20488.0 ], [ 20077.0, 20488.0 ], [ 20060.0, 20488.0 ], [ 20044.0, 20488.0 ], [ 20028.0, 20488.0 ], [ 20011.0, 20488.0 ], [ 19995.0, 20488.0 ], [ 19978.0, 20505.0 ], [ 19962.0, 20505.0 ], [ 19945.0, 20505.0 ], [ 19929.0, 20488.0 ], [ 19912.0, 20488.0 ], [ 19896.0, 20488.0 ], [ 19879.0, 20472.0 ], [ 19863.0, 20455.0 ], [ 19847.0, 20455.0 ], [ 19830.0, 20455.0 ], [ 19814.0, 20439.0 ], [ 19797.0, 20439.0 ], [ 19781.0, 20439.0 ], [ 19764.0, 20439.0 ], [ 19748.0, 20439.0 ], [ 19731.0, 20423.0 ], [ 19715.0, 20406.0 ], [ 19698.0, 20390.0 ], [ 19698.0, 20373.0 ], [ 19682.0, 20373.0 ], [ 19666.0, 20373.0 ], [ 19649.0, 20373.0 ], [ 19633.0, 20357.0 ], [ 19616.0, 20340.0 ], [ 19600.0, 20340.0 ], [ 19583.0, 20340.0 ], [ 19567.0, 20340.0 ], [ 19550.0, 20357.0 ], [ 19534.0, 20340.0 ], [ 19517.0, 20324.0 ], [ 19501.0, 20324.0 ], [ 19484.0, 20307.0 ], [ 19468.0, 20307.0 ], [ 19452.0, 20324.0 ], [ 19435.0, 20324.0 ], [ 19435.0, 20340.0 ], [ 19435.0, 20357.0 ], [ 19435.0, 20373.0 ], [ 19452.0, 20390.0 ], [ 19452.0, 20406.0 ], [ 19468.0, 20423.0 ], [ 19452.0, 20439.0 ], [ 19435.0, 20439.0 ], [ 19419.0, 20423.0 ], [ 19419.0, 20406.0 ], [ 19402.0, 20390.0 ], [ 19402.0, 20373.0 ], [ 19402.0, 20357.0 ], [ 19402.0, 20340.0 ], [ 19386.0, 20324.0 ], [ 19369.0, 20324.0 ], [ 19353.0, 20324.0 ], [ 19336.0, 20324.0 ], [ 19320.0, 20324.0 ], [ 19303.0, 20340.0 ], [ 19287.0, 20340.0 ], [ 19271.0, 20340.0 ], [ 19254.0, 20324.0 ], [ 19238.0, 20324.0 ], [ 19221.0, 20324.0 ], [ 19205.0, 20340.0 ], [ 19188.0, 20340.0 ], [ 19172.0, 20324.0 ], [ 19155.0, 20307.0 ], [ 19139.0, 20291.0 ], [ 19122.0, 20291.0 ], [ 19106.0, 20291.0 ], [ 19090.0, 20274.0 ], [ 19073.0, 20274.0 ], [ 19057.0, 20274.0 ], [ 19040.0, 20258.0 ], [ 19024.0, 20258.0 ], [ 19007.0, 20258.0 ], [ 18991.0, 20258.0 ], [ 18974.0, 20258.0 ], [ 18958.0, 20258.0 ], [ 18941.0, 20258.0 ], [ 18925.0, 20274.0 ], [ 18908.0, 20274.0 ], [ 18892.0, 20258.0 ], [ 18876.0, 20258.0 ], [ 18859.0, 20258.0 ], [ 18843.0, 20242.0 ], [ 18826.0, 20242.0 ], [ 18810.0, 20258.0 ], [ 18793.0, 20274.0 ], [ 18777.0, 20274.0 ], [ 18760.0, 20274.0 ], [ 18760.0, 20291.0 ], [ 18744.0, 20307.0 ], [ 18727.0, 20307.0 ], [ 18711.0, 20307.0 ], [ 18695.0, 20291.0 ], [ 18678.0, 20291.0 ], [ 18662.0, 20274.0 ], [ 18645.0, 20274.0 ], [ 18629.0, 20258.0 ], [ 18612.0, 20258.0 ], [ 18596.0, 20258.0 ], [ 18579.0, 20258.0 ], [ 18563.0, 20258.0 ], [ 18546.0, 20258.0 ], [ 18530.0, 20258.0 ], [ 18514.0, 20258.0 ], [ 18497.0, 20258.0 ], [ 18481.0, 20258.0 ], [ 18464.0, 20258.0 ], [ 18448.0, 20274.0 ], [ 18431.0, 20274.0 ], [ 18415.0, 20274.0 ], [ 18398.0, 20274.0 ], [ 18382.0, 20274.0 ], [ 18365.0, 20291.0 ], [ 18349.0, 20291.0 ], [ 18333.0, 20291.0 ], [ 18316.0, 20307.0 ], [ 18300.0, 20324.0 ], [ 18283.0, 20324.0 ], [ 18267.0, 20307.0 ], [ 18267.0, 20291.0 ], [ 18250.0, 20291.0 ], [ 18234.0, 20274.0 ], [ 18217.0, 20274.0 ], [ 18201.0, 20274.0 ], [ 18184.0, 20258.0 ], [ 18168.0, 20258.0 ], [ 18151.0, 20258.0 ], [ 18135.0, 20258.0 ], [ 18119.0, 20274.0 ], [ 18119.0, 20291.0 ], [ 18102.0, 20307.0 ], [ 18086.0, 20307.0 ], [ 18069.0, 20307.0 ], [ 18053.0, 20307.0 ], [ 18036.0, 20307.0 ], [ 18020.0, 20307.0 ], [ 18003.0, 20324.0 ], [ 17987.0, 20307.0 ], [ 17987.0, 20291.0 ], [ 17970.0, 20291.0 ], [ 17970.0, 20307.0 ], [ 17954.0, 20324.0 ], [ 17938.0, 20324.0 ], [ 17921.0, 20324.0 ], [ 17905.0, 20324.0 ], [ 17888.0, 20324.0 ], [ 17872.0, 20340.0 ], [ 17855.0, 20357.0 ], [ 17839.0, 20357.0 ], [ 17822.0, 20373.0 ], [ 17806.0, 20357.0 ], [ 17806.0, 20340.0 ], [ 17806.0, 20324.0 ], [ 17789.0, 20324.0 ], [ 17773.0, 20324.0 ], [ 17757.0, 20307.0 ], [ 17740.0, 20307.0 ], [ 17724.0, 20307.0 ], [ 17707.0, 20307.0 ], [ 17691.0, 20291.0 ], [ 17674.0, 20291.0 ], [ 17658.0, 20291.0 ], [ 17641.0, 20274.0 ], [ 17625.0, 20274.0 ], [ 17608.0, 20274.0 ], [ 17592.0, 20274.0 ], [ 17575.0, 20274.0 ], [ 17559.0, 20274.0 ], [ 17543.0, 20274.0 ], [ 17526.0, 20274.0 ], [ 17510.0, 20274.0 ], [ 17493.0, 20274.0 ], [ 17477.0, 20274.0 ], [ 17460.0, 20274.0 ], [ 17444.0, 20291.0 ], [ 17427.0, 20307.0 ], [ 17411.0, 20307.0 ], [ 17394.0, 20307.0 ], [ 17378.0, 20307.0 ], [ 17362.0, 20324.0 ], [ 17345.0, 20324.0 ], [ 17329.0, 20340.0 ], [ 17312.0, 20340.0 ], [ 17296.0, 20357.0 ], [ 17279.0, 20357.0 ], [ 17263.0, 20373.0 ], [ 17246.0, 20373.0 ], [ 17230.0, 20390.0 ], [ 17213.0, 20406.0 ], [ 17197.0, 20406.0 ], [ 17181.0, 20406.0 ], [ 17164.0, 20423.0 ], [ 17148.0, 20439.0 ], [ 17131.0, 20455.0 ], [ 17115.0, 20455.0 ], [ 17098.0, 20455.0 ], [ 17098.0, 20472.0 ], [ 17082.0, 20488.0 ], [ 17065.0, 20488.0 ], [ 17065.0, 20505.0 ], [ 17065.0, 20521.0 ], [ 17065.0, 20538.0 ], [ 17065.0, 20554.0 ], [ 17065.0, 20571.0 ], [ 17049.0, 20587.0 ], [ 17032.0, 20587.0 ], [ 17016.0, 20571.0 ], [ 16999.0, 20571.0 ], [ 16983.0, 20571.0 ], [ 16983.0, 20587.0 ], [ 16967.0, 20604.0 ], [ 16950.0, 20604.0 ], [ 16934.0, 20604.0 ], [ 16917.0, 20620.0 ], [ 16901.0, 20620.0 ], [ 16884.0, 20636.0 ], [ 16868.0, 20636.0 ], [ 16851.0, 20636.0 ], [ 16835.0, 20636.0 ], [ 16818.0, 20636.0 ], [ 16802.0, 20653.0 ], [ 16786.0, 20653.0 ], [ 16769.0, 20669.0 ], [ 16753.0, 20686.0 ], [ 16736.0, 20686.0 ], [ 16720.0, 20702.0 ], [ 16720.0, 20719.0 ], [ 16703.0, 20735.0 ], [ 16687.0, 20735.0 ], [ 16670.0, 20719.0 ], [ 16654.0, 20719.0 ], [ 16637.0, 20702.0 ], [ 16621.0, 20702.0 ], [ 16605.0, 20719.0 ], [ 16588.0, 20702.0 ], [ 16572.0, 20702.0 ], [ 16555.0, 20702.0 ], [ 16555.0, 20719.0 ], [ 16539.0, 20735.0 ], [ 16522.0, 20735.0 ], [ 16506.0, 20752.0 ], [ 16489.0, 20768.0 ], [ 16473.0, 20785.0 ], [ 16456.0, 20785.0 ], [ 16456.0, 20801.0 ], [ 16440.0, 20817.0 ], [ 16424.0, 20817.0 ], [ 16407.0, 20817.0 ], [ 16391.0, 20834.0 ], [ 16374.0, 20834.0 ], [ 16358.0, 20850.0 ], [ 16341.0, 20867.0 ], [ 16325.0, 20867.0 ], [ 16308.0, 20883.0 ], [ 16292.0, 20900.0 ], [ 16275.0, 20900.0 ], [ 16259.0, 20916.0 ], [ 16242.0, 20916.0 ], [ 16226.0, 20933.0 ], [ 16210.0, 20933.0 ], [ 16193.0, 20949.0 ], [ 16177.0, 20966.0 ], [ 16160.0, 20966.0 ], [ 16144.0, 20982.0 ], [ 16127.0, 20999.0 ], [ 16111.0, 20999.0 ], [ 16094.0, 20999.0 ], [ 16078.0, 21015.0 ], [ 16078.0, 21031.0 ], [ 16061.0, 21048.0 ], [ 16045.0, 21048.0 ], [ 16029.0, 21064.0 ], [ 16012.0, 21081.0 ], [ 15996.0, 21097.0 ], [ 15979.0, 21114.0 ], [ 15963.0, 21114.0 ], [ 15946.0, 21114.0 ], [ 15946.0, 21130.0 ], [ 15930.0, 21147.0 ], [ 15913.0, 21163.0 ], [ 15897.0, 21180.0 ], [ 15880.0, 21196.0 ], [ 15864.0, 21196.0 ], [ 15848.0, 21212.0 ], [ 15831.0, 21229.0 ], [ 15815.0, 21245.0 ], [ 15815.0, 21262.0 ], [ 15798.0, 21278.0 ], [ 15782.0, 21278.0 ], [ 15765.0, 21295.0 ], [ 15749.0, 21311.0 ], [ 15732.0, 21328.0 ], [ 15716.0, 21328.0 ], [ 15699.0, 21344.0 ], [ 15699.0, 21361.0 ], [ 15699.0, 21377.0 ], [ 15683.0, 21393.0 ], [ 15666.0, 21393.0 ], [ 15650.0, 21393.0 ], [ 15634.0, 21410.0 ], [ 15617.0, 21426.0 ], [ 15601.0, 21443.0 ], [ 15584.0, 21459.0 ], [ 15568.0, 21476.0 ], [ 15551.0, 21492.0 ], [ 15535.0, 21509.0 ], [ 15535.0, 21525.0 ], [ 15535.0, 21542.0 ], [ 15535.0, 21558.0 ], [ 15535.0, 21575.0 ], [ 15518.0, 21591.0 ], [ 15502.0, 21607.0 ], [ 15485.0, 21591.0 ], [ 15469.0, 21591.0 ], [ 15453.0, 21591.0 ], [ 15436.0, 21607.0 ], [ 15420.0, 21624.0 ], [ 15403.0, 21640.0 ], [ 15387.0, 21657.0 ], [ 15370.0, 21673.0 ], [ 15354.0, 21690.0 ], [ 15337.0, 21706.0 ], [ 15337.0, 21723.0 ], [ 15321.0, 21739.0 ], [ 15304.0, 21739.0 ], [ 15304.0, 21756.0 ], [ 15288.0, 21772.0 ], [ 15272.0, 21788.0 ], [ 15255.0, 21805.0 ], [ 15255.0, 21821.0 ], [ 15255.0, 21838.0 ], [ 15239.0, 21854.0 ], [ 15239.0, 21871.0 ], [ 15239.0, 21887.0 ], [ 15222.0, 21904.0 ], [ 15222.0, 21920.0 ], [ 15206.0, 21937.0 ], [ 15206.0, 21953.0 ], [ 15189.0, 21969.0 ], [ 15173.0, 21969.0 ], [ 15173.0, 21986.0 ], [ 15156.0, 22002.0 ], [ 15156.0, 22019.0 ], [ 15140.0, 22035.0 ], [ 15123.0, 22052.0 ], [ 15107.0, 22068.0 ], [ 15107.0, 22085.0 ], [ 15090.0, 22101.0 ], [ 15090.0, 22118.0 ], [ 15074.0, 22134.0 ], [ 15074.0, 22151.0 ], [ 15058.0, 22167.0 ], [ 15058.0, 22183.0 ], [ 15041.0, 22200.0 ], [ 15025.0, 22216.0 ], [ 15008.0, 22233.0 ], [ 14992.0, 22233.0 ], [ 14975.0, 22249.0 ], [ 14959.0, 22266.0 ], [ 14942.0, 22266.0 ], [ 14926.0, 22282.0 ], [ 14909.0, 22299.0 ], [ 14893.0, 22315.0 ], [ 14877.0, 22332.0 ], [ 14860.0, 22348.0 ], [ 14844.0, 22364.0 ], [ 14827.0, 22364.0 ], [ 14811.0, 22381.0 ], [ 14794.0, 22397.0 ], [ 14778.0, 22414.0 ], [ 14761.0, 22430.0 ], [ 14745.0, 22430.0 ], [ 14728.0, 22447.0 ], [ 14712.0, 22447.0 ], [ 14696.0, 22463.0 ], [ 14696.0, 22480.0 ], [ 14712.0, 22496.0 ], [ 14696.0, 22513.0 ], [ 14679.0, 22529.0 ], [ 14663.0, 22545.0 ], [ 14663.0, 22562.0 ], [ 14646.0, 22578.0 ], [ 14646.0, 22595.0 ], [ 14630.0, 22611.0 ], [ 14613.0, 22628.0 ], [ 14597.0, 22644.0 ], [ 14580.0, 22644.0 ], [ 14580.0, 22661.0 ], [ 14580.0, 22677.0 ], [ 14564.0, 22694.0 ], [ 14547.0, 22694.0 ], [ 14531.0, 22710.0 ], [ 14514.0, 22726.0 ], [ 14498.0, 22743.0 ], [ 14482.0, 22726.0 ], [ 14465.0, 22726.0 ], [ 14449.0, 22726.0 ], [ 14432.0, 22743.0 ], [ 14432.0, 22759.0 ], [ 14432.0, 22776.0 ], [ 14416.0, 22792.0 ], [ 14416.0, 22809.0 ], [ 14416.0, 22825.0 ], [ 14399.0, 22842.0 ], [ 14399.0, 22858.0 ], [ 14383.0, 22875.0 ], [ 14383.0, 22891.0 ], [ 14366.0, 22908.0 ], [ 14366.0, 22924.0 ], [ 14350.0, 22940.0 ], [ 14333.0, 22940.0 ], [ 14333.0, 22957.0 ], [ 14317.0, 22973.0 ], [ 14301.0, 22990.0 ], [ 14284.0, 22973.0 ], [ 14284.0, 22990.0 ], [ 14268.0, 23006.0 ], [ 14251.0, 23023.0 ], [ 14251.0, 23039.0 ], [ 14251.0, 23056.0 ], [ 14251.0, 23072.0 ], [ 14235.0, 23089.0 ], [ 14235.0, 23105.0 ], [ 14218.0, 23121.0 ], [ 14218.0, 23138.0 ], [ 14202.0, 23154.0 ], [ 14202.0, 23171.0 ], [ 14202.0, 23187.0 ], [ 14185.0, 23204.0 ], [ 14169.0, 23220.0 ], [ 14169.0, 23237.0 ], [ 14152.0, 23253.0 ], [ 14136.0, 23270.0 ], [ 14120.0, 23286.0 ], [ 14103.0, 23302.0 ], [ 14087.0, 23319.0 ], [ 14070.0, 23319.0 ], [ 14054.0, 23335.0 ], [ 14037.0, 23352.0 ], [ 14021.0, 23368.0 ], [ 14004.0, 23385.0 ], [ 13988.0, 23401.0 ], [ 13971.0, 23418.0 ], [ 13955.0, 23434.0 ], [ 13939.0, 23451.0 ], [ 13922.0, 23467.0 ], [ 13906.0, 23484.0 ], [ 13906.0, 23500.0 ], [ 13889.0, 23516.0 ], [ 13873.0, 23533.0 ], [ 13856.0, 23549.0 ], [ 13840.0, 23566.0 ], [ 13823.0, 23582.0 ], [ 13807.0, 23599.0 ], [ 13790.0, 23599.0 ], [ 13774.0, 23599.0 ], [ 13757.0, 23615.0 ], [ 13757.0, 23632.0 ], [ 13741.0, 23648.0 ], [ 13725.0, 23632.0 ], [ 13725.0, 23615.0 ], [ 13725.0, 23599.0 ], [ 13708.0, 23615.0 ], [ 13692.0, 23632.0 ], [ 13692.0, 23648.0 ], [ 13692.0, 23665.0 ], [ 13692.0, 23681.0 ], [ 13708.0, 23697.0 ], [ 13692.0, 23714.0 ], [ 13675.0, 23730.0 ], [ 13675.0, 23747.0 ], [ 13659.0, 23763.0 ], [ 13642.0, 23780.0 ], [ 13626.0, 23796.0 ], [ 13609.0, 23813.0 ], [ 13593.0, 23829.0 ], [ 13593.0, 23846.0 ], [ 13593.0, 23862.0 ], [ 13609.0, 23878.0 ], [ 13593.0, 23895.0 ], [ 13576.0, 23911.0 ], [ 13560.0, 23928.0 ], [ 13544.0, 23928.0 ], [ 13527.0, 23928.0 ], [ 13511.0, 23944.0 ], [ 13494.0, 23928.0 ], [ 13478.0, 23928.0 ], [ 13461.0, 23944.0 ], [ 13445.0, 23961.0 ], [ 13445.0, 23977.0 ], [ 13428.0, 23994.0 ], [ 13412.0, 24010.0 ], [ 13395.0, 24027.0 ], [ 13379.0, 24043.0 ], [ 13363.0, 24060.0 ], [ 13363.0, 24076.0 ], [ 13346.0, 24092.0 ], [ 13330.0, 24109.0 ], [ 13330.0, 24125.0 ], [ 13313.0, 24142.0 ], [ 13313.0, 24158.0 ], [ 13297.0, 24175.0 ], [ 13297.0, 24191.0 ], [ 13280.0, 24208.0 ], [ 13280.0, 24224.0 ], [ 13280.0, 24241.0 ], [ 13280.0, 24257.0 ], [ 13280.0, 24273.0 ], [ 13280.0, 24290.0 ], [ 13264.0, 24306.0 ], [ 13264.0, 24323.0 ], [ 13264.0, 24339.0 ], [ 13264.0, 24356.0 ], [ 13264.0, 24372.0 ], [ 13264.0, 24389.0 ], [ 13247.0, 24405.0 ], [ 13247.0, 24422.0 ], [ 13247.0, 24438.0 ], [ 13247.0, 24454.0 ], [ 13247.0, 24471.0 ], [ 13247.0, 24487.0 ], [ 13247.0, 24504.0 ], [ 13247.0, 24520.0 ], [ 13247.0, 24537.0 ], [ 13231.0, 24553.0 ], [ 13214.0, 24570.0 ], [ 13214.0, 24586.0 ], [ 13231.0, 24603.0 ], [ 13214.0, 24619.0 ], [ 13198.0, 24636.0 ], [ 13181.0, 24652.0 ], [ 13165.0, 24668.0 ], [ 13149.0, 24668.0 ], [ 13132.0, 24668.0 ], [ 13116.0, 24668.0 ], [ 13099.0, 24668.0 ], [ 13083.0, 24685.0 ], [ 13066.0, 24685.0 ], [ 13066.0, 24701.0 ], [ 13083.0, 24701.0 ], [ 13099.0, 24718.0 ], [ 13083.0, 24734.0 ], [ 13066.0, 24751.0 ], [ 13050.0, 24751.0 ], [ 13033.0, 24767.0 ], [ 13017.0, 24784.0 ], [ 13000.0, 24767.0 ], [ 12984.0, 24767.0 ], [ 12968.0, 24784.0 ], [ 12951.0, 24800.0 ], [ 12951.0, 24817.0 ], [ 12935.0, 24833.0 ], [ 12918.0, 24833.0 ], [ 12918.0, 24849.0 ], [ 12918.0, 24866.0 ], [ 12902.0, 24882.0 ], [ 12885.0, 24899.0 ], [ 12869.0, 24915.0 ], [ 12869.0, 24932.0 ], [ 12852.0, 24948.0 ], [ 12852.0, 24965.0 ], [ 12836.0, 24981.0 ], [ 12836.0, 24998.0 ], [ 12819.0, 25014.0 ], [ 12819.0, 25030.0 ], [ 12803.0, 25047.0 ], [ 12803.0, 25063.0 ], [ 12803.0, 25080.0 ], [ 12787.0, 25096.0 ], [ 12787.0, 25113.0 ], [ 12770.0, 25129.0 ], [ 12770.0, 25146.0 ], [ 12770.0, 25162.0 ], [ 12754.0, 25179.0 ], [ 12754.0, 25195.0 ], [ 12754.0, 25211.0 ], [ 12737.0, 25228.0 ], [ 12737.0, 25244.0 ], [ 12721.0, 25261.0 ], [ 12721.0, 25277.0 ], [ 12721.0, 25294.0 ], [ 12704.0, 25310.0 ], [ 12704.0, 25327.0 ], [ 12688.0, 25343.0 ], [ 12671.0, 25360.0 ], [ 12671.0, 25376.0 ], [ 12655.0, 25393.0 ], [ 12655.0, 25409.0 ], [ 12638.0, 25425.0 ], [ 12638.0, 25442.0 ], [ 12622.0, 25458.0 ], [ 12605.0, 25475.0 ], [ 12605.0, 25491.0 ], [ 12589.0, 25508.0 ], [ 12589.0, 25524.0 ], [ 12589.0, 25541.0 ], [ 12589.0, 25557.0 ], [ 12573.0, 25574.0 ], [ 12556.0, 25574.0 ], [ 12556.0, 25590.0 ], [ 12556.0, 25606.0 ], [ 12556.0, 25623.0 ], [ 12540.0, 25639.0 ], [ 12523.0, 25656.0 ], [ 12523.0, 25672.0 ], [ 12523.0, 25689.0 ], [ 12507.0, 25705.0 ], [ 12490.0, 25722.0 ], [ 12490.0, 25738.0 ], [ 12474.0, 25755.0 ], [ 12457.0, 25755.0 ], [ 12441.0, 25755.0 ], [ 12441.0, 25771.0 ], [ 12441.0, 25787.0 ], [ 12424.0, 25804.0 ], [ 12408.0, 25804.0 ], [ 12392.0, 25820.0 ], [ 12392.0, 25837.0 ], [ 12375.0, 25853.0 ], [ 12375.0, 25870.0 ], [ 12359.0, 25886.0 ], [ 12359.0, 25903.0 ], [ 12342.0, 25919.0 ], [ 12342.0, 25936.0 ], [ 12326.0, 25952.0 ], [ 12326.0, 25969.0 ], [ 12309.0, 25985.0 ], [ 12309.0, 26001.0 ], [ 12293.0, 26018.0 ], [ 12276.0, 26034.0 ], [ 12276.0, 26051.0 ], [ 12260.0, 26067.0 ], [ 12243.0, 26084.0 ], [ 12227.0, 26100.0 ], [ 12211.0, 26117.0 ], [ 12211.0, 26133.0 ], [ 12194.0, 26150.0 ], [ 12194.0, 26166.0 ], [ 12194.0, 26182.0 ], [ 12178.0, 26199.0 ], [ 12178.0, 26215.0 ], [ 12178.0, 26232.0 ], [ 12161.0, 26248.0 ], [ 12161.0, 26265.0 ], [ 12161.0, 26281.0 ], [ 12145.0, 26298.0 ], [ 12145.0, 26314.0 ], [ 12145.0, 26331.0 ], [ 12145.0, 26347.0 ], [ 12145.0, 26363.0 ], [ 12145.0, 26380.0 ], [ 12128.0, 26396.0 ], [ 12128.0, 26413.0 ], [ 12128.0, 26429.0 ], [ 12128.0, 26446.0 ], [ 12128.0, 26462.0 ], [ 12112.0, 26479.0 ], [ 12112.0, 26495.0 ], [ 12112.0, 26512.0 ], [ 12095.0, 26528.0 ], [ 12095.0, 26545.0 ], [ 12095.0, 26561.0 ], [ 12095.0, 26577.0 ], [ 12095.0, 26594.0 ], [ 12095.0, 26610.0 ], [ 12095.0, 26627.0 ], [ 12079.0, 26643.0 ], [ 12079.0, 26660.0 ], [ 12079.0, 26676.0 ], [ 12079.0, 26693.0 ], [ 12079.0, 26709.0 ], [ 12062.0, 26726.0 ], [ 12062.0, 26742.0 ], [ 12062.0, 26758.0 ], [ 12062.0, 26775.0 ], [ 12062.0, 26791.0 ], [ 12062.0, 26808.0 ], [ 12062.0, 26824.0 ], [ 12062.0, 26841.0 ], [ 12062.0, 26857.0 ], [ 12062.0, 26874.0 ], [ 12079.0, 26890.0 ], [ 12079.0, 26907.0 ], [ 12079.0, 26923.0 ], [ 12095.0, 26939.0 ], [ 12095.0, 26956.0 ], [ 12095.0, 26972.0 ], [ 12095.0, 26989.0 ], [ 12095.0, 27005.0 ], [ 12112.0, 27022.0 ], [ 12112.0, 27038.0 ], [ 12112.0, 27055.0 ], [ 12112.0, 27071.0 ], [ 12112.0, 27088.0 ], [ 12112.0, 27104.0 ], [ 12112.0, 27120.0 ], [ 12128.0, 27137.0 ], [ 12128.0, 27153.0 ], [ 12128.0, 27170.0 ], [ 12128.0, 27186.0 ], [ 12128.0, 27203.0 ], [ 12128.0, 27219.0 ], [ 12128.0, 27236.0 ], [ 12128.0, 27252.0 ], [ 12145.0, 27269.0 ], [ 12145.0, 27285.0 ], [ 12128.0, 27302.0 ], [ 12145.0, 27318.0 ], [ 12145.0, 27334.0 ], [ 12161.0, 27351.0 ], [ 12178.0, 27367.0 ], [ 12178.0, 27384.0 ], [ 12178.0, 27400.0 ], [ 12194.0, 27417.0 ], [ 12211.0, 27433.0 ], [ 12211.0, 27450.0 ], [ 12227.0, 27450.0 ], [ 12243.0, 27466.0 ], [ 12260.0, 27466.0 ], [ 12276.0, 27483.0 ], [ 12293.0, 27499.0 ], [ 12293.0, 27515.0 ], [ 12293.0, 27532.0 ], [ 12309.0, 27532.0 ], [ 12326.0, 27532.0 ], [ 12342.0, 27532.0 ], [ 12359.0, 27548.0 ], [ 12342.0, 27565.0 ], [ 12326.0, 27565.0 ], [ 12309.0, 27565.0 ], [ 12293.0, 27565.0 ], [ 12276.0, 27565.0 ], [ 12260.0, 27565.0 ], [ 12243.0, 27565.0 ], [ 12227.0, 27565.0 ], [ 12211.0, 27581.0 ], [ 12194.0, 27581.0 ], [ 12178.0, 27581.0 ], [ 12161.0, 27581.0 ], [ 12145.0, 27598.0 ], [ 12145.0, 27614.0 ], [ 12145.0, 27631.0 ], [ 12145.0, 27647.0 ], [ 12145.0, 27664.0 ], [ 12128.0, 27680.0 ], [ 12128.0, 27696.0 ], [ 12128.0, 27713.0 ], [ 12112.0, 27729.0 ], [ 12112.0, 27746.0 ], [ 12095.0, 27762.0 ], [ 12095.0, 27779.0 ], [ 12095.0, 27795.0 ], [ 12095.0, 27812.0 ], [ 12095.0, 27828.0 ], [ 12095.0, 27845.0 ], [ 12095.0, 27861.0 ], [ 12079.0, 27878.0 ], [ 12079.0, 27894.0 ], [ 12079.0, 27910.0 ], [ 12079.0, 27927.0 ], [ 12079.0, 27943.0 ], [ 12079.0, 27960.0 ], [ 12079.0, 27976.0 ], [ 12079.0, 27993.0 ], [ 12062.0, 28009.0 ], [ 12062.0, 28026.0 ], [ 12062.0, 28042.0 ], [ 12062.0, 28059.0 ], [ 12062.0, 28075.0 ], [ 12079.0, 28091.0 ], [ 12079.0, 28108.0 ], [ 12079.0, 28124.0 ], [ 12079.0, 28141.0 ], [ 12062.0, 28157.0 ], [ 12062.0, 28174.0 ], [ 12062.0, 28190.0 ], [ 12062.0, 28207.0 ], [ 12062.0, 28223.0 ], [ 12062.0, 28240.0 ], [ 12062.0, 28256.0 ], [ 12062.0, 28272.0 ], [ 12062.0, 28289.0 ], [ 12062.0, 28305.0 ], [ 12062.0, 28322.0 ], [ 12079.0, 28338.0 ], [ 12079.0, 28355.0 ], [ 12079.0, 28371.0 ], [ 12079.0, 28388.0 ], [ 12079.0, 28404.0 ], [ 12079.0, 28421.0 ], [ 12079.0, 28437.0 ], [ 12095.0, 28454.0 ], [ 12095.0, 28470.0 ], [ 12095.0, 28486.0 ], [ 12095.0, 28503.0 ], [ 12095.0, 28519.0 ], [ 12095.0, 28536.0 ], [ 12112.0, 28552.0 ], [ 12112.0, 28569.0 ], [ 12112.0, 28585.0 ], [ 12128.0, 28602.0 ], [ 12128.0, 28618.0 ], [ 12145.0, 28635.0 ], [ 12161.0, 28651.0 ], [ 12178.0, 28667.0 ], [ 12194.0, 28684.0 ], [ 12194.0, 28700.0 ], [ 12211.0, 28717.0 ], [ 12227.0, 28717.0 ], [ 12243.0, 28733.0 ], [ 12260.0, 28750.0 ], [ 12276.0, 28766.0 ], [ 12293.0, 28766.0 ], [ 12309.0, 28766.0 ], [ 12326.0, 28766.0 ], [ 12342.0, 28783.0 ], [ 12359.0, 28783.0 ], [ 12375.0, 28783.0 ], [ 12392.0, 28783.0 ], [ 12408.0, 28783.0 ], [ 12424.0, 28799.0 ], [ 12441.0, 28783.0 ], [ 12457.0, 28799.0 ], [ 12457.0, 28816.0 ], [ 12474.0, 28832.0 ], [ 12490.0, 28848.0 ], [ 12474.0, 28865.0 ], [ 12474.0, 28881.0 ], [ 12474.0, 28898.0 ], [ 12474.0, 28914.0 ], [ 12457.0, 28931.0 ], [ 12441.0, 28931.0 ], [ 12441.0, 28947.0 ], [ 12441.0, 28964.0 ], [ 12424.0, 28980.0 ], [ 12408.0, 28997.0 ], [ 12408.0, 29013.0 ], [ 12392.0, 29029.0 ], [ 12392.0, 29046.0 ], [ 12375.0, 29062.0 ], [ 12359.0, 29079.0 ], [ 12342.0, 29095.0 ], [ 12342.0, 29112.0 ], [ 12342.0, 29128.0 ], [ 12342.0, 29145.0 ], [ 12326.0, 29161.0 ], [ 12309.0, 29161.0 ], [ 12309.0, 29178.0 ], [ 12293.0, 29194.0 ], [ 12293.0, 29211.0 ], [ 12293.0, 29227.0 ], [ 12293.0, 29243.0 ], [ 12293.0, 29260.0 ], [ 12293.0, 29276.0 ], [ 12309.0, 29293.0 ], [ 12309.0, 29309.0 ], [ 12326.0, 29326.0 ], [ 12326.0, 29342.0 ], [ 12326.0, 29359.0 ], [ 12326.0, 29375.0 ], [ 12326.0, 29392.0 ], [ 12326.0, 29408.0 ], [ 12326.0, 29424.0 ], [ 12342.0, 29441.0 ], [ 12359.0, 29457.0 ], [ 12359.0, 29474.0 ], [ 12359.0, 29490.0 ], [ 12359.0, 29507.0 ], [ 12359.0, 29523.0 ], [ 12359.0, 29540.0 ], [ 12359.0, 29556.0 ], [ 12375.0, 29573.0 ], [ 12392.0, 29573.0 ], [ 12408.0, 29573.0 ], [ 12424.0, 29589.0 ], [ 12441.0, 29605.0 ], [ 12441.0, 29622.0 ], [ 12441.0, 29638.0 ], [ 12457.0, 29655.0 ], [ 12474.0, 29655.0 ], [ 12490.0, 29655.0 ], [ 12507.0, 29671.0 ], [ 12523.0, 29671.0 ], [ 12540.0, 29655.0 ], [ 12556.0, 29655.0 ], [ 12573.0, 29638.0 ], [ 12589.0, 29638.0 ], [ 12605.0, 29655.0 ], [ 12622.0, 29655.0 ], [ 12638.0, 29655.0 ], [ 12655.0, 29655.0 ], [ 12671.0, 29671.0 ], [ 12671.0, 29688.0 ], [ 12688.0, 29704.0 ], [ 12688.0, 29721.0 ], [ 12688.0, 29737.0 ], [ 12688.0, 29754.0 ], [ 12688.0, 29770.0 ], [ 12688.0, 29787.0 ], [ 12704.0, 29803.0 ], [ 12721.0, 29803.0 ], [ 12737.0, 29787.0 ], [ 12754.0, 29803.0 ], [ 12754.0, 29819.0 ], [ 12754.0, 29836.0 ], [ 12754.0, 29852.0 ], [ 12737.0, 29869.0 ], [ 12721.0, 29869.0 ], [ 12704.0, 29869.0 ], [ 12688.0, 29885.0 ], [ 12671.0, 29885.0 ], [ 12655.0, 29885.0 ], [ 12638.0, 29902.0 ], [ 12622.0, 29918.0 ], [ 12605.0, 29918.0 ], [ 12589.0, 29935.0 ], [ 12573.0, 29951.0 ], [ 12556.0, 29968.0 ], [ 12540.0, 29984.0 ], [ 12540.0, 30000.0 ], [ 12540.0, 30017.0 ], [ 12523.0, 30033.0 ], [ 12523.0, 30050.0 ], [ 12523.0, 30066.0 ], [ 12507.0, 30083.0 ], [ 12507.0, 30099.0 ], [ 12523.0, 30116.0 ], [ 12523.0, 30132.0 ], [ 12523.0, 30149.0 ], [ 12523.0, 30165.0 ], [ 12523.0, 30181.0 ], [ 12523.0, 30198.0 ], [ 12523.0, 30214.0 ], [ 12523.0, 30231.0 ], [ 12507.0, 30247.0 ], [ 12507.0, 30264.0 ], [ 12507.0, 30280.0 ], [ 12507.0, 30297.0 ], [ 12523.0, 30313.0 ], [ 12523.0, 30330.0 ], [ 12523.0, 30346.0 ], [ 12523.0, 30363.0 ], [ 12540.0, 30363.0 ], [ 12556.0, 30379.0 ], [ 12573.0, 30379.0 ], [ 12589.0, 30379.0 ], [ 12605.0, 30395.0 ], [ 12589.0, 30412.0 ], [ 12573.0, 30412.0 ], [ 12556.0, 30412.0 ] ] ] } },
{ "type": "Feature", "properties": { "tissue_id": 1 }, "geometry": { "type": "Polygon", "coordinates": [ [ [ 12392.0, 13692.0 ], [ 12375.0, 13708.0 ], [ 12359.0, 13708.0 ], [ 12342.0, 13725.0 ], [ 12326.0, 13708.0 ], [ 12309.0, 13708.0 ], [ 12293.0, 13708.0 ], [ 12276.0, 13708.0 ], [ 12260.0, 13708.0 ], [ 12243.0, 13708.0 ], [ 12227.0, 13708.0 ], [ 12211.0, 13708.0 ], [ 12194.0, 13708.0 ], [ 12178.0, 13725.0 ], [ 12161.0, 13725.0 ], [ 12145.0, 13725.0 ], [ 12128.0, 13725.0 ], [ 12112.0, 13741.0 ], [ 12095.0, 13741.0 ], [ 12079.0, 13725.0 ], [ 12062.0, 13725.0 ], [ 12046.0, 13741.0 ], [ 12046.0, 13757.0 ], [ 12046.0, 13774.0 ], [ 12062.0, 13790.0 ], [ 12062.0, 13807.0 ], [ 12046.0, 13823.0 ], [ 12030.0, 13823.0 ], [ 12013.0, 13823.0 ], [ 11997.0, 13807.0 ], [ 11980.0, 13807.0 ], [ 11964.0, 13790.0 ], [ 11947.0, 13790.0 ], [ 11931.0, 13774.0 ], [ 11914.0, 13774.0 ], [ 11898.0, 13774.0 ], [ 11881.0, 13774.0 ], [ 11865.0, 13774.0 ], [ 11848.0, 13774.0 ], [ 11832.0, 13757.0 ], [ 11832.0, 13741.0 ], [ 11816.0, 13741.0 ], [ 11799.0, 13741.0 ], [ 11783.0, 13741.0 ], [ 11766.0, 13741.0 ], [ 11750.0, 13741.0 ], [ 11733.0, 13757.0 ], [ 11717.0, 13757.0 ], [ 11700.0, 13757.0 ], [ 11684.0, 13757.0 ], [ 11667.0, 13774.0 ], [ 11651.0, 13774.0 ], [ 11635.0, 13774.0 ], [ 11618.0, 13774.0 ], [ 11602.0, 13774.0 ], [ 11585.0, 13757.0 ], [ 11585.0, 13741.0 ], [ 11569.0, 13725.0 ], [ 11552.0, 13725.0 ], [ 11536.0, 13741.0 ], [ 11519.0, 13757.0 ], [ 11503.0, 13757.0 ], [ 11486.0, 13757.0 ], [ 11470.0, 13757.0 ], [ 11454.0, 13774.0 ], [ 11437.0, 13774.0 ], [ 11421.0, 13790.0 ], [ 11421.0, 13807.0 ], [ 11421.0, 13823.0 ], [ 11437.0, 13840.0 ], [ 11421.0, 13856.0 ], [ 11421.0, 13873.0 ], [ 11404.0, 13889.0 ], [ 11388.0, 13873.0 ], [ 11371.0, 13873.0 ], [ 11355.0, 13873.0 ], [ 11338.0, 13873.0 ], [ 11322.0, 13873.0 ], [ 11305.0, 13856.0 ], [ 11289.0, 13856.0 ], [ 11272.0, 13856.0 ], [ 11256.0, 13873.0 ], [ 11240.0, 13873.0 ], [ 11223.0, 13856.0 ], [ 11207.0, 13856.0 ], [ 11190.0, 13873.0 ], [ 11174.0, 13873.0 ], [ 11157.0, 13873.0 ], [ 11141.0, 13889.0 ], [ 11124.0, 13889.0 ], [ 11108.0, 13889.0 ], [ 11091.0, 13889.0 ], [ 11075.0, 13889.0 ], [ 11059.0, 13889.0 ], [ 11042.0, 13906.0 ], [ 11026.0, 13922.0 ], [ 11026.0, 13939.0 ], [ 11009.0, 13955.0 ], [ 10993.0, 13971.0 ], [ 10976.0, 13971.0 ], [ 10960.0, 13971.0 ], [ 10943.0, 13971.0 ], [ 10927.0, 13955.0 ], [ 10910.0, 13955.0 ], [ 10894.0, 13955.0 ], [ 10878.0, 13955.0 ], [ 10861.0, 13971.0 ], [ 10861.0, 13988.0 ], [ 10845.0, 14004.0 ], [ 10828.0, 14004.0 ], [ 10812.0, 14004.0 ], [ 10795.0, 14004.0 ], [ 10779.0, 14004.0 ], [ 10762.0, 14021.0 ], [ 10746.0, 14021.0 ], [ 10729.0, 14021.0 ], [ 10713.0, 14021.0 ], [ 10696.0, 14037.0 ], [ 10680.0, 14037.0 ], [ 10664.0, 14054.0 ], [ 10647.0, 14070.0 ], [ 10631.0, 14070.0 ], [ 10614.0, 14087.0 ], [ 10598.0, 14087.0 ], [ 10581.0, 14103.0 ], [ 10565.0, 14103.0 ], [ 10548.0, 14120.0 ], [ 10532.0, 14120.0 ], [ 10515.0, 14120.0 ], [ 10499.0, 14136.0 ], [ 10483.0, 14136.0 ], [ 10466.0, 14136.0 ], [ 10450.0, 14152.0 ], [ 10433.0, 14152.0 ], [ 10417.0, 14169.0 ], [ 10400.0, 14169.0 ], [ 10384.0, 14185.0 ], [ 10367.0, 14202.0 ], [ 10351.0, 14202.0 ], [ 10334.0, 14218.0 ], [ 10318.0, 14202.0 ], [ 10318.0, 14185.0 ], [ 10302.0, 14185.0 ], [ 10285.0, 14185.0 ], [ 10269.0, 14202.0 ], [ 10252.0, 14202.0 ], [ 10252.0, 14218.0 ], [ 10269.0, 14218.0 ], [ 10285.0, 14218.0 ], [ 10302.0, 14235.0 ], [ 10285.0, 14251.0 ], [ 10269.0, 14251.0 ], [ 10252.0, 14251.0 ], [ 10236.0, 14268.0 ], [ 10219.0, 14268.0 ], [ 10203.0, 14284.0 ], [ 10186.0, 14284.0 ], [ 10170.0, 14284.0 ], [ 10153.0, 14284.0 ], [ 10137.0, 14284.0 ], [ 10121.0, 14284.0 ], [ 10104.0, 14284.0 ], [ 10088.0, 14301.0 ], [ 10071.0, 14317.0 ], [ 10055.0, 14317.0 ], [ 10038.0, 14333.0 ], [ 10022.0, 14350.0 ], [ 10005.0, 14350.0 ], [ 9989.0, 14350.0 ], [ 9972.0, 14366.0 ], [ 9956.0, 14366.0 ], [ 9939.0, 14383.0 ], [ 9923.0, 14383.0 ], [ 9907.0, 14399.0 ], [ 9890.0, 14399.0 ], [ 9874.0, 14383.0 ], [ 9857.0, 14383.0 ], [ 9841.0, 14399.0 ], [ 9824.0, 14399.0 ], [ 9808.0, 14399.0 ], [ 9808.0, 14416.0 ], [ 9791.0, 14432.0 ], [ 9775.0, 14432.0 ], [ 9758.0, 14449.0 ], [ 9742.0, 14449.0 ], [ 9726.0, 14449.0 ], [ 9709.0, 14449.0 ], [ 9693.0, 14465.0 ], [ 9676.0, 14465.0 ], [ 9660.0, 14465.0 ], [ 9643.0, 14482.0 ], [ 9627.0, 14482.0 ], [ 9610.0, 14498.0 ], [ 9594.0, 14498.0 ], [ 9577.0, 14514.0 ], [ 9561.0, 14531.0 ], [ 9545.0, 14547.0 ], [ 9528.0, 14547.0 ], [ 9512.0, 14547.0 ], [ 9512.0, 14564.0 ], [ 9495.0, 14580.0 ], [ 9479.0, 14597.0 ], [ 9462.0, 14613.0 ], [ 9462.0, 14630.0 ], [ 9462.0, 14646.0 ], [ 9446.0, 14663.0 ], [ 9429.0, 14679.0 ], [ 9413.0, 14679.0 ], [ 9413.0, 14696.0 ], [ 9413.0, 14712.0 ], [ 9413.0, 14728.0 ], [ 9413.0, 14745.0 ], [ 9396.0, 14761.0 ], [ 9380.0, 14761.0 ], [ 9363.0, 14761.0 ], [ 9347.0, 14761.0 ], [ 9331.0, 14761.0 ], [ 9314.0, 14761.0 ], [ 9298.0, 14761.0 ], [ 9281.0, 14761.0 ], [ 9265.0, 14761.0 ], [ 9248.0, 14761.0 ], [ 9248.0, 14778.0 ], [ 9232.0, 14794.0 ], [ 9215.0, 14794.0 ], [ 9199.0, 14794.0 ], [ 9182.0, 14794.0 ], [ 9166.0, 14794.0 ], [ 9150.0, 14794.0 ], [ 9133.0, 14794.0 ], [ 9117.0, 14794.0 ], [ 9100.0, 14811.0 ], [ 9084.0, 14811.0 ], [ 9067.0, 14811.0 ], [ 9051.0, 14811.0 ], [ 9034.0, 14827.0 ], [ 9018.0, 14827.0 ], [ 9001.0, 14827.0 ], [ 8985.0, 14827.0 ], [ 8969.0, 14827.0 ], [ 8952.0, 14811.0 ], [ 8936.0, 14811.0 ], [ 8936.0, 14827.0 ], [ 8919.0, 14844.0 ], [ 8903.0, 14844.0 ], [ 8886.0, 14860.0 ], [ 8870.0, 14860.0 ], [ 8853.0, 14877.0 ], [ 8837.0, 14877.0 ], [ 8820.0, 14893.0 ], [ 8804.0, 14893.0 ], [ 8787.0, 14909.0 ], [ 8771.0, 14909.0 ], [ 8755.0, 14909.0 ], [ 8738.0, 14909.0 ], [ 8722.0, 14926.0 ], [ 8705.0, 14926.0 ], [ 8689.0, 14942.0 ], [ 8672.0, 14942.0 ], [ 8672.0, 14959.0 ], [ 8656.0, 14975.0 ], [ 8639.0, 14992.0 ], [ 8623.0, 14992.0 ], [ 8606.0, 15008.0 ], [ 8590.0, 15008.0 ], [ 8574.0, 15008.0 ], [ 8557.0, 15025.0 ], [ 8541.0, 15041.0 ], [ 8524.0, 15041.0 ], [ 8508.0, 15041.0 ], [ 8491.0, 15058.0 ], [ 8475.0, 15058.0 ], [ 8458.0, 15058.0 ], [ 8442.0, 15074.0 ], [ 8425.0, 15090.0 ], [ 8409.0, 15090.0 ], [ 8393.0, 15090.0 ], [ 8376.0, 15107.0 ], [ 8360.0, 15107.0 ], [ 8360.0, 15123.0 ], [ 8343.0, 15140.0 ], [ 8327.0, 15140.0 ], [ 8310.0, 15140.0 ], [ 8294.0, 15140.0 ], [ 8277.0, 15140.0 ], [ 8261.0, 15156.0 ], [ 8244.0, 15173.0 ], [ 8228.0, 15173.0 ], [ 8212.0, 15189.0 ], [ 8195.0, 15189.0 ], [ 8179.0, 15206.0 ], [ 8162.0, 15222.0 ], [ 8146.0, 15222.0 ], [ 8129.0, 15239.0 ], [ 8113.0, 15255.0 ], [ 8096.0, 15272.0 ], [ 8080.0, 15272.0 ], [ 8063.0, 15288.0 ], [ 8047.0, 15304.0 ], [ 8030.0, 15321.0 ], [ 8014.0, 15321.0 ], [ 7998.0, 15337.0 ], [ 7981.0, 15354.0 ], [ 7965.0, 15354.0 ], [ 7948.0, 15354.0 ], [ 7932.0, 15370.0 ], [ 7915.0, 15387.0 ], [ 7899.0, 15387.0 ], [ 7882.0, 15387.0 ], [ 7866.0, 15403.0 ], [ 7849.0, 15403.0 ], [ 7849.0, 15420.0 ], [ 7866.0, 15436.0 ], [ 7849.0, 15453.0 ], [ 7833.0, 15453.0 ], [ 7817.0, 15436.0 ], [ 7800.0, 15436.0 ], [ 7784.0, 15436.0 ], [ 7767.0, 15436.0 ], [ 7751.0, 15453.0 ], [ 7734.0, 15453.0 ], [ 7718.0, 15469.0 ], [ 7701.0, 15469.0 ], [ 7685.0, 15485.0 ], [ 7668.0, 15485.0 ], [ 7652.0, 15502.0 ], [ 7636.0, 15502.0 ], [ 7619.0, 15518.0 ], [ 7603.0, 15518.0 ], [ 7586.0, 15518.0 ], [ 7570.0, 15535.0 ], [ 7553.0, 15535.0 ], [ 7537.0, 15535.0 ], [ 7520.0, 15551.0 ], [ 7504.0, 15551.0 ], [ 7487.0, 15568.0 ], [ 7471.0, 15568.0 ], [ 7454.0, 15584.0 ], [ 7438.0, 15584.0 ], [ 7422.0, 15601.0 ], [ 7405.0, 15601.0 ], [ 7389.0, 15617.0 ], [ 7372.0, 15617.0 ], [ 7356.0, 15634.0 ], [ 7339.0, 15634.0 ], [ 7323.0, 15650.0 ], [ 7306.0, 15666.0 ], [ 7290.0, 15666.0 ], [ 7273.0, 15683.0 ], [ 7273.0, 15699.0 ], [ 7257.0, 15716.0 ], [ 7241.0, 15716.0 ], [ 7224.0, 15716.0 ], [ 7208.0, 15732.0 ], [ 7191.0, 15749.0 ], [ 7175.0, 15765.0 ], [ 7158.0, 15782.0 ], [ 7142.0, 15798.0 ], [ 7125.0, 15815.0 ], [ 7109.0, 15831.0 ], [ 7092.0, 15848.0 ], [ 7076.0, 15864.0 ], [ 7060.0, 15880.0 ], [ 7043.0, 15880.0 ], [ 7027.0, 15897.0 ], [ 7010.0, 15913.0 ], [ 6994.0, 15930.0 ], [ 6977.0, 15946.0 ], [ 6961.0, 15963.0 ], [ 6961.0, 15979.0 ], [ 6944.0, 15996.0 ], [ 6928.0, 16012.0 ], [ 6911.0, 16029.0 ], [ 6895.0, 16029.0 ], [ 6878.0, 16029.0 ], [ 6878.0, 16045.0 ], [ 6862.0, 16061.0 ], [ 6846.0, 16078.0 ], [ 6846.0, 16094.0 ], [ 6829.0, 16111.0 ], [ 6813.0, 16127.0 ], [ 6796.0, 16127.0 ], [ 6780.0, 16144.0 ], [ 6780.0, 16160.0 ], [ 6763.0, 16177.0 ], [ 6747.0, 16193.0 ], [ 6730.0, 16193.0 ], [ 6714.0, 16193.0 ], [ 6697.0, 16210.0 ], [ 6681.0, 16210.0 ], [ 6665.0, 16226.0 ], [ 6648.0, 16226.0 ], [ 6632.0, 16242.0 ], [ 6615.0, 16259.0 ], [ 6599.0, 16259.0 ], [ 6582.0, 16275.0 ], [ 6566.0, 16292.0 ], [ 6549.0, 16308.0 ], [ 6533.0, 16325.0 ], [ 6516.0, 16341.0 ], [ 6500.0, 16358.0 ], [ 6500.0, 16374.0 ], [ 6484.0, 16391.0 ], [ 6467.0, 16407.0 ], [ 6451.0, 16407.0 ], [ 6434.0, 16407.0 ], [ 6418.0, 16407.0 ], [ 6401.0, 16407.0 ], [ 6385.0, 16424.0 ], [ 6368.0, 16440.0 ], [ 6352.0, 16456.0 ], [ 6335.0, 16473.0 ], [ 6319.0, 16489.0 ], [ 6302.0, 16506.0 ], [ 6286.0, 16506.0 ], [ 6270.0, 16522.0 ], [ 6253.0, 16539.0 ], [ 6237.0, 16555.0 ], [ 6220.0, 16572.0 ], [ 6204.0, 16588.0 ], [ 6187.0, 16605.0 ], [ 6171.0, 16621.0 ], [ 6154.0, 16637.0 ], [ 6154.0, 16654.0 ], [ 6138.0, 16670.0 ], [ 6121.0, 16687.0 ], [ 6121.0, 16703.0 ], [ 6105.0, 16720.0 ], [ 6105.0, 16736.0 ], [ 6089.0, 16753.0 ], [ 6089.0, 16769.0 ], [ 6072.0, 16786.0 ], [ 6056.0, 16802.0 ], [ 6039.0, 16818.0 ], [ 6023.0, 16818.0 ], [ 6006.0, 16818.0 ], [ 5990.0, 16818.0 ], [ 5973.0, 16818.0 ], [ 5973.0, 16835.0 ], [ 5990.0, 16851.0 ], [ 5990.0, 16868.0 ], [ 5973.0, 16884.0 ], [ 5973.0, 16901.0 ], [ 5957.0, 16917.0 ], [ 5940.0, 16934.0 ], [ 5940.0, 16950.0 ], [ 5940.0, 16967.0 ], [ 5924.0, 16983.0 ], [ 5908.0, 16999.0 ], [ 5908.0, 17016.0 ], [ 5891.0, 17032.0 ], [ 5891.0, 17049.0 ], [ 5875.0, 17065.0 ], [ 5858.0, 17065.0 ], [ 5842.0, 17082.0 ], [ 5825.0, 17098.0 ], [ 5809.0, 17098.0 ], [ 5809.0, 17115.0 ], [ 5809.0, 17131.0 ], [ 5792.0, 17148.0 ], [ 5776.0, 17164.0 ], [ 5759.0, 17181.0 ], [ 5743.0, 17197.0 ], [ 5727.0, 17213.0 ], [ 5710.0, 17230.0 ], [ 5694.0, 17246.0 ], [ 5677.0, 17263.0 ], [ 5661.0, 17279.0 ], [ 5644.0, 17279.0 ], [ 5628.0, 17296.0 ], [ 5611.0, 17312.0 ], [ 5595.0, 17329.0 ], [ 5595.0, 17345.0 ], [ 5595.0, 17362.0 ], [ 5595.0, 17378.0 ], [ 5578.0, 17394.0 ], [ 5578.0, 17411.0 ], [ 5562.0, 17427.0 ], [ 5545.0, 17444.0 ], [ 5529.0, 17460.0 ], [ 5529.0, 17477.0 ], [ 5513.0, 17493.0 ], [ 5513.0, 17510.0 ], [ 5496.0, 17526.0 ], [ 5496.0, 17543.0 ], [ 5480.0, 17559.0 ], [ 5463.0, 17575.0 ], [ 5463.0, 17592.0 ], [ 5447.0, 17608.0 ], [ 5447.0, 17625.0 ], [ 5447.0, 17641.0 ], [ 5463.0, 17658.0 ], [ 5447.0, 17674.0 ], [ 5430.0, 17691.0 ], [ 5430.0, 17707.0 ], [ 5414.0, 17724.0 ], [ 5397.0, 17740.0 ], [ 5381.0, 17757.0 ], [ 5381.0, 17773.0 ], [ 5364.0, 17789.0 ], [ 5348.0, 17773.0 ], [ 5332.0, 17773.0 ], [ 5315.0, 17789.0 ], [ 5299.0, 17806.0 ], [ 5282.0, 17822.0 ], [ 5282.0, 17839.0 ], [ 5266.0, 17855.0 ], [ 5249.0, 17872.0 ], [ 5233.0, 17888.0 ], [ 5216.0, 17888.0 ], [ 5200.0, 17905.0 ], [ 5183.0, 17921.0 ], [ 5183.0, 17938.0 ], [ 5167.0, 17954.0 ], [ 5151.0, 17970.0 ], [ 5134.0, 17987.0 ], [ 5118.0, 18003.0 ], [ 5101.0, 18020.0 ], [ 5085.0, 18020.0 ], [ 5068.0, 18036.0 ], [ 5052.0, 18053.0 ], [ 5052.0, 18069.0 ], [ 5035.0, 18086.0 ], [ 5019.0, 18102.0 ], [ 5002.0, 18102.0 ], [ 4986.0, 18119.0 ], [ 4969.0, 18135.0 ], [ 4953.0, 18151.0 ], [ 4937.0, 18151.0 ], [ 4920.0, 18168.0 ], [ 4904.0, 18184.0 ], [ 4887.0, 18201.0 ], [ 4887.0, 18217.0 ], [ 4871.0, 18234.0 ], [ 4854.0, 18250.0 ], [ 4838.0, 18250.0 ], [ 4838.0, 18267.0 ], [ 4821.0, 18283.0 ], [ 4805.0, 18300.0 ], [ 4805.0, 18316.0 ], [ 4788.0, 18333.0 ], [ 4772.0, 18349.0 ], [ 4756.0, 18365.0 ], [ 4739.0, 18382.0 ], [ 4723.0, 18398.0 ], [ 4706.0, 18415.0 ], [ 4690.0, 18431.0 ], [ 4673.0, 18448.0 ], [ 4657.0, 18464.0 ], [ 4640.0, 18481.0 ], [ 4624.0, 18481.0 ], [ 4607.0, 18497.0 ], [ 4591.0, 18514.0 ], [ 4591.0, 18530.0 ], [ 4575.0, 18546.0 ], [ 4558.0, 18563.0 ], [ 4542.0, 18579.0 ], [ 4525.0, 18596.0 ], [ 4509.0, 18612.0 ], [ 4509.0, 18629.0 ], [ 4492.0, 18645.0 ], [ 4476.0, 18645.0 ], [ 4459.0, 18662.0 ], [ 4459.0, 18678.0 ], [ 4443.0, 18695.0 ], [ 4426.0, 18711.0 ], [ 4410.0, 18711.0 ], [ 4410.0, 18727.0 ], [ 4393.0, 18744.0 ], [ 4393.0, 18760.0 ], [ 4377.0, 18777.0 ], [ 4377.0, 18793.0 ], [ 4361.0, 18810.0 ], [ 4361.0, 18826.0 ], [ 4361.0, 18843.0 ], [ 4344.0, 18859.0 ], [ 4344.0, 18876.0 ], [ 4328.0, 18892.0 ], [ 4311.0, 18908.0 ], [ 4295.0, 18925.0 ], [ 4278.0, 18925.0 ], [ 4278.0, 18941.0 ], [ 4262.0, 18958.0 ], [ 4245.0, 18974.0 ], [ 4229.0, 18991.0 ], [ 4229.0, 19007.0 ], [ 4212.0, 19024.0 ], [ 4196.0, 19040.0 ], [ 4196.0, 19057.0 ], [ 4180.0, 19073.0 ], [ 4163.0, 19090.0 ], [ 4147.0, 19106.0 ], [ 4130.0, 19122.0 ], [ 4130.0, 19139.0 ], [ 4114.0, 19155.0 ], [ 4114.0, 19172.0 ], [ 4097.0, 19188.0 ], [ 4097.0, 19205.0 ], [ 4081.0, 19221.0 ], [ 4064.0, 19238.0 ], [ 4048.0, 19254.0 ], [ 4048.0, 19271.0 ], [ 4031.0, 19287.0 ], [ 4031.0, 19303.0 ], [ 4031.0, 19320.0 ], [ 4015.0, 19336.0 ], [ 4015.0, 19353.0 ], [ 4015.0, 19369.0 ], [ 3999.0, 19386.0 ], [ 3999.0, 19402.0 ], [ 3999.0, 19419.0 ], [ 3982.0, 19435.0 ], [ 3982.0, 19452.0 ], [ 3982.0, 19468.0 ], [ 3982.0, 19484.0 ], [ 3982.0, 19501.0 ], [ 3982.0, 19517.0 ], [ 3966.0, 19534.0 ], [ 3949.0, 19550.0 ], [ 3949.0, 19567.0 ], [ 3949.0, 19583.0 ], [ 3949.0, 19600.0 ], [ 3933.0, 19616.0 ], [ 3916.0, 19633.0 ], [ 3900.0, 19649.0 ], [ 3883.0, 19666.0 ], [ 3867.0, 19682.0 ], [ 3850.0, 19682.0 ], [ 3834.0, 19698.0 ], [ 3818.0, 19715.0 ], [ 3818.0, 19731.0 ], [ 3801.0, 19748.0 ], [ 3801.0, 19764.0 ], [ 3785.0, 19781.0 ], [ 3768.0, 19781.0 ], [ 3768.0, 19797.0 ], [ 3752.0, 19814.0 ], [ 3752.0, 19830.0 ], [ 3735.0, 19847.0 ], [ 3735.0, 19863.0 ], [ 3735.0, 19879.0 ], [ 3735.0, 19896.0 ], [ 3735.0, 19912.0 ], [ 3735.0, 19929.0 ], [ 3735.0, 19945.0 ], [ 3735.0, 19962.0 ], [ 3719.0, 19978.0 ], [ 3719.0, 19995.0 ], [ 3719.0, 20011.0 ], [ 3702.0, 20028.0 ], [ 3686.0, 20044.0 ], [ 3686.0, 20060.0 ], [ 3669.0, 20077.0 ], [ 3653.0, 20093.0 ], [ 3636.0, 20093.0 ], [ 3636.0, 20110.0 ], [ 3620.0, 20126.0 ], [ 3620.0, 20143.0 ], [ 3620.0, 20159.0 ], [ 3604.0, 20176.0 ], [ 3604.0, 20192.0 ], [ 3587.0, 20209.0 ], [ 3571.0, 20225.0 ], [ 3554.0, 20242.0 ], [ 3538.0, 20258.0 ], [ 3521.0, 20274.0 ], [ 3521.0, 20291.0 ], [ 3505.0, 20307.0 ], [ 3488.0, 20324.0 ], [ 3488.0, 20340.0 ], [ 3472.0, 20357.0 ], [ 3472.0, 20373.0 ], [ 3455.0, 20390.0 ], [ 3455.0, 20406.0 ], [ 3439.0, 20423.0 ], [ 3439.0, 20439.0 ], [ 3439.0, 20455.0 ], [ 3423.0, 20472.0 ], [ 3423.0, 20488.0 ], [ 3423.0, 20505.0 ], [ 3423.0, 20521.0 ], [ 3423.0, 20538.0 ], [ 3439.0, 20554.0 ], [ 3423.0, 20571.0 ], [ 3423.0, 20587.0 ], [ 3423.0, 20604.0 ], [ 3439.0, 20620.0 ], [ 3439.0, 20636.0 ], [ 3423.0, 20653.0 ], [ 3423.0, 20669.0 ], [ 3423.0, 20686.0 ], [ 3423.0, 20702.0 ], [ 3423.0, 20719.0 ], [ 3406.0, 20735.0 ], [ 3406.0, 20752.0 ], [ 3406.0, 20768.0 ], [ 3390.0, 20785.0 ], [ 3390.0, 20801.0 ], [ 3373.0, 20817.0 ], [ 3373.0, 20834.0 ], [ 3357.0, 20850.0 ], [ 3340.0, 20867.0 ], [ 3324.0, 20883.0 ], [ 3324.0, 20900.0 ], [ 3307.0, 20916.0 ], [ 3291.0, 20933.0 ], [ 3274.0, 20949.0 ], [ 3258.0, 20966.0 ], [ 3242.0, 20982.0 ], [ 3242.0, 20999.0 ], [ 3225.0, 21015.0 ], [ 3225.0, 21031.0 ], [ 3209.0, 21048.0 ], [ 3192.0, 21064.0 ], [ 3192.0, 21081.0 ], [ 3176.0, 21097.0 ], [ 3159.0, 21114.0 ], [ 3143.0, 21114.0 ], [ 3126.0, 21130.0 ], [ 3126.0, 21147.0 ], [ 3126.0, 21163.0 ], [ 3110.0, 21180.0 ], [ 3110.0, 21196.0 ], [ 3110.0, 21212.0 ], [ 3110.0, 21229.0 ], [ 3110.0, 21245.0 ], [ 3110.0, 21262.0 ], [ 3093.0, 21278.0 ], [ 3093.0, 21295.0 ], [ 3077.0, 21311.0 ], [ 3060.0, 21328.0 ], [ 3044.0, 21344.0 ], [ 3044.0, 21361.0 ], [ 3044.0, 21377.0 ], [ 3028.0, 21393.0 ], [ 3011.0, 21410.0 ], [ 2995.0, 21426.0 ], [ 2978.0, 21443.0 ], [ 2962.0, 21459.0 ], [ 2945.0, 21476.0 ], [ 2945.0, 21492.0 ], [ 2945.0, 21509.0 ], [ 2945.0, 21525.0 ], [ 2929.0, 21542.0 ], [ 2912.0, 21542.0 ], [ 2896.0, 21558.0 ], [ 2879.0, 21575.0 ], [ 2863.0, 21591.0 ], [ 2847.0, 21607.0 ], [ 2830.0, 21624.0 ], [ 2830.0, 21640.0 ], [ 2814.0, 21657.0 ], [ 2797.0, 21673.0 ], [ 2781.0, 21690.0 ], [ 2764.0, 21706.0 ], [ 2764.0, 21723.0 ], [ 2748.0, 21739.0 ], [ 2748.0, 21756.0 ], [ 2731.0, 21772.0 ], [ 2731.0, 21788.0 ], [ 2731.0, 21805.0 ], [ 2731.0, 21821.0 ], [ 2715.0, 21838.0 ], [ 2715.0, 21854.0 ], [ 2715.0, 21871.0 ], [ 2698.0, 21887.0 ], [ 2698.0, 21904.0 ], [ 2698.0, 21920.0 ], [ 2698.0, 21937.0 ], [ 2682.0, 21953.0 ], [ 2682.0, 21969.0 ], [ 2682.0, 21986.0 ], [ 2682.0, 22002.0 ], [ 2682.0, 22019.0 ], [ 2682.0, 22035.0 ], [ 2682.0, 22052.0 ], [ 2682.0, 22068.0 ], [ 2682.0, 22085.0 ], [ 2682.0, 22101.0 ], [ 2698.0, 22118.0 ], [ 2698.0, 22134.0 ], [ 2698.0, 22151.0 ], [ 2682.0, 22167.0 ], [ 2666.0, 22167.0 ], [ 2649.0, 22183.0 ], [ 2649.0, 22200.0 ], [ 2649.0, 22216.0 ], [ 2649.0, 22233.0 ], [ 2649.0, 22249.0 ], [ 2666.0, 22266.0 ], [ 2666.0, 22282.0 ], [ 2666.0, 22299.0 ], [ 2666.0, 22315.0 ], [ 2682.0, 22332.0 ], [ 2698.0, 22348.0 ], [ 2698.0, 22364.0 ], [ 2698.0, 22381.0 ], [ 2698.0, 22397.0 ], [ 2698.0, 22414.0 ], [ 2698.0, 22430.0 ], [ 2698.0, 22447.0 ], [ 2682.0, 22463.0 ], [ 2666.0, 22447.0 ], [ 2649.0, 22447.0 ], [ 2649.0, 22463.0 ], [ 2649.0, 22480.0 ], [ 2666.0, 22496.0 ], [ 2666.0, 22513.0 ], [ 2682.0, 22513.0 ], [ 2698.0, 22529.0 ], [ 2698.0, 22545.0 ], [ 2715.0, 22562.0 ], [ 2715.0, 22578.0 ], [ 2731.0, 22595.0 ], [ 2731.0, 22611.0 ], [ 2731.0, 22628.0 ], [ 2715.0, 22644.0 ], [ 2715.0, 22661.0 ], [ 2715.0, 22677.0 ], [ 2698.0, 22694.0 ], [ 2682.0, 22710.0 ], [ 2666.0, 22726.0 ], [ 2666.0, 22743.0 ], [ 2649.0, 22759.0 ], [ 2649.0, 22776.0 ], [ 2649.0, 22792.0 ], [ 2633.0, 22809.0 ], [ 2616.0, 22825.0 ], [ 2616.0, 22842.0 ], [ 2616.0, 22858.0 ], [ 2616.0, 22875.0 ], [ 2633.0, 22891.0 ], [ 2649.0, 22908.0 ], [ 2649.0, 22924.0 ], [ 2649.0, 22940.0 ], [ 2666.0, 22957.0 ], [ 2666.0, 22973.0 ], [ 2649.0, 22990.0 ], [ 2633.0, 22990.0 ], [ 2616.0, 23006.0 ], [ 2600.0, 23023.0 ], [ 2583.0, 23039.0 ], [ 2583.0, 23056.0 ], [ 2583.0, 23072.0 ], [ 2583.0, 23089.0 ], [ 2567.0, 23105.0 ], [ 2550.0, 23121.0 ], [ 2550.0, 23138.0 ], [ 2550.0, 23154.0 ], [ 2550.0, 23171.0 ], [ 2550.0, 23187.0 ], [ 2550.0, 23204.0 ], [ 2534.0, 23220.0 ], [ 2534.0, 23237.0 ], [ 2534.0, 23253.0 ], [ 2534.0, 23270.0 ], [ 2534.0, 23286.0 ], [ 2534.0, 23302.0 ], [ 2534.0, 23319.0 ], [ 2534.0, 23335.0 ], [ 2534.0, 23352.0 ], [ 2534.0, 23368.0 ], [ 2517.0, 23385.0 ], [ 2517.0, 23401.0 ], [ 2517.0, 23418.0 ], [ 2517.0, 23434.0 ], [ 2517.0, 23451.0 ], [ 2534.0, 23467.0 ], [ 2534.0, 23484.0 ], [ 2534.0, 23500.0 ], [ 2534.0, 23516.0 ], [ 2534.0, 23533.0 ], [ 2534.0, 23549.0 ], [ 2534.0, 23566.0 ], [ 2550.0, 23582.0 ], [ 2550.0, 23599.0 ], [ 2550.0, 23615.0 ], [ 2550.0, 23632.0 ], [ 2550.0, 23648.0 ], [ 2550.0, 23665.0 ], [ 2567.0, 23681.0 ], [ 2550.0, 23697.0 ], [ 2534.0, 23714.0 ], [ 2534.0, 23730.0 ], [ 2534.0, 23747.0 ], [ 2534.0, 23763.0 ], [ 2517.0, 23780.0 ], [ 2517.0, 23796.0 ], [ 2517.0, 23813.0 ], [ 2501.0, 23829.0 ], [ 2501.0, 23846.0 ], [ 2501.0, 23862.0 ], [ 2484.0, 23878.0 ], [ 2484.0, 23895.0 ], [ 2484.0, 23911.0 ], [ 2484.0, 23928.0 ], [ 2468.0, 23944.0 ], [ 2468.0, 23961.0 ], [ 2468.0, 23977.0 ], [ 2468.0, 23994.0 ], [ 2468.0, 24010.0 ], [ 2484.0, 24027.0 ], [ 2484.0, 24043.0 ], [ 2484.0, 24060.0 ], [ 2484.0, 24076.0 ], [ 2484.0, 24092.0 ], [ 2484.0, 24109.0 ], [ 2484.0, 24125.0 ], [ 2484.0, 24142.0 ], [ 2484.0, 24158.0 ], [ 2484.0, 24175.0 ], [ 2484.0, 24191.0 ], [ 2484.0, 24208.0 ], [ 2484.0, 24224.0 ], [ 2484.0, 24241.0 ], [ 2484.0, 24257.0 ], [ 2484.0, 24273.0 ], [ 2484.0, 24290.0 ], [ 2501.0, 24306.0 ], [ 2501.0, 24323.0 ], [ 2484.0, 24339.0 ], [ 2484.0, 24356.0 ], [ 2484.0, 24372.0 ], [ 2468.0, 24389.0 ], [ 2468.0, 24405.0 ], [ 2468.0, 24422.0 ], [ 2468.0, 24438.0 ], [ 2468.0, 24454.0 ], [ 2484.0, 24471.0 ], [ 2484.0, 24487.0 ], [ 2484.0, 24504.0 ], [ 2484.0, 24520.0 ], [ 2501.0, 24537.0 ], [ 2501.0, 24553.0 ], [ 2517.0, 24570.0 ], [ 2517.0, 24586.0 ], [ 2517.0, 24603.0 ], [ 2517.0, 24619.0 ], [ 2534.0, 24619.0 ], [ 2550.0, 24619.0 ], [ 2567.0, 24636.0 ], [ 2550.0, 24652.0 ], [ 2550.0, 24668.0 ], [ 2550.0, 24685.0 ], [ 2567.0, 24701.0 ], [ 2567.0, 24718.0 ], [ 2567.0, 24734.0 ], [ 2567.0, 24751.0 ], [ 2567.0, 24767.0 ], [ 2567.0, 24784.0 ], [ 2583.0, 24800.0 ], [ 2583.0, 24817.0 ], [ 2583.0, 24833.0 ], [ 2583.0, 24849.0 ], [ 2600.0, 24866.0 ], [ 2600.0, 24882.0 ], [ 2600.0, 24899.0 ], [ 2600.0, 24915.0 ], [ 2600.0, 24932.0 ], [ 2600.0, 24948.0 ], [ 2616.0, 24965.0 ], [ 2616.0, 24981.0 ], [ 2616.0, 24998.0 ], [ 2616.0, 25014.0 ], [ 2616.0, 25030.0 ], [ 2633.0, 25047.0 ], [ 2633.0, 25063.0 ], [ 2649.0, 25080.0 ], [ 2649.0, 25096.0 ], [ 2649.0, 25113.0 ], [ 2666.0, 25129.0 ], [ 2666.0, 25146.0 ], [ 2666.0, 25162.0 ], [ 2666.0, 25179.0 ], [ 2666.0, 25195.0 ], [ 2666.0, 25211.0 ], [ 2649.0, 25228.0 ], [ 2649.0, 25244.0 ], [ 2649.0, 25261.0 ], [ 2649.0, 25277.0 ], [ 2649.0, 25294.0 ], [ 2649.0, 25310.0 ], [ 2633.0, 25327.0 ], [ 2633.0, 25343.0 ], [ 2649.0, 25360.0 ], [ 2633.0, 25376.0 ], [ 2633.0, 25393.0 ], [ 2633.0, 25409.0 ], [ 2633.0, 25425.0 ], [ 2633.0, 25442.0 ], [ 2633.0, 25458.0 ], [ 2633.0, 25475.0 ], [ 2649.0, 25475.0 ], [ 2666.0, 25491.0 ], [ 2666.0, 25508.0 ], [ 2682.0, 25524.0 ], [ 2682.0, 25541.0 ], [ 2682.0, 25557.0 ], [ 2698.0, 25574.0 ], [ 2698.0, 25590.0 ], [ 2715.0, 25606.0 ], [ 2715.0, 25623.0 ], [ 2731.0, 25639.0 ], [ 2731.0, 25656.0 ], [ 2748.0, 25672.0 ], [ 2748.0, 25689.0 ], [ 2764.0, 25705.0 ], [ 2781.0, 25722.0 ], [ 2781.0, 25738.0 ], [ 2797.0, 25755.0 ], [ 2797.0, 25771.0 ], [ 2814.0, 25771.0 ], [ 2830.0, 25787.0 ], [ 2847.0, 25804.0 ], [ 2863.0, 25804.0 ], [ 2879.0, 25820.0 ], [ 2896.0, 25837.0 ], [ 2912.0, 25853.0 ], [ 2929.0, 25870.0 ], [ 2929.0, 25886.0 ], [ 2929.0, 25903.0 ], [ 2945.0, 25903.0 ], [ 2962.0, 25903.0 ], [ 2978.0, 25919.0 ], [ 2978.0, 25936.0 ], [ 2978.0, 25952.0 ], [ 2995.0, 25969.0 ], [ 3011.0, 25985.0 ], [ 3028.0, 26001.0 ], [ 3028.0, 26018.0 ], [ 3028.0, 26034.0 ], [ 3028.0, 26051.0 ], [ 3028.0, 26067.0 ], [ 3044.0, 26084.0 ], [ 3060.0, 26100.0 ], [ 3060.0, 26117.0 ], [ 3060.0, 26133.0 ], [ 3060.0, 26150.0 ], [ 3060.0, 26166.0 ], [ 3060.0, 26182.0 ], [ 3077.0, 26199.0 ], [ 3077.0, 26215.0 ], [ 3093.0, 26232.0 ], [ 3110.0, 26248.0 ], [ 3110.0, 26265.0 ], [ 3110.0, 26281.0 ], [ 3126.0, 26298.0 ], [ 3143.0, 26314.0 ], [ 3159.0, 26314.0 ], [ 3176.0, 26331.0 ], [ 3192.0, 26347.0 ], [ 3209.0, 26347.0 ], [ 3225.0, 26347.0 ], [ 3242.0, 26347.0 ], [ 3258.0, 26363.0 ], [ 3274.0, 26363.0 ], [ 3291.0, 26347.0 ], [ 3307.0, 26347.0 ], [ 3324.0, 26363.0 ], [ 3307.0, 26380.0 ], [ 3291.0, 26396.0 ], [ 3274.0, 26413.0 ], [ 3258.0, 26429.0 ], [ 3258.0, 26446.0 ], [ 3242.0, 26462.0 ], [ 3242.0, 26479.0 ], [ 3242.0, 26495.0 ], [ 3242.0, 26512.0 ], [ 3242.0, 26528.0 ], [ 3242.0, 26545.0 ], [ 3242.0, 26561.0 ], [ 3242.0, 26577.0 ], [ 3258.0, 26594.0 ], [ 3258.0, 26610.0 ], [ 3274.0, 26627.0 ], [ 3291.0, 26643.0 ], [ 3291.0, 26660.0 ], [ 3307.0, 26676.0 ], [ 3324.0, 26693.0 ], [ 3324.0, 26709.0 ], [ 3340.0, 26726.0 ], [ 3357.0, 26742.0 ], [ 3357.0, 26758.0 ], [ 3373.0, 26775.0 ], [ 3373.0, 26791.0 ], [ 3373.0, 26808.0 ], [ 3390.0, 26808.0 ], [ 3406.0, 26808.0 ], [ 3423.0, 26824.0 ], [ 3423.0, 26841.0 ], [ 3423.0, 26857.0 ], [ 3439.0, 26874.0 ], [ 3455.0, 26874.0 ], [ 3472.0, 26874.0 ], [ 3488.0, 26890.0 ], [ 3488.0, 26907.0 ], [ 3505.0, 26907.0 ], [ 3521.0, 26923.0 ], [ 3538.0, 26939.0 ], [ 3554.0, 26956.0 ], [ 3554.0, 26972.0 ], [ 3554.0, 26989.0 ], [ 3571.0, 27005.0 ], [ 3554.0, 27022.0 ], [ 3554.0, 27038.0 ], [ 3554.0, 27055.0 ], [ 3554.0, 27071.0 ], [ 3571.0, 27088.0 ], [ 3587.0, 27104.0 ], [ 3587.0, 27120.0 ], [ 3604.0, 27120.0 ], [ 3620.0, 27137.0 ], [ 3620.0, 27153.0 ], [ 3636.0, 27170.0 ], [ 3636.0, 27186.0 ], [ 3653.0, 27203.0 ], [ 3669.0, 27203.0 ], [ 3686.0, 27219.0 ], [ 3702.0, 27219.0 ], [ 3719.0, 27203.0 ], [ 3735.0, 27203.0 ], [ 3752.0, 27203.0 ], [ 3768.0, 27203.0 ], [ 3785.0, 27203.0 ], [ 3801.0, 27203.0 ], [ 3818.0, 27219.0 ], [ 3834.0, 27219.0 ], [ 3850.0, 27219.0 ], [ 3850.0, 27203.0 ], [ 3867.0, 27186.0 ], [ 3883.0, 27203.0 ], [ 3900.0, 27203.0 ], [ 3916.0, 27186.0 ], [ 3933.0, 27170.0 ], [ 3949.0, 27186.0 ], [ 3949.0, 27203.0 ], [ 3949.0, 27219.0 ], [ 3949.0, 27236.0 ], [ 3933.0, 27252.0 ], [ 3933.0, 27269.0 ], [ 3933.0, 27285.0 ], [ 3933.0, 27302.0 ], [ 3933.0, 27318.0 ], [ 3933.0, 27334.0 ], [ 3933.0, 27351.0 ], [ 3949.0, 27367.0 ], [ 3949.0, 27384.0 ], [ 3949.0, 27400.0 ], [ 3966.0, 27417.0 ], [ 3966.0, 27433.0 ], [ 3982.0, 27450.0 ], [ 3982.0, 27466.0 ], [ 3999.0, 27483.0 ], [ 4015.0, 27499.0 ], [ 4015.0, 27515.0 ], [ 4015.0, 27532.0 ], [ 4031.0, 27548.0 ], [ 4031.0, 27565.0 ], [ 4048.0, 27581.0 ], [ 4048.0, 27598.0 ], [ 4064.0, 27614.0 ], [ 4064.0, 27631.0 ], [ 4081.0, 27647.0 ], [ 4097.0, 27647.0 ], [ 4114.0, 27647.0 ], [ 4130.0, 27647.0 ], [ 4130.0, 27631.0 ], [ 4130.0, 27614.0 ], [ 4130.0, 27598.0 ], [ 4130.0, 27581.0 ], [ 4147.0, 27565.0 ], [ 4163.0, 27581.0 ], [ 4180.0, 27581.0 ], [ 4196.0, 27581.0 ], [ 4212.0, 27598.0 ], [ 4229.0, 27598.0 ], [ 4245.0, 27598.0 ], [ 4262.0, 27614.0 ], [ 4278.0, 27614.0 ], [ 4295.0, 27614.0 ], [ 4311.0, 27614.0 ], [ 4328.0, 27614.0 ], [ 4344.0, 27614.0 ], [ 4361.0, 27631.0 ], [ 4361.0, 27647.0 ], [ 4377.0, 27647.0 ], [ 4393.0, 27647.0 ], [ 4410.0, 27664.0 ], [ 4393.0, 27680.0 ], [ 4393.0, 27696.0 ], [ 4393.0, 27713.0 ], [ 4393.0, 27729.0 ], [ 4410.0, 27746.0 ], [ 4426.0, 27762.0 ], [ 4426.0, 27779.0 ], [ 4443.0, 27779.0 ], [ 4459.0, 27795.0 ], [ 4476.0, 27795.0 ], [ 4492.0, 27812.0 ], [ 4509.0, 27828.0 ], [ 4525.0, 27828.0 ], [ 4542.0, 27828.0 ], [ 4558.0, 27828.0 ], [ 4575.0, 27845.0 ], [ 4591.0, 27845.0 ], [ 4607.0, 27845.0 ], [ 4624.0, 27845.0 ], [ 4640.0, 27845.0 ], [ 4657.0, 27845.0 ], [ 4673.0, 27845.0 ], [ 4690.0, 27845.0 ], [ 4706.0, 27845.0 ], [ 4723.0, 27845.0 ], [ 4739.0, 27828.0 ], [ 4756.0, 27828.0 ], [ 4772.0, 27828.0 ], [ 4788.0, 27828.0 ], [ 4805.0, 27828.0 ], [ 4821.0, 27828.0 ], [ 4838.0, 27845.0 ], [ 4854.0, 27861.0 ], [ 4871.0, 27861.0 ], [ 4887.0, 27845.0 ], [ 4904.0, 27861.0 ], [ 4920.0, 27861.0 ], [ 4937.0, 27878.0 ], [ 4953.0, 27878.0 ], [ 4969.0, 27894.0 ], [ 4986.0, 27894.0 ], [ 5002.0, 27894.0 ], [ 5019.0, 27894.0 ], [ 5035.0, 27894.0 ], [ 5052.0, 27894.0 ], [ 5068.0, 27878.0 ], [ 5085.0, 27878.0 ], [ 5101.0, 27878.0 ], [ 5118.0, 27878.0 ], [ 5134.0, 27878.0 ], [ 5151.0, 27878.0 ], [ 5167.0, 27861.0 ], [ 5183.0, 27861.0 ], [ 5200.0, 27861.0 ], [ 5216.0, 27861.0 ], [ 5233.0, 27845.0 ], [ 5249.0, 27845.0 ], [ 5266.0, 27845.0 ], [ 5282.0, 27845.0 ], [ 5299.0, 27828.0 ], [ 5315.0, 27828.0 ], [ 5332.0, 27812.0 ], [ 5348.0, 27812.0 ], [ 5364.0, 27812.0 ], [ 5381.0, 27795.0 ], [ 5397.0, 27795.0 ], [ 5414.0, 27779.0 ], [ 5430.0, 27779.0 ], [ 5447.0, 27779.0 ], [ 5463.0, 27762.0 ], [ 5480.0, 27779.0 ], [ 5496.0, 27779.0 ], [ 5513.0, 27779.0 ], [ 5529.0, 27779.0 ], [ 5545.0, 27762.0 ], [ 5562.0, 27746.0 ], [ 5578.0, 27729.0 ], [ 5595.0, 27746.0 ], [ 5611.0, 27746.0 ], [ 5628.0, 27762.0 ], [ 5628.0, 27779.0 ], [ 5644.0, 27779.0 ], [ 5661.0, 27762.0 ], [ 5677.0, 27762.0 ], [ 5694.0, 27762.0 ], [ 5710.0, 27762.0 ], [ 5727.0, 27762.0 ], [ 5743.0, 27762.0 ], [ 5759.0, 27762.0 ], [ 5776.0, 27762.0 ], [ 5792.0, 27762.0 ], [ 5809.0, 27762.0 ], [ 5825.0, 27762.0 ], [ 5842.0, 27762.0 ], [ 5858.0, 27746.0 ], [ 5875.0, 27746.0 ], [ 5891.0, 27746.0 ], [ 5908.0, 27746.0 ], [ 5924.0, 27746.0 ], [ 5940.0, 27746.0 ], [ 5957.0, 27729.0 ], [ 5973.0, 27713.0 ], [ 5990.0, 27713.0 ], [ 6006.0, 27713.0 ], [ 6023.0, 27696.0 ], [ 6039.0, 27680.0 ], [ 6056.0, 27680.0 ], [ 6072.0, 27664.0 ], [ 6089.0, 27664.0 ], [ 6105.0, 27647.0 ], [ 6121.0, 27647.0 ], [ 6138.0, 27647.0 ], [ 6154.0, 27631.0 ], [ 6171.0, 27631.0 ], [ 6187.0, 27631.0 ], [ 6204.0, 27614.0 ], [ 6220.0, 27598.0 ], [ 6237.0, 27581.0 ], [ 6253.0, 27565.0 ], [ 6270.0, 27548.0 ], [ 6286.0, 27548.0 ], [ 6302.0, 27532.0 ], [ 6319.0, 27532.0 ], [ 6335.0, 27532.0 ], [ 6352.0, 27515.0 ], [ 6368.0, 27515.0 ], [ 6385.0, 27515.0 ], [ 6401.0, 27499.0 ], [ 6418.0, 27483.0 ], [ 6434.0, 27483.0 ], [ 6451.0, 27466.0 ], [ 6451.0, 27450.0 ], [ 6467.0, 27433.0 ], [ 6467.0, 27417.0 ], [ 6467.0, 27400.0 ], [ 6484.0, 27384.0 ], [ 6484.0, 27367.0 ], [ 6500.0, 27351.0 ], [ 6500.0, 27334.0 ], [ 6500.0, 27318.0 ], [ 6516.0, 27302.0 ], [ 6533.0, 27302.0 ], [ 6533.0, 27285.0 ], [ 6533.0, 27269.0 ], [ 6549.0, 27252.0 ], [ 6566.0, 27269.0 ], [ 6582.0, 27269.0 ], [ 6599.0, 27285.0 ], [ 6615.0, 27285.0 ], [ 6632.0, 27285.0 ], [ 6648.0, 27285.0 ], [ 6665.0, 27269.0 ], [ 6681.0, 27269.0 ], [ 6697.0, 27269.0 ], [ 6714.0, 27252.0 ], [ 6730.0, 27252.0 ], [ 6747.0, 27236.0 ], [ 6763.0, 27236.0 ], [ 6780.0, 27219.0 ], [ 6780.0, 27203.0 ], [ 6796.0, 27186.0 ], [ 6813.0, 27170.0 ], [ 6813.0, 27153.0 ], [ 6829.0, 27137.0 ], [ 6846.0, 27137.0 ], [ 6862.0, 27120.0 ], [ 6878.0, 27120.0 ], [ 6895.0, 27104.0 ], [ 6911.0, 27088.0 ], [ 6928.0, 27088.0 ], [ 6944.0, 27071.0 ], [ 6961.0, 27071.0 ], [ 6977.0, 27055.0 ], [ 6994.0, 27055.0 ], [ 7010.0, 27038.0 ], [ 7027.0, 27022.0 ], [ 7043.0, 27022.0 ], [ 7060.0, 27022.0 ], [ 7076.0, 27005.0 ], [ 7092.0, 26989.0 ], [ 7109.0, 26989.0 ], [ 7125.0, 26972.0 ], [ 7142.0, 26956.0 ], [ 7158.0, 26956.0 ], [ 7175.0, 26939.0 ], [ 7191.0, 26939.0 ], [ 7208.0, 26923.0 ], [ 7224.0, 26923.0 ], [ 7241.0, 26907.0 ], [ 7257.0, 26890.0 ], [ 7273.0, 26874.0 ], [ 7290.0, 26874.0 ], [ 7306.0, 26890.0 ], [ 7323.0, 26890.0 ], [ 7339.0, 26874.0 ], [ 7339.0, 26857.0 ], [ 7339.0, 26841.0 ], [ 7356.0, 26824.0 ], [ 7372.0, 26808.0 ], [ 7389.0, 26808.0 ], [ 7405.0, 26791.0 ], [ 7422.0, 26775.0 ], [ 7422.0, 26758.0 ], [ 7422.0, 26742.0 ], [ 7422.0, 26726.0 ], [ 7422.0, 26709.0 ], [ 7422.0, 26693.0 ], [ 7422.0, 26676.0 ], [ 7422.0, 26660.0 ], [ 7422.0, 26643.0 ], [ 7438.0, 26627.0 ], [ 7438.0, 26610.0 ], [ 7438.0, 26594.0 ], [ 7454.0, 26577.0 ], [ 7454.0, 26561.0 ], [ 7471.0, 26545.0 ], [ 7471.0, 26528.0 ], [ 7471.0, 26512.0 ], [ 7471.0, 26495.0 ], [ 7471.0, 26479.0 ], [ 7471.0, 26462.0 ], [ 7471.0, 26446.0 ], [ 7471.0, 26429.0 ], [ 7487.0, 26413.0 ], [ 7487.0, 26396.0 ], [ 7487.0, 26380.0 ], [ 7504.0, 26363.0 ], [ 7504.0, 26347.0 ], [ 7504.0, 26331.0 ], [ 7520.0, 26314.0 ], [ 7520.0, 26298.0 ], [ 7537.0, 26281.0 ], [ 7537.0, 26265.0 ], [ 7553.0, 26248.0 ], [ 7553.0, 26232.0 ], [ 7570.0, 26215.0 ], [ 7586.0, 26199.0 ], [ 7603.0, 26199.0 ], [ 7603.0, 26182.0 ], [ 7603.0, 26166.0 ], [ 7603.0, 26150.0 ], [ 7603.0, 26133.0 ], [ 7603.0, 26117.0 ], [ 7603.0, 26100.0 ], [ 7619.0, 26084.0 ], [ 7619.0, 26067.0 ], [ 7636.0, 26051.0 ], [ 7636.0, 26034.0 ], [ 7636.0, 26018.0 ], [ 7636.0, 26001.0 ], [ 7652.0, 25985.0 ], [ 7652.0, 25969.0 ], [ 7668.0, 25952.0 ], [ 7685.0, 25936.0 ], [ 7685.0, 25919.0 ], [ 7701.0, 25903.0 ], [ 7718.0, 25903.0 ], [ 7734.0, 25903.0 ], [ 7734.0, 25886.0 ], [ 7751.0, 25870.0 ], [ 7751.0, 25853.0 ], [ 7767.0, 25837.0 ], [ 7767.0, 25820.0 ], [ 7784.0, 25804.0 ], [ 7784.0, 25787.0 ], [ 7800.0, 25771.0 ], [ 7800.0, 25755.0 ], [ 7800.0, 25738.0 ], [ 7800.0, 25722.0 ], [ 7817.0, 25705.0 ], [ 7817.0, 25689.0 ], [ 7817.0, 25672.0 ], [ 7817.0, 25656.0 ], [ 7817.0, 25639.0 ], [ 7817.0, 25623.0 ], [ 7833.0, 25606.0 ], [ 7849.0, 25590.0 ], [ 7866.0, 25574.0 ], [ 7866.0, 25557.0 ], [ 7866.0, 25541.0 ], [ 7866.0, 25524.0 ], [ 7866.0, 25508.0 ], [ 7849.0, 25508.0 ], [ 7833.0, 25491.0 ], [ 7849.0, 25475.0 ], [ 7849.0, 25458.0 ], [ 7833.0, 25458.0 ], [ 7817.0, 25442.0 ], [ 7817.0, 25425.0 ], [ 7800.0, 25425.0 ], [ 7784.0, 25425.0 ], [ 7767.0, 25409.0 ], [ 7751.0, 25393.0 ], [ 7767.0, 25376.0 ], [ 7784.0, 25360.0 ], [ 7800.0, 25343.0 ], [ 7817.0, 25343.0 ], [ 7833.0, 25327.0 ], [ 7849.0, 25327.0 ], [ 7849.0, 25310.0 ], [ 7866.0, 25294.0 ], [ 7866.0, 25277.0 ], [ 7882.0, 25261.0 ], [ 7899.0, 25261.0 ], [ 7899.0, 25244.0 ], [ 7899.0, 25228.0 ], [ 7882.0, 25211.0 ], [ 7866.0, 25195.0 ], [ 7866.0, 25179.0 ], [ 7866.0, 25162.0 ], [ 7882.0, 25146.0 ], [ 7899.0, 25146.0 ], [ 7899.0, 25129.0 ], [ 7899.0, 25113.0 ], [ 7899.0, 25096.0 ], [ 7882.0, 25096.0 ], [ 7866.0, 25080.0 ], [ 7882.0, 25063.0 ], [ 7882.0, 25047.0 ], [ 7882.0, 25030.0 ], [ 7882.0, 25014.0 ], [ 7882.0, 24998.0 ], [ 7882.0, 24981.0 ], [ 7882.0, 24965.0 ], [ 7899.0, 24948.0 ], [ 7899.0, 24932.0 ], [ 7899.0, 24915.0 ], [ 7899.0, 24899.0 ], [ 7899.0, 24882.0 ], [ 7882.0, 24882.0 ], [ 7866.0, 24866.0 ], [ 7866.0, 24849.0 ], [ 7866.0, 24833.0 ], [ 7882.0, 24817.0 ], [ 7899.0, 24800.0 ], [ 7899.0, 24784.0 ], [ 7899.0, 24767.0 ], [ 7882.0, 24751.0 ], [ 7882.0, 24734.0 ], [ 7882.0, 24718.0 ], [ 7882.0, 24701.0 ], [ 7899.0, 24685.0 ], [ 7915.0, 24685.0 ], [ 7932.0, 24668.0 ], [ 7948.0, 24668.0 ], [ 7948.0, 24652.0 ], [ 7932.0, 24636.0 ], [ 7948.0, 24619.0 ], [ 7965.0, 24619.0 ], [ 7981.0, 24619.0 ], [ 7998.0, 24619.0 ], [ 8014.0, 24619.0 ], [ 8030.0, 24619.0 ], [ 8047.0, 24619.0 ], [ 8063.0, 24619.0 ], [ 8080.0, 24619.0 ], [ 8096.0, 24619.0 ], [ 8113.0, 24619.0 ], [ 8129.0, 24619.0 ], [ 8146.0, 24619.0 ], [ 8162.0, 24619.0 ], [ 8179.0, 24619.0 ], [ 8195.0, 24619.0 ], [ 8195.0, 24603.0 ], [ 8195.0, 24586.0 ], [ 8195.0, 24570.0 ], [ 8195.0, 24553.0 ], [ 8195.0, 24537.0 ], [ 8195.0, 24520.0 ], [ 8195.0, 24504.0 ], [ 8195.0, 24487.0 ], [ 8195.0, 24471.0 ], [ 8195.0, 24454.0 ], [ 8195.0, 24438.0 ], [ 8195.0, 24422.0 ], [ 8195.0, 24405.0 ], [ 8195.0, 24389.0 ], [ 8195.0, 24372.0 ], [ 8195.0, 24356.0 ], [ 8195.0, 24339.0 ], [ 8195.0, 24323.0 ], [ 8195.0, 24306.0 ], [ 8195.0, 24290.0 ], [ 8195.0, 24273.0 ], [ 8212.0, 24257.0 ], [ 8228.0, 24257.0 ], [ 8244.0, 24241.0 ], [ 8244.0, 24224.0 ], [ 8261.0, 24208.0 ], [ 8261.0, 24191.0 ], [ 8277.0, 24175.0 ], [ 8294.0, 24175.0 ], [ 8294.0, 24158.0 ], [ 8294.0, 24142.0 ], [ 8294.0, 24125.0 ], [ 8277.0, 24109.0 ], [ 8261.0, 24092.0 ], [ 8277.0, 24076.0 ], [ 8277.0, 24060.0 ], [ 8277.0, 24043.0 ], [ 8294.0, 24027.0 ], [ 8310.0, 24027.0 ], [ 8327.0, 24027.0 ], [ 8343.0, 24010.0 ], [ 8360.0, 23994.0 ], [ 8360.0, 23977.0 ], [ 8343.0, 23961.0 ], [ 8343.0, 23944.0 ], [ 8360.0, 23928.0 ], [ 8376.0, 23928.0 ], [ 8393.0, 23928.0 ], [ 8409.0, 23911.0 ], [ 8425.0, 23895.0 ], [ 8442.0, 23895.0 ], [ 8458.0, 23911.0 ], [ 8458.0, 23928.0 ], [ 8475.0, 23928.0 ], [ 8491.0, 23928.0 ], [ 8508.0, 23911.0 ], [ 8524.0, 23911.0 ], [ 8541.0, 23911.0 ], [ 8557.0, 23895.0 ], [ 8574.0, 23895.0 ], [ 8590.0, 23895.0 ], [ 8590.0, 23878.0 ], [ 8606.0, 23862.0 ], [ 8623.0, 23878.0 ], [ 8639.0, 23878.0 ], [ 8656.0, 23878.0 ], [ 8672.0, 23862.0 ], [ 8689.0, 23862.0 ], [ 8689.0, 23846.0 ], [ 8705.0, 23829.0 ], [ 8722.0, 23829.0 ], [ 8738.0, 23829.0 ], [ 8755.0, 23829.0 ], [ 8771.0, 23829.0 ], [ 8787.0, 23829.0 ], [ 8804.0, 23813.0 ], [ 8820.0, 23813.0 ], [ 8837.0, 23796.0 ], [ 8853.0, 23796.0 ], [ 8870.0, 23780.0 ], [ 8870.0, 23763.0 ], [ 8870.0, 23747.0 ], [ 8886.0, 23730.0 ], [ 8903.0, 23730.0 ], [ 8919.0, 23730.0 ], [ 8936.0, 23730.0 ], [ 8952.0, 23714.0 ], [ 8969.0, 23697.0 ], [ 8985.0, 23697.0 ], [ 9001.0, 23697.0 ], [ 9018.0, 23681.0 ], [ 9018.0, 23665.0 ], [ 9018.0, 23648.0 ], [ 9034.0, 23632.0 ], [ 9051.0, 23632.0 ], [ 9051.0, 23615.0 ], [ 9051.0, 23599.0 ], [ 9051.0, 23582.0 ], [ 9051.0, 23566.0 ], [ 9067.0, 23549.0 ], [ 9084.0, 23549.0 ], [ 9100.0, 23533.0 ], [ 9117.0, 23516.0 ], [ 9133.0, 23516.0 ], [ 9150.0, 23500.0 ], [ 9150.0, 23484.0 ], [ 9166.0, 23467.0 ], [ 9166.0, 23451.0 ], [ 9182.0, 23434.0 ], [ 9182.0, 23418.0 ], [ 9182.0, 23401.0 ], [ 9166.0, 23385.0 ], [ 9166.0, 23368.0 ], [ 9182.0, 23352.0 ], [ 9199.0, 23335.0 ], [ 9199.0, 23319.0 ], [ 9199.0, 23302.0 ], [ 9215.0, 23286.0 ], [ 9215.0, 23270.0 ], [ 9232.0, 23253.0 ], [ 9248.0, 23237.0 ], [ 9248.0, 23220.0 ], [ 9265.0, 23204.0 ], [ 9265.0, 23187.0 ], [ 9281.0, 23171.0 ], [ 9298.0, 23154.0 ], [ 9298.0, 23138.0 ], [ 9298.0, 23121.0 ], [ 9314.0, 23105.0 ], [ 9331.0, 23089.0 ], [ 9347.0, 23072.0 ], [ 9363.0, 23072.0 ], [ 9380.0, 23056.0 ], [ 9396.0, 23056.0 ], [ 9396.0, 23039.0 ], [ 9380.0, 23023.0 ], [ 9396.0, 23006.0 ], [ 9396.0, 22990.0 ], [ 9413.0, 22973.0 ], [ 9429.0, 22957.0 ], [ 9429.0, 22940.0 ], [ 9429.0, 22924.0 ], [ 9413.0, 22908.0 ], [ 9413.0, 22891.0 ], [ 9429.0, 22875.0 ], [ 9429.0, 22858.0 ], [ 9446.0, 22842.0 ], [ 9462.0, 22825.0 ], [ 9479.0, 22825.0 ], [ 9479.0, 22809.0 ], [ 9479.0, 22792.0 ], [ 9479.0, 22776.0 ], [ 9495.0, 22759.0 ], [ 9512.0, 22759.0 ], [ 9512.0, 22743.0 ], [ 9528.0, 22726.0 ], [ 9528.0, 22710.0 ], [ 9545.0, 22694.0 ], [ 9545.0, 22677.0 ], [ 9545.0, 22661.0 ], [ 9545.0, 22644.0 ], [ 9545.0, 22628.0 ], [ 9561.0, 22611.0 ], [ 9577.0, 22595.0 ], [ 9577.0, 22578.0 ], [ 9577.0, 22562.0 ], [ 9577.0, 22545.0 ], [ 9577.0, 22529.0 ], [ 9577.0, 22513.0 ], [ 9594.0, 22496.0 ], [ 9610.0, 22496.0 ], [ 9627.0, 22496.0 ], [ 9627.0, 22480.0 ], [ 9627.0, 22463.0 ], [ 9627.0, 22447.0 ], [ 9627.0, 22430.0 ], [ 9610.0, 22414.0 ], [ 9627.0, 22397.0 ], [ 9627.0, 22381.0 ], [ 9643.0, 22364.0 ], [ 9660.0, 22348.0 ], [ 9643.0, 22332.0 ], [ 9643.0, 22315.0 ], [ 9660.0, 22299.0 ], [ 9676.0, 22299.0 ], [ 9693.0, 22315.0 ], [ 9693.0, 22332.0 ], [ 9709.0, 22332.0 ], [ 9726.0, 22332.0 ], [ 9726.0, 22315.0 ], [ 9726.0, 22299.0 ], [ 9742.0, 22282.0 ], [ 9758.0, 22282.0 ], [ 9775.0, 22266.0 ], [ 9791.0, 22249.0 ], [ 9808.0, 22249.0 ], [ 9824.0, 22233.0 ], [ 9841.0, 22216.0 ], [ 9857.0, 22216.0 ], [ 9874.0, 22216.0 ], [ 9890.0, 22216.0 ], [ 9907.0, 22216.0 ], [ 9907.0, 22200.0 ], [ 9923.0, 22183.0 ], [ 9939.0, 22183.0 ], [ 9956.0, 22167.0 ], [ 9972.0, 22151.0 ], [ 9989.0, 22134.0 ], [ 9989.0, 22118.0 ], [ 9989.0, 22101.0 ], [ 9972.0, 22085.0 ], [ 9972.0, 22068.0 ], [ 9972.0, 22052.0 ], [ 9972.0, 22035.0 ], [ 9989.0, 22019.0 ], [ 9989.0, 22002.0 ], [ 9989.0, 21986.0 ], [ 10005.0, 21969.0 ], [ 10022.0, 21969.0 ], [ 10038.0, 21953.0 ], [ 10055.0, 21937.0 ], [ 10071.0, 21937.0 ], [ 10088.0, 21920.0 ], [ 10104.0, 21920.0 ], [ 10121.0, 21904.0 ], [ 10137.0, 21887.0 ], [ 10153.0, 21871.0 ], [ 10153.0, 21854.0 ], [ 10170.0, 21838.0 ], [ 10170.0, 21821.0 ], [ 10186.0, 21805.0 ], [ 10203.0, 21788.0 ], [ 10219.0, 21772.0 ], [ 10219.0, 21756.0 ], [ 10219.0, 21739.0 ], [ 10203.0, 21723.0 ], [ 10203.0, 21706.0 ], [ 10219.0, 21690.0 ], [ 10236.0, 21673.0 ], [ 10236.0, 21657.0 ], [ 10252.0, 21640.0 ], [ 10252.0, 21624.0 ], [ 10269.0, 21607.0 ], [ 10285.0, 21591.0 ], [ 10285.0, 21575.0 ], [ 10285.0, 21558.0 ], [ 10285.0, 21542.0 ], [ 10285.0, 21525.0 ], [ 10285.0, 21509.0 ], [ 10285.0, 21492.0 ], [ 10285.0, 21476.0 ], [ 10302.0, 21459.0 ], [ 10318.0, 21443.0 ], [ 10318.0, 21426.0 ], [ 10318.0, 21410.0 ], [ 10318.0, 21393.0 ], [ 10334.0, 21377.0 ], [ 10334.0, 21361.0 ], [ 10334.0, 21344.0 ], [ 10351.0, 21328.0 ], [ 10351.0, 21311.0 ], [ 10367.0, 21295.0 ], [ 10367.0, 21278.0 ], [ 10384.0, 21262.0 ], [ 10384.0, 21245.0 ], [ 10384.0, 21229.0 ], [ 10384.0, 21212.0 ], [ 10400.0, 21196.0 ], [ 10417.0, 21180.0 ], [ 10417.0, 21163.0 ], [ 10417.0, 21147.0 ], [ 10433.0, 21130.0 ], [ 10433.0, 21114.0 ], [ 10417.0, 21097.0 ], [ 10400.0, 21081.0 ], [ 10400.0, 21064.0 ], [ 10400.0, 21048.0 ], [ 10400.0, 21031.0 ], [ 10400.0, 21015.0 ], [ 10400.0, 20999.0 ], [ 10400.0, 20982.0 ], [ 10400.0, 20966.0 ], [ 10417.0, 20949.0 ], [ 10417.0, 20933.0 ], [ 10417.0, 20916.0 ], [ 10433.0, 20900.0 ], [ 10433.0, 20883.0 ], [ 10450.0, 20867.0 ], [ 10466.0, 20850.0 ], [ 10483.0, 20850.0 ], [ 10499.0, 20850.0 ], [ 10515.0, 20850.0 ], [ 10515.0, 20834.0 ], [ 10532.0, 20817.0 ], [ 10548.0, 20801.0 ], [ 10565.0, 20801.0 ], [ 10581.0, 20801.0 ], [ 10598.0, 20785.0 ], [ 10614.0, 20768.0 ], [ 10614.0, 20752.0 ], [ 10631.0, 20735.0 ], [ 10647.0, 20719.0 ], [ 10647.0, 20702.0 ], [ 10664.0, 20686.0 ], [ 10680.0, 20669.0 ], [ 10696.0, 20653.0 ], [ 10713.0, 20653.0 ], [ 10729.0, 20636.0 ], [ 10746.0, 20620.0 ], [ 10746.0, 20604.0 ], [ 10762.0, 20587.0 ], [ 10762.0, 20571.0 ], [ 10779.0, 20554.0 ], [ 10795.0, 20554.0 ], [ 10812.0, 20538.0 ], [ 10812.0, 20521.0 ], [ 10828.0, 20505.0 ], [ 10828.0, 20488.0 ], [ 10828.0, 20472.0 ], [ 10845.0, 20455.0 ], [ 10845.0, 20439.0 ], [ 10861.0, 20423.0 ], [ 10878.0, 20423.0 ], [ 10878.0, 20406.0 ], [ 10894.0, 20390.0 ], [ 10894.0, 20373.0 ], [ 10894.0, 20357.0 ], [ 10910.0, 20340.0 ], [ 10910.0, 20324.0 ], [ 10910.0, 20307.0 ], [ 10910.0, 20291.0 ], [ 10927.0, 20274.0 ], [ 10943.0, 20274.0 ], [ 10943.0, 20258.0 ], [ 10943.0, 20242.0 ], [ 10960.0, 20225.0 ], [ 10976.0, 20209.0 ], [ 10976.0, 20192.0 ], [ 10960.0, 20192.0 ], [ 10943.0, 20176.0 ], [ 10960.0, 20159.0 ], [ 10976.0, 20143.0 ], [ 10993.0, 20126.0 ], [ 10993.0, 20110.0 ], [ 11009.0, 20093.0 ], [ 11009.0, 20077.0 ], [ 11009.0, 20060.0 ], [ 11026.0, 20044.0 ], [ 11042.0, 20028.0 ], [ 11042.0, 20011.0 ], [ 11059.0, 19995.0 ], [ 11075.0, 19978.0 ], [ 11091.0, 19978.0 ], [ 11091.0, 19962.0 ], [ 11091.0, 19945.0 ], [ 11108.0, 19929.0 ], [ 11124.0, 19912.0 ], [ 11141.0, 19896.0 ], [ 11157.0, 19879.0 ], [ 11174.0, 19863.0 ], [ 11174.0, 19847.0 ], [ 11190.0, 19830.0 ], [ 11207.0, 19830.0 ], [ 11223.0, 19830.0 ], [ 11240.0, 19814.0 ], [ 11256.0, 19830.0 ], [ 11272.0, 19847.0 ], [ 11289.0, 19847.0 ], [ 11305.0, 19847.0 ], [ 11322.0, 19847.0 ], [ 11338.0, 19847.0 ], [ 11355.0, 19830.0 ], [ 11371.0, 19830.0 ], [ 11388.0, 19830.0 ], [ 11404.0, 19830.0 ], [ 11421.0, 19814.0 ], [ 11437.0, 19814.0 ], [ 11454.0, 19797.0 ], [ 11470.0, 19781.0 ], [ 11486.0, 19764.0 ], [ 11486.0, 19748.0 ], [ 11486.0, 19731.0 ], [ 11503.0, 19715.0 ], [ 11519.0, 19715.0 ], [ 11536.0, 19715.0 ], [ 11552.0, 19698.0 ], [ 11569.0, 19682.0 ], [ 11569.0, 19666.0 ], [ 11569.0, 19649.0 ], [ 11569.0, 19633.0 ], [ 11569.0, 19616.0 ], [ 11552.0, 19600.0 ], [ 11552.0, 19583.0 ], [ 11552.0, 19567.0 ], [ 11569.0, 19550.0 ], [ 11569.0, 19534.0 ], [ 11552.0, 19517.0 ], [ 11552.0, 19501.0 ], [ 11569.0, 19484.0 ], [ 11585.0, 19468.0 ], [ 11602.0, 19452.0 ], [ 11618.0, 19435.0 ], [ 11635.0, 19419.0 ], [ 11651.0, 19402.0 ], [ 11651.0, 19386.0 ], [ 11667.0, 19369.0 ], [ 11667.0, 19353.0 ], [ 11651.0, 19353.0 ], [ 11635.0, 19353.0 ], [ 11618.0, 19336.0 ], [ 11618.0, 19320.0 ], [ 11618.0, 19303.0 ], [ 11602.0, 19287.0 ], [ 11602.0, 19271.0 ], [ 11602.0, 19254.0 ], [ 11602.0, 19238.0 ], [ 11585.0, 19221.0 ], [ 11585.0, 19205.0 ], [ 11602.0, 19188.0 ], [ 11618.0, 19188.0 ], [ 11635.0, 19172.0 ], [ 11651.0, 19172.0 ], [ 11667.0, 19155.0 ], [ 11684.0, 19155.0 ], [ 11684.0, 19139.0 ], [ 11684.0, 19122.0 ], [ 11700.0, 19106.0 ], [ 11717.0, 19106.0 ], [ 11733.0, 19106.0 ], [ 11750.0, 19090.0 ], [ 11750.0, 19073.0 ], [ 11750.0, 19057.0 ], [ 11766.0, 19040.0 ], [ 11783.0, 19040.0 ], [ 11799.0, 19040.0 ], [ 11816.0, 19040.0 ], [ 11832.0, 19040.0 ], [ 11848.0, 19040.0 ], [ 11865.0, 19040.0 ], [ 11881.0, 19040.0 ], [ 11898.0, 19057.0 ], [ 11914.0, 19057.0 ], [ 11931.0, 19057.0 ], [ 11947.0, 19057.0 ], [ 11964.0, 19040.0 ], [ 11980.0, 19040.0 ], [ 11997.0, 19040.0 ], [ 12013.0, 19040.0 ], [ 12030.0, 19040.0 ], [ 12046.0, 19040.0 ], [ 12062.0, 19024.0 ], [ 12079.0, 19024.0 ], [ 12095.0, 19024.0 ], [ 12095.0, 19007.0 ], [ 12112.0, 18991.0 ], [ 12112.0, 18974.0 ], [ 12128.0, 18958.0 ], [ 12145.0, 18941.0 ], [ 12145.0, 18925.0 ], [ 12161.0, 18908.0 ], [ 12178.0, 18908.0 ], [ 12194.0, 18892.0 ], [ 12211.0, 18892.0 ], [ 12227.0, 18892.0 ], [ 12243.0, 18892.0 ], [ 12260.0, 18892.0 ], [ 12260.0, 18876.0 ], [ 12276.0, 18859.0 ], [ 12293.0, 18843.0 ], [ 12309.0, 18826.0 ], [ 12326.0, 18826.0 ], [ 12342.0, 18810.0 ], [ 12359.0, 18810.0 ], [ 12375.0, 18793.0 ], [ 12375.0, 18777.0 ], [ 12392.0, 18760.0 ], [ 12408.0, 18760.0 ], [ 12408.0, 18744.0 ], [ 12392.0, 18727.0 ], [ 12375.0, 18727.0 ], [ 12359.0, 18711.0 ], [ 12342.0, 18711.0 ], [ 12326.0, 18695.0 ], [ 12309.0, 18695.0 ], [ 12293.0, 18678.0 ], [ 12276.0, 18678.0 ], [ 12260.0, 18678.0 ], [ 12243.0, 18678.0 ], [ 12227.0, 18678.0 ], [ 12211.0, 18695.0 ], [ 12194.0, 18695.0 ], [ 12178.0, 18678.0 ], [ 12178.0, 18662.0 ], [ 12178.0, 18645.0 ], [ 12161.0, 18629.0 ], [ 12178.0, 18612.0 ], [ 12178.0, 18596.0 ], [ 12178.0, 18579.0 ], [ 12178.0, 18563.0 ], [ 12178.0, 18546.0 ], [ 12178.0, 18530.0 ], [ 12194.0, 18514.0 ], [ 12211.0, 18514.0 ], [ 12227.0, 18514.0 ], [ 12243.0, 18514.0 ], [ 12260.0, 18497.0 ], [ 12276.0, 18497.0 ], [ 12293.0, 18481.0 ], [ 12309.0, 18481.0 ], [ 12326.0, 18464.0 ], [ 12342.0, 18464.0 ], [ 12359.0, 18448.0 ], [ 12375.0, 18448.0 ], [ 12392.0, 18448.0 ], [ 12408.0, 18431.0 ], [ 12424.0, 18431.0 ], [ 12441.0, 18415.0 ], [ 12457.0, 18398.0 ], [ 12457.0, 18382.0 ], [ 12474.0, 18365.0 ], [ 12490.0, 18365.0 ], [ 12507.0, 18349.0 ], [ 12507.0, 18333.0 ], [ 12507.0, 18316.0 ], [ 12523.0, 18300.0 ], [ 12540.0, 18283.0 ], [ 12540.0, 18267.0 ], [ 12540.0, 18250.0 ], [ 12523.0, 18234.0 ], [ 12523.0, 18217.0 ], [ 12523.0, 18201.0 ], [ 12523.0, 18184.0 ], [ 12540.0, 18168.0 ], [ 12556.0, 18151.0 ], [ 12573.0, 18151.0 ], [ 12589.0, 18135.0 ], [ 12605.0, 18135.0 ], [ 12622.0, 18151.0 ], [ 12622.0, 18168.0 ], [ 12605.0, 18184.0 ], [ 12605.0, 18201.0 ], [ 12605.0, 18217.0 ], [ 12622.0, 18217.0 ], [ 12638.0, 18217.0 ], [ 12655.0, 18201.0 ], [ 12671.0, 18201.0 ], [ 12671.0, 18184.0 ], [ 12655.0, 18168.0 ], [ 12671.0, 18151.0 ], [ 12671.0, 18135.0 ], [ 12655.0, 18135.0 ], [ 12638.0, 18119.0 ], [ 12655.0, 18102.0 ], [ 12671.0, 18102.0 ], [ 12688.0, 18102.0 ], [ 12704.0, 18119.0 ], [ 12721.0, 18119.0 ], [ 12737.0, 18135.0 ], [ 12754.0, 18135.0 ], [ 12770.0, 18119.0 ], [ 12787.0, 18119.0 ], [ 12803.0, 18102.0 ], [ 12819.0, 18102.0 ], [ 12836.0, 18086.0 ], [ 12836.0, 18069.0 ], [ 12852.0, 18053.0 ], [ 12869.0, 18069.0 ], [ 12869.0, 18086.0 ], [ 12869.0, 18102.0 ], [ 12885.0, 18102.0 ], [ 12902.0, 18086.0 ], [ 12918.0, 18086.0 ], [ 12935.0, 18086.0 ], [ 12951.0, 18086.0 ], [ 12968.0, 18069.0 ], [ 12984.0, 18069.0 ], [ 12984.0, 18053.0 ], [ 12984.0, 18036.0 ], [ 12968.0, 18020.0 ], [ 12951.0, 18003.0 ], [ 12935.0, 18003.0 ], [ 12918.0, 17987.0 ], [ 12918.0, 17970.0 ], [ 12918.0, 17954.0 ], [ 12918.0, 17938.0 ], [ 12918.0, 17921.0 ], [ 12902.0, 17921.0 ], [ 12885.0, 17921.0 ], [ 12869.0, 17905.0 ], [ 12869.0, 17888.0 ], [ 12869.0, 17872.0 ], [ 12885.0, 17855.0 ], [ 12885.0, 17839.0 ], [ 12885.0, 17822.0 ], [ 12902.0, 17806.0 ], [ 12918.0, 17806.0 ], [ 12935.0, 17806.0 ], [ 12951.0, 17806.0 ], [ 12968.0, 17822.0 ], [ 12968.0, 17839.0 ], [ 12968.0, 17855.0 ], [ 12968.0, 17872.0 ], [ 12968.0, 17888.0 ], [ 12984.0, 17905.0 ], [ 13000.0, 17905.0 ], [ 13017.0, 17905.0 ], [ 13017.0, 17888.0 ], [ 13033.0, 17872.0 ], [ 13050.0, 17872.0 ], [ 13066.0, 17855.0 ], [ 13083.0, 17855.0 ], [ 13099.0, 17839.0 ], [ 13116.0, 17822.0 ], [ 13132.0, 17822.0 ], [ 13149.0, 17822.0 ], [ 13149.0, 17806.0 ], [ 13165.0, 17789.0 ], [ 13181.0, 17789.0 ], [ 13198.0, 17773.0 ], [ 13214.0, 17773.0 ], [ 13231.0, 17773.0 ], [ 13247.0, 17773.0 ], [ 13264.0, 17773.0 ], [ 13280.0, 17757.0 ], [ 13280.0, 17740.0 ], [ 13297.0, 17724.0 ], [ 13313.0, 17724.0 ], [ 13330.0, 17724.0 ], [ 13330.0, 17707.0 ], [ 13330.0, 17691.0 ], [ 13330.0, 17674.0 ], [ 13346.0, 17658.0 ], [ 13363.0, 17658.0 ], [ 13379.0, 17658.0 ], [ 13395.0, 17674.0 ], [ 13412.0, 17674.0 ], [ 13428.0, 17691.0 ], [ 13445.0, 17691.0 ], [ 13461.0, 17691.0 ], [ 13478.0, 17674.0 ], [ 13494.0, 17674.0 ], [ 13494.0, 17658.0 ], [ 13494.0, 17641.0 ], [ 13511.0, 17625.0 ], [ 13511.0, 17608.0 ], [ 13511.0, 17592.0 ], [ 13511.0, 17575.0 ], [ 13511.0, 17559.0 ], [ 13527.0, 17543.0 ], [ 13527.0, 17526.0 ], [ 13527.0, 17510.0 ], [ 13527.0, 17493.0 ], [ 13544.0, 17477.0 ], [ 13544.0, 17460.0 ], [ 13544.0, 17444.0 ], [ 13560.0, 17427.0 ], [ 13576.0, 17427.0 ], [ 13593.0, 17427.0 ], [ 13609.0, 17427.0 ], [ 13626.0, 17427.0 ], [ 13626.0, 17411.0 ], [ 13626.0, 17394.0 ], [ 13642.0, 17378.0 ], [ 13659.0, 17394.0 ], [ 13675.0, 17394.0 ], [ 13659.0, 17378.0 ], [ 13659.0, 17362.0 ], [ 13675.0, 17345.0 ], [ 13692.0, 17329.0 ], [ 13692.0, 17312.0 ], [ 13692.0, 17296.0 ], [ 13692.0, 17279.0 ], [ 13708.0, 17263.0 ], [ 13725.0, 17246.0 ], [ 13741.0, 17230.0 ], [ 13757.0, 17230.0 ], [ 13774.0, 17246.0 ], [ 13774.0, 17263.0 ], [ 13790.0, 17263.0 ], [ 13807.0, 17263.0 ], [ 13823.0, 17263.0 ], [ 13840.0, 17263.0 ], [ 13840.0, 17246.0 ], [ 13823.0, 17230.0 ], [ 13840.0, 17213.0 ], [ 13856.0, 17213.0 ], [ 13873.0, 17213.0 ], [ 13889.0, 17213.0 ], [ 13906.0, 17197.0 ], [ 13922.0, 17197.0 ], [ 13939.0, 17197.0 ], [ 13939.0, 17181.0 ], [ 13955.0, 17164.0 ], [ 13955.0, 17148.0 ], [ 13971.0, 17131.0 ], [ 13988.0, 17115.0 ], [ 13988.0, 17098.0 ], [ 13988.0, 17082.0 ], [ 13988.0, 17065.0 ], [ 13988.0, 17049.0 ], [ 14004.0, 17032.0 ], [ 14021.0, 17032.0 ], [ 14037.0, 17032.0 ], [ 14054.0, 17032.0 ], [ 14070.0, 17032.0 ], [ 14087.0, 17016.0 ], [ 14103.0, 17016.0 ], [ 14120.0, 16999.0 ], [ 14120.0, 16983.0 ], [ 14120.0, 16967.0 ], [ 14120.0, 16950.0 ], [ 14136.0, 16934.0 ], [ 14136.0, 16917.0 ], [ 14136.0, 16901.0 ], [ 14152.0, 16884.0 ], [ 14169.0, 16884.0 ], [ 14185.0, 16868.0 ], [ 14202.0, 16868.0 ], [ 14218.0, 16868.0 ], [ 14235.0, 16868.0 ], [ 14235.0, 16851.0 ], [ 14235.0, 16835.0 ], [ 14251.0, 16818.0 ], [ 14268.0, 16802.0 ], [ 14284.0, 16802.0 ], [ 14284.0, 16786.0 ], [ 14268.0, 16769.0 ], [ 14284.0, 16753.0 ], [ 14301.0, 16753.0 ], [ 14317.0, 16753.0 ], [ 14333.0, 16753.0 ], [ 14350.0, 16753.0 ], [ 14350.0, 16736.0 ], [ 14366.0, 16720.0 ], [ 14383.0, 16720.0 ], [ 14383.0, 16703.0 ], [ 14383.0, 16687.0 ], [ 14366.0, 16670.0 ], [ 14366.0, 16654.0 ], [ 14383.0, 16637.0 ], [ 14383.0, 16621.0 ], [ 14383.0, 16605.0 ], [ 14399.0, 16588.0 ], [ 14416.0, 16588.0 ], [ 14432.0, 16588.0 ], [ 14449.0, 16572.0 ], [ 14465.0, 16555.0 ], [ 14482.0, 16539.0 ], [ 14498.0, 16539.0 ], [ 14498.0, 16522.0 ], [ 14482.0, 16506.0 ], [ 14482.0, 16489.0 ], [ 14482.0, 16473.0 ], [ 14465.0, 16456.0 ], [ 14449.0, 16456.0 ], [ 14432.0, 16440.0 ], [ 14432.0, 16424.0 ], [ 14432.0, 16407.0 ], [ 14416.0, 16407.0 ], [ 14399.0, 16407.0 ], [ 14383.0, 16407.0 ], [ 14366.0, 16407.0 ], [ 14350.0, 16391.0 ], [ 14350.0, 16374.0 ], [ 14366.0, 16358.0 ], [ 14383.0, 16341.0 ], [ 14383.0, 16325.0 ], [ 14383.0, 16308.0 ], [ 14383.0, 16292.0 ], [ 14399.0, 16275.0 ], [ 14399.0, 16259.0 ], [ 14399.0, 16242.0 ], [ 14416.0, 16226.0 ], [ 14416.0, 16210.0 ], [ 14432.0, 16193.0 ], [ 14432.0, 16177.0 ], [ 14432.0, 16160.0 ], [ 14449.0, 16144.0 ], [ 14465.0, 16144.0 ], [ 14482.0, 16144.0 ], [ 14465.0, 16127.0 ], [ 14465.0, 16111.0 ], [ 14465.0, 16094.0 ], [ 14465.0, 16078.0 ], [ 14465.0, 16061.0 ], [ 14465.0, 16045.0 ], [ 14465.0, 16029.0 ], [ 14465.0, 16012.0 ], [ 14465.0, 15996.0 ], [ 14465.0, 15979.0 ], [ 14482.0, 15963.0 ], [ 14482.0, 15946.0 ], [ 14498.0, 15930.0 ], [ 14514.0, 15930.0 ], [ 14531.0, 15913.0 ], [ 14531.0, 15897.0 ], [ 14514.0, 15897.0 ], [ 14498.0, 15880.0 ], [ 14498.0, 15864.0 ], [ 14514.0, 15848.0 ], [ 14531.0, 15848.0 ], [ 14547.0, 15848.0 ], [ 14547.0, 15831.0 ], [ 14564.0, 15815.0 ], [ 14580.0, 15815.0 ], [ 14597.0, 15815.0 ], [ 14613.0, 15815.0 ], [ 14613.0, 15798.0 ], [ 14613.0, 15782.0 ], [ 14630.0, 15765.0 ], [ 14630.0, 15749.0 ], [ 14646.0, 15732.0 ], [ 14646.0, 15716.0 ], [ 14663.0, 15699.0 ], [ 14679.0, 15683.0 ], [ 14696.0, 15666.0 ], [ 14696.0, 15650.0 ], [ 14712.0, 15634.0 ], [ 14728.0, 15617.0 ], [ 14728.0, 15601.0 ], [ 14728.0, 15584.0 ], [ 14745.0, 15568.0 ], [ 14761.0, 15568.0 ], [ 14761.0, 15551.0 ], [ 14761.0, 15535.0 ], [ 14745.0, 15518.0 ], [ 14761.0, 15502.0 ], [ 14778.0, 15502.0 ], [ 14794.0, 15485.0 ], [ 14811.0, 15469.0 ], [ 14827.0, 15453.0 ], [ 14827.0, 15436.0 ], [ 14844.0, 15420.0 ], [ 14844.0, 15403.0 ], [ 14860.0, 15387.0 ], [ 14877.0, 15370.0 ], [ 14893.0, 15354.0 ], [ 14893.0, 15337.0 ], [ 14893.0, 15321.0 ], [ 14893.0, 15304.0 ], [ 14909.0, 15288.0 ], [ 14926.0, 15288.0 ], [ 14942.0, 15272.0 ], [ 14942.0, 15255.0 ], [ 14942.0, 15239.0 ], [ 14942.0, 15222.0 ], [ 14942.0, 15206.0 ], [ 14959.0, 15189.0 ], [ 14959.0, 15173.0 ], [ 14975.0, 15156.0 ], [ 14992.0, 15156.0 ], [ 15008.0, 15173.0 ], [ 15025.0, 15189.0 ], [ 15008.0, 15206.0 ], [ 15008.0, 15222.0 ], [ 14992.0, 15239.0 ], [ 14992.0, 15255.0 ], [ 15008.0, 15255.0 ], [ 15025.0, 15255.0 ], [ 15041.0, 15239.0 ], [ 15058.0, 15239.0 ], [ 15058.0, 15222.0 ], [ 15074.0, 15206.0 ], [ 15090.0, 15189.0 ], [ 15090.0, 15173.0 ], [ 15107.0, 15156.0 ], [ 15123.0, 15140.0 ], [ 15123.0, 15123.0 ], [ 15140.0, 15107.0 ], [ 15140.0, 15090.0 ], [ 15156.0, 15074.0 ], [ 15156.0, 15058.0 ], [ 15173.0, 15041.0 ], [ 15173.0, 15025.0 ], [ 15173.0, 15008.0 ], [ 15173.0, 14992.0 ], [ 15189.0, 14975.0 ], [ 15189.0, 14959.0 ], [ 15189.0, 14942.0 ], [ 15189.0, 14926.0 ], [ 15189.0, 14909.0 ], [ 15189.0, 14893.0 ], [ 15189.0, 14877.0 ], [ 15189.0, 14860.0 ], [ 15189.0, 14844.0 ], [ 15189.0, 14827.0 ], [ 15173.0, 14811.0 ], [ 15173.0, 14794.0 ], [ 15156.0, 14778.0 ], [ 15156.0, 14761.0 ], [ 15140.0, 14761.0 ], [ 15140.0, 14778.0 ], [ 15140.0, 14794.0 ], [ 15140.0, 14811.0 ], [ 15123.0, 14827.0 ], [ 15107.0, 14827.0 ], [ 15090.0, 14827.0 ], [ 15074.0, 14827.0 ], [ 15058.0, 14844.0 ], [ 15058.0, 14860.0 ], [ 15041.0, 14877.0 ], [ 15025.0, 14877.0 ], [ 15008.0, 14877.0 ], [ 14992.0, 14877.0 ], [ 14975.0, 14877.0 ], [ 14959.0, 14893.0 ], [ 14942.0, 14877.0 ], [ 14942.0, 14860.0 ], [ 14942.0, 14844.0 ], [ 14942.0, 14827.0 ], [ 14942.0, 14811.0 ], [ 14942.0, 14794.0 ], [ 14942.0, 14778.0 ], [ 14942.0, 14761.0 ], [ 14942.0, 14745.0 ], [ 14959.0, 14728.0 ], [ 14959.0, 14712.0 ], [ 14959.0, 14696.0 ], [ 14959.0, 14679.0 ], [ 14959.0, 14663.0 ], [ 14959.0, 14646.0 ], [ 14959.0, 14630.0 ], [ 14959.0, 14613.0 ], [ 14959.0, 14597.0 ], [ 14975.0, 14580.0 ], [ 14992.0, 14580.0 ], [ 15008.0, 14580.0 ], [ 15008.0, 14564.0 ], [ 15008.0, 14547.0 ], [ 15008.0, 14531.0 ], [ 14992.0, 14514.0 ], [ 14975.0, 14498.0 ], [ 14959.0, 14482.0 ], [ 14942.0, 14482.0 ], [ 14926.0, 14465.0 ], [ 14909.0, 14449.0 ], [ 14926.0, 14432.0 ], [ 14942.0, 14416.0 ], [ 14942.0, 14399.0 ], [ 14926.0, 14383.0 ], [ 14909.0, 14399.0 ], [ 14893.0, 14383.0 ], [ 14877.0, 14383.0 ], [ 14860.0, 14383.0 ], [ 14844.0, 14366.0 ], [ 14827.0, 14366.0 ], [ 14811.0, 14366.0 ], [ 14794.0, 14350.0 ], [ 14778.0, 14350.0 ], [ 14761.0, 14350.0 ], [ 14745.0, 14350.0 ], [ 14728.0, 14350.0 ], [ 14712.0, 14333.0 ], [ 14696.0, 14333.0 ], [ 14679.0, 14317.0 ], [ 14663.0, 14317.0 ], [ 14646.0, 14317.0 ], [ 14630.0, 14301.0 ], [ 14613.0, 14301.0 ], [ 14597.0, 14317.0 ], [ 14580.0, 14317.0 ], [ 14564.0, 14333.0 ], [ 14564.0, 14350.0 ], [ 14547.0, 14366.0 ], [ 14531.0, 14366.0 ], [ 14514.0, 14366.0 ], [ 14498.0, 14383.0 ], [ 14482.0, 14399.0 ], [ 14465.0, 14383.0 ], [ 14465.0, 14366.0 ], [ 14449.0, 14350.0 ], [ 14449.0, 14333.0 ], [ 14432.0, 14317.0 ], [ 14416.0, 14301.0 ], [ 14399.0, 14284.0 ], [ 14416.0, 14268.0 ], [ 14399.0, 14268.0 ], [ 14383.0, 14268.0 ], [ 14366.0, 14251.0 ], [ 14350.0, 14235.0 ], [ 14333.0, 14235.0 ], [ 14317.0, 14218.0 ], [ 14301.0, 14202.0 ], [ 14284.0, 14185.0 ], [ 14268.0, 14169.0 ], [ 14268.0, 14152.0 ], [ 14268.0, 14136.0 ], [ 14251.0, 14136.0 ], [ 14235.0, 14136.0 ], [ 14218.0, 14120.0 ], [ 14202.0, 14120.0 ], [ 14185.0, 14103.0 ], [ 14185.0, 14087.0 ], [ 14169.0, 14070.0 ], [ 14152.0, 14070.0 ], [ 14136.0, 14070.0 ], [ 14120.0, 14087.0 ], [ 14103.0, 14087.0 ], [ 14087.0, 14087.0 ], [ 14070.0, 14070.0 ], [ 14054.0, 14070.0 ], [ 14037.0, 14070.0 ], [ 14021.0, 14070.0 ], [ 14004.0, 14054.0 ], [ 14004.0, 14037.0 ], [ 14004.0, 14021.0 ], [ 13988.0, 14021.0 ], [ 13971.0, 14037.0 ], [ 13955.0, 14037.0 ], [ 13939.0, 14037.0 ], [ 13922.0, 14021.0 ], [ 13906.0, 14021.0 ], [ 13889.0, 14021.0 ], [ 13889.0, 14037.0 ], [ 13873.0, 14054.0 ], [ 13856.0, 14054.0 ], [ 13840.0, 14054.0 ], [ 13823.0, 14037.0 ], [ 13807.0, 14037.0 ], [ 13790.0, 14054.0 ], [ 13790.0, 14070.0 ], [ 13774.0, 14087.0 ], [ 13757.0, 14103.0 ], [ 13741.0, 14087.0 ], [ 13725.0, 14087.0 ], [ 13708.0, 14087.0 ], [ 13692.0, 14087.0 ], [ 13675.0, 14087.0 ], [ 13659.0, 14103.0 ], [ 13642.0, 14103.0 ], [ 13642.0, 14120.0 ], [ 13642.0, 14136.0 ], [ 13626.0, 14152.0 ], [ 13609.0, 14152.0 ], [ 13593.0, 14136.0 ], [ 13576.0, 14136.0 ], [ 13560.0, 14120.0 ], [ 13544.0, 14103.0 ], [ 13544.0, 14087.0 ], [ 13527.0, 14087.0 ], [ 13511.0, 14070.0 ], [ 13527.0, 14054.0 ], [ 13527.0, 14037.0 ], [ 13544.0, 14021.0 ], [ 13560.0, 14004.0 ], [ 13576.0, 14004.0 ], [ 13593.0, 14004.0 ], [ 13593.0, 13988.0 ], [ 13576.0, 13988.0 ], [ 13560.0, 13988.0 ], [ 13544.0, 13988.0 ], [ 13527.0, 13988.0 ], [ 13511.0, 13988.0 ], [ 13494.0, 14004.0 ], [ 13478.0, 14021.0 ], [ 13478.0, 14037.0 ], [ 13461.0, 14054.0 ], [ 13445.0, 14054.0 ], [ 13428.0, 14037.0 ], [ 13412.0, 14037.0 ], [ 13395.0, 14037.0 ], [ 13379.0, 14037.0 ], [ 13363.0, 14037.0 ], [ 13346.0, 14037.0 ], [ 13330.0, 14037.0 ], [ 13313.0, 14037.0 ], [ 13297.0, 14021.0 ], [ 13280.0, 14021.0 ], [ 13264.0, 14004.0 ], [ 13264.0, 13988.0 ], [ 13247.0, 13988.0 ], [ 13231.0, 13988.0 ], [ 13214.0, 13988.0 ], [ 13198.0, 13988.0 ], [ 13181.0, 13988.0 ], [ 13165.0, 13971.0 ], [ 13149.0, 13971.0 ], [ 13132.0, 13971.0 ], [ 13116.0, 13988.0 ], [ 13099.0, 13988.0 ], [ 13083.0, 13971.0 ], [ 13066.0, 13971.0 ], [ 13050.0, 13955.0 ], [ 13033.0, 13939.0 ], [ 13017.0, 13939.0 ], [ 13000.0, 13922.0 ], [ 12984.0, 13922.0 ], [ 12968.0, 13922.0 ], [ 12951.0, 13906.0 ], [ 12935.0, 13906.0 ], [ 12918.0, 13906.0 ], [ 12902.0, 13889.0 ], [ 12885.0, 13889.0 ], [ 12869.0, 13873.0 ], [ 12852.0, 13856.0 ], [ 12836.0, 13856.0 ], [ 12819.0, 13856.0 ], [ 12803.0, 13840.0 ], [ 12787.0, 13840.0 ], [ 12770.0, 13823.0 ], [ 12770.0, 13807.0 ], [ 12787.0, 13790.0 ], [ 12803.0, 13790.0 ], [ 12803.0, 13774.0 ], [ 12787.0, 13774.0 ], [ 12770.0, 13774.0 ], [ 12754.0, 13774.0 ], [ 12737.0, 13790.0 ], [ 12721.0, 13807.0 ], [ 12704.0, 13807.0 ], [ 12688.0, 13790.0 ], [ 12671.0, 13790.0 ], [ 12655.0, 13790.0 ], [ 12638.0, 13774.0 ], [ 12622.0, 13774.0 ], [ 12605.0, 13774.0 ], [ 12589.0, 13757.0 ], [ 12573.0, 13757.0 ], [ 12556.0, 13757.0 ], [ 12540.0, 13757.0 ], [ 12523.0, 13757.0 ], [ 12507.0, 13741.0 ], [ 12490.0, 13741.0 ], [ 12474.0, 13741.0 ], [ 12457.0, 13741.0 ], [ 12441.0, 13741.0 ], [ 12424.0, 13741.0 ], [ 12408.0, 13725.0 ], [ 12408.0, 13708.0 ], [ 12392.0, 13692.0 ] ] ] } },
{ "type": "Feature", "properties": { "tissue_id": 2 }, "geometry": { "type": "Polygon", "coordinates": [ [ [ 37028.0, 1957.9 ], [ 37027.990575203933986, 1957.900445124584166 ], [ 37027.981234312028391, 1957.901776535619092 ], [ 37027.972060481508379, 1957.903982380228626 ], [ 37027.963135382320615, 1957.907043020899891 ], [ 37027.954538470083207, 1957.910931210304625 ], [ 37027.946346278738929, 1957.915612333868694 ], [ 37027.938631739205448, 1957.921044717929135 ], [ 37027.931463530097972, 1957.927180000730687 ], [ 37010.931463530097972, 1973.927180000730687 ], [ 37010.927180000733642, 1973.931463530099563 ], [ 36994.929256863491901, 1990.92925686341755 ], [ 36977.960342280872283, 2006.9 ], [ 36962.0, 2006.9 ], [ 36961.990198285966471, 2006.900481527332886 ], [ 36961.980490967798687, 2006.901921471959668 ], [ 36961.970971532275144, 2006.904305966426818 ], [ 36961.961731656760094, 2006.907612046748909 ], [ 36961.952860326317023, 2006.911807873565294 ], [ 36961.944442976695427, 2006.916853038769887 ], [ 36961.936560671580082, 2006.922698954663929 ], [ 36961.929289321880788, 2006.929289321881242 ], [ 36928.95857864376012, 2039.9 ], [ 36912.0, 2039.9 ], [ 36911.989821508555906, 2039.900519357099711 ], [ 36911.979748742538504, 2039.902072033762806 ], [ 36911.969886329214205, 2039.904641902116509 ], [ 36911.960336710864794, 2039.908202268573177 ], [ 36911.951199080729566, 2039.912716151100994 ], [ 36911.942568352678791, 2039.918136663361111 ], [ 36911.934534175292356, 2039.924407501722953 ], [ 36911.927180000733642, 2039.931463530099563 ], [ 36895.9567927349417, 2056.9 ], [ 36879.0, 2056.9 ], [ 36878.990198285966471, 2056.900481527332886 ], [ 36878.980490967798687, 2056.901921471959668 ], [ 36878.970971532275144, 2056.904305966426818 ], [ 36878.961731656760094, 2056.907612046748909 ], [ 36878.952860326317023, 2056.911807873565067 ], [ 36878.944442976695427, 2056.916853038769659 ], [ 36878.936560671580082, 2056.922698954663701 ], [ 36878.929289321880788, 2056.929289321881242 ], [ 36862.95857864376012, 2072.9 ], [ 36830.0, 2072.9 ], [ 36829.989821508555906, 2072.900519357099711 ], [ 36829.979748742538504, 2072.902072033763034 ], [ 36829.969886329214205, 2072.904641902116509 ], [ 36829.960336710864794, 2072.908202268573405 ], [ 36829.951199080729566, 2072.912716151100994 ], [ 36829.942568352678791, 2072.918136663361111 ], [ 36829.934534175292356, 2072.924407501722726 ], [ 36829.927180000733642, 2072.931463530099336 ], [ 36813.929256863491901, 2089.929256863421415 ], [ 36796.931463530097972, 2105.927180000730914 ], [ 36796.924407501726819, 2105.934534175295084 ], [ 36796.918136663363839, 2105.942568352675607 ], [ 36796.912716151098721, 2105.95119908073184 ], [ 36796.908202268576133, 2105.960336710866159 ], [ 36796.904641902117874, 2105.969886329216479 ], [ 36796.902072033764853, 2105.979748742541233 ], [ 36796.900519357099256, 2105.989821508552723 ], [ 36796.900000000001455, 2106.0 ], [ 36796.900000000001455, 2121.960342280877285 ], [ 36780.929256863491901, 2138.929256863421415 ], [ 36763.931463530097972, 2154.927180000730914 ], [ 36763.927180000733642, 2154.931463530099336 ], [ 36747.929256863491901, 2171.929256863421415 ], [ 36730.931463530097972, 2187.927180000730914 ], [ 36730.927180000733642, 2187.931463530099336 ], [ 36714.9567927349417, 2204.9 ], [ 36682.0, 2204.9 ], [ 36681.990198285966471, 2204.900481527332886 ], [ 36681.980490967798687, 2204.901921471959668 ], [ 36681.970971532275144, 2204.904305966426818 ], [ 36681.961731656760094, 2204.907612046748909 ], [ 36681.952860326317023, 2204.911807873565067 ], [ 36681.944442976695427, 2204.916853038769659 ], [ 36681.936560671580082, 2204.922698954663701 ], [ 36681.929289321880788, 2204.929289321881242 ], [ 36681.922698954665975, 2204.93656067158372 ], [ 36681.91685303876875, 2204.944442976698156 ], [ 36681.911807873562793, 2204.952860326317477 ], [ 36681.907612046750728, 2204.961731656763277 ], [ 36681.904305966425454, 2204.970971532274689 ], [ 36681.901921471959213, 2204.980490967798232 ], [ 36681.900481527329248, 2204.990198285966926 ], [ 36681.900000000001455, 2205.0 ], [ 36681.900000000001455, 2220.960342280877285 ], [ 36665.929256863491901, 2237.929256863421415 ], [ 36648.931463530097972, 2253.927180000730914 ], [ 36648.927180000733642, 2253.931463530099336 ], [ 36632.9567927349417, 2270.9 ], [ 36616.0, 2270.9 ], [ 36615.990198285966471, 2270.900481527332886 ], [ 36615.980490967798687, 2270.901921471959668 ], [ 36615.970971532275144, 2270.904305966426818 ], [ 36615.961731656760094, 2270.907612046748909 ], [ 36615.952860326317023, 2270.911807873565067 ], [ 36615.944442976695427, 2270.916853038769659 ], [ 36615.936560671580082, 2270.922698954663701 ], [ 36615.929289321880788, 2270.929289321881242 ], [ 36599.930360449958243, 2286.928218193800603 ], [ 36582.931463530097972, 2302.927180000730914 ], [ 36582.927180000733642, 2302.931463530099336 ], [ 36566.9567927349417, 2319.9 ], [ 36550.0, 2319.9 ], [ 36549.990198285966471, 2319.900481527332886 ], [ 36549.980490967798687, 2319.901921471959668 ], [ 36549.970971532275144, 2319.904305966426818 ], [ 36549.961731656760094, 2319.907612046748909 ], [ 36549.952860326317023, 2319.911807873565067 ], [ 36549.944442976695427, 2319.916853038769659 ], [ 36549.936560671580082, 2319.922698954663701 ], [ 36549.929289321880788, 2319.929289321881242 ], [ 36533.95857864376012, 2335.9 ], [ 36517.0, 2335.9 ], [ 36516.989821508555906, 2335.900519357099711 ], [ 36516.979748742538504, 2335.902072033763034 ], [ 36516.969886329214205, 2335.904641902116509 ], [ 36516.960336710864794, 2335.908202268573405 ], [ 36516.951199080729566, 2335.912716151100994 ], [ 36516.942568352678791, 2335.918136663361111 ], [ 36516.934534175292356, 2335.924407501722726 ], [ 36516.927180000733642, 2335.931463530099336 ], [ 36500.929256863491901, 2352.929256863421415 ], [ 36483.931463530097972, 2368.927180000730914 ], [ 36483.927180000733642, 2368.931463530099336 ], [ 36468.0, 2385.854092280878831 ], [ 36452.072819999266358, 2368.931463530099336 ], [ 36452.065465824707644, 2368.924407501722726 ], [ 36452.057431647321209, 2368.918136663361111 ], [ 36452.048800919270434, 2368.912716151100994 ], [ 36452.039663289135206, 2368.908202268573405 ], [ 36452.030113670785795, 2368.904641902116509 ], [ 36452.020251257461496, 2368.902072033763034 ], [ 36452.010178491444094, 2368.900519357099711 ], [ 36452.0, 2368.9 ], [ 36419.039657719127717, 2368.9 ], [ 36402.099999999998545, 2352.956792734939427 ], [ 36402.099999999998545, 2320.0 ], [ 36402.099518472670752, 2319.990198285966926 ], [ 36402.098078528040787, 2319.980490967798232 ], [ 36402.095694033574546, 2319.970971532274689 ], [ 36402.092387953249272, 2319.961731656763277 ], [ 36402.088192126437207, 2319.952860326317477 ], [ 36402.08314696123125, 2319.944442976698156 ], [ 36402.077301045334025, 2319.93656067158372 ], [ 36402.070710678119212, 2319.929289321881242 ], [ 36402.063439328419918, 2319.922698954663701 ], [ 36402.055557023304573, 2319.916853038769659 ], [ 36402.047139673682977, 2319.911807873565067 ], [ 36402.038268343239906, 2319.907612046748909 ], [ 36402.029028467724856, 2319.904305966426818 ], [ 36402.019509032201313, 2319.901921471959668 ], [ 36402.009801714033529, 2319.900481527332886 ], [ 36402.0, 2319.9 ], [ 36353.04142135623988, 2319.9 ], [ 36336.099999999998545, 2302.958578643760575 ], [ 36336.099999999998545, 2271.0 ], [ 36336.099518472670752, 2270.990198285966926 ], [ 36336.098078528040787, 2270.980490967798232 ], [ 36336.095694033574546, 2270.970971532274689 ], [ 36336.092387953249272, 2270.961731656763277 ], [ 36336.088192126437207, 2270.952860326317477 ], [ 36336.08314696123125, 2270.944442976698156 ], [ 36336.077301045334025, 2270.93656067158372 ], [ 36336.070710678119212, 2270.929289321881242 ], [ 36336.063439328419918, 2270.922698954663701 ], [ 36336.055557023304573, 2270.916853038769659 ], [ 36336.047139673682977, 2270.911807873565067 ], [ 36336.038268343239906, 2270.907612046748909 ], [ 36336.029028467724856, 2270.904305966426818 ], [ 36336.019509032201313, 2270.901921471959668 ], [ 36336.009801714033529, 2270.900481527332886 ], [ 36336.0, 2270.9 ], [ 36303.0, 2270.9 ], [ 36302.990198285966471, 2270.900481527332886 ], [ 36302.980490967798687, 2270.901921471959668 ], [ 36302.970971532275144, 2270.904305966426818 ], [ 36302.961731656760094, 2270.907612046748909 ], [ 36302.952860326317023, 2270.911807873565067 ], [ 36302.944442976695427, 2270.916853038769659 ], [ 36302.936560671580082, 2270.922698954663701 ], [ 36302.929289321880788, 2270.929289321881242 ], [ 36302.922698954665975, 2270.93656067158372 ], [ 36302.91685303876875, 2270.944442976698156 ], [ 36302.911807873562793, 2270.952860326317477 ], [ 36302.907612046750728, 2270.961731656763277 ], [ 36302.904305966425454, 2270.970971532274689 ], [ 36302.901921471959213, 2270.980490967798232 ], [ 36302.900481527329248, 2270.990198285966926 ], [ 36302.900000000001455, 2271.0 ], [ 36302.900000000001455, 2302.960342280877285 ], [ 36286.927180000733642, 2319.931463530099336 ], [ 36286.921044717928453, 2319.938631739203629 ], [ 36286.915612333868921, 2319.946346278740293 ], [ 36286.910931210302806, 2319.954538470084572 ], [ 36286.907043020903075, 2319.96313538232107 ], [ 36286.903982380230445, 2319.972060481509743 ], [ 36286.90177653561841, 2319.981234312029756 ], [ 36286.900445124585531, 2319.990575203930348 ], [ 36286.900000000001455, 2320.0 ], [ 36286.900000000001455, 2335.960342280877285 ], [ 36270.927180000733642, 2352.931463530099336 ], [ 36270.921044717928453, 2352.938631739203629 ], [ 36270.915612333868921, 2352.946346278740293 ], [ 36270.910931210302806, 2352.954538470084572 ], [ 36270.907043020903075, 2352.96313538232107 ], [ 36270.903982380230445, 2352.972060481509743 ], [ 36270.90177653561841, 2352.981234312029756 ], [ 36270.900445124585531, 2352.990575203930348 ], [ 36270.900000000001455, 2353.0 ], [ 36270.900000000001455, 2369.0 ], [ 36270.900445124585531, 2369.009424796069652 ], [ 36270.90177653561841, 2369.018765687970244 ], [ 36270.903982380230445, 2369.027939518490257 ], [ 36270.907043020903075, 2369.03686461767893 ], [ 36270.910931210302806, 2369.045461529915428 ], [ 36270.915612333868921, 2369.053653721259707 ], [ 36270.921044717928453, 2369.061368260796371 ], [ 36270.927180000733642, 2369.068536469900664 ], [ 36286.900000000001455, 2386.039657719122715 ], [ 36286.900000000001455, 2434.960342280877285 ], [ 36270.927180000733642, 2451.931463530099336 ], [ 36270.921044717928453, 2451.938631739203629 ], [ 36270.915612333868921, 2451.946346278740293 ], [ 36270.910931210302806, 2451.954538470084572 ], [ 36270.907043020903075, 2451.96313538232107 ], [ 36270.903982380230445, 2451.972060481509743 ], [ 36270.90177653561841, 2451.981234312029756 ], [ 36270.900445124585531, 2451.990575203930348 ], [ 36270.900000000001455, 2452.0 ], [ 36270.900000000001455, 2533.956792734939427 ], [ 36253.931463530097972, 2549.927180000730914 ], [ 36253.927180000733642, 2549.931463530099336 ], [ 36237.929256863491901, 2566.929256863421415 ], [ 36220.931463530097972, 2582.927180000730914 ], [ 36220.924407501726819, 2582.934534175295084 ], [ 36220.918136663363839, 2582.942568352675607 ], [ 36220.912716151098721, 2582.95119908073184 ], [ 36220.908202268576133, 2582.960336710866159 ], [ 36220.904641902117874, 2582.969886329216479 ], [ 36220.902072033764853, 2582.979748742541233 ], [ 36220.900519357099256, 2582.989821508552723 ], [ 36220.900000000001455, 2583.0 ], [ 36220.900000000001455, 2599.958578643760575 ], [ 36171.929289321880788, 2648.929289321881242 ], [ 36171.922698954665975, 2648.93656067158372 ], [ 36171.91685303876875, 2648.944442976698156 ], [ 36171.911807873562793, 2648.952860326317477 ], [ 36171.907612046750728, 2648.961731656763732 ], [ 36171.904305966425454, 2648.970971532274689 ], [ 36171.901921471959213, 2648.980490967798687 ], [ 36171.900481527329248, 2648.990198285966926 ], [ 36171.900000000001455, 2649.0 ], [ 36171.900000000001455, 2681.956792734939427 ], [ 36154.931463530097972, 2697.927180000730914 ], [ 36154.927180000733642, 2697.931463530099336 ], [ 36138.927180000733642, 2714.931463530099336 ], [ 36138.921044717928453, 2714.938631739203629 ], [ 36138.915612333868921, 2714.946346278740293 ], [ 36138.910931210302806, 2714.954538470084572 ], [ 36138.907043020903075, 2714.96313538232107 ], [ 36138.903982380230445, 2714.972060481509743 ], [ 36138.90177653561841, 2714.981234312029756 ], [ 36138.900445124585531, 2714.990575203930348 ], [ 36138.900000000001455, 2715.0 ], [ 36138.900000000001455, 2730.958578643760575 ], [ 36121.929289321880788, 2747.929289321881242 ], [ 36121.922698954665975, 2747.93656067158372 ], [ 36121.91685303876875, 2747.944442976698156 ], [ 36121.911807873562793, 2747.952860326317477 ], [ 36121.907612046750728, 2747.961731656763732 ], [ 36121.904305966425454, 2747.970971532274689 ], [ 36121.901921471959213, 2747.980490967798687 ], [ 36121.900481527329248, 2747.990198285966926 ], [ 36121.900000000001455, 2748.0 ], [ 36121.900000000001455, 2797.0 ], [ 36121.900481527329248, 2797.009801714033074 ], [ 36121.901921471959213, 2797.019509032201313 ], [ 36121.904305966425454, 2797.029028467725311 ], [ 36121.907612046750728, 2797.038268343236268 ], [ 36121.911807873562793, 2797.047139673682523 ], [ 36121.91685303876875, 2797.055557023301844 ], [ 36121.922698954665975, 2797.06343932841628 ], [ 36121.929289321880788, 2797.070710678118758 ], [ 36138.856403437515837, 2813.997824793751533 ], [ 36121.931463530097972, 2829.927180000730914 ], [ 36121.924407501726819, 2829.934534175295084 ], [ 36121.918136663363839, 2829.942568352675607 ], [ 36121.912716151098721, 2829.95119908073184 ], [ 36121.908202268576133, 2829.960336710866159 ], [ 36121.904641902117874, 2829.969886329216479 ], [ 36121.902072033764853, 2829.979748742541233 ], [ 36121.900519357099256, 2829.989821508552723 ], [ 36121.900000000001455, 2830.0 ], [ 36121.900000000001455, 2846.958578643760575 ], [ 36072.95857864376012, 2895.9 ], [ 36057.0, 2895.9 ], [ 36056.990198285966471, 2895.900481527332886 ], [ 36056.980490967798687, 2895.901921471959668 ], [ 36056.970971532275144, 2895.904305966426818 ], [ 36056.961731656760094, 2895.907612046748909 ], [ 36056.952860326317023, 2895.911807873565067 ], [ 36056.944442976695427, 2895.916853038769659 ], [ 36056.936560671580082, 2895.922698954663701 ], [ 36056.929289321880788, 2895.929289321881242 ], [ 36056.922698954665975, 2895.93656067158372 ], [ 36056.91685303876875, 2895.944442976698156 ], [ 36056.911807873562793, 2895.952860326317477 ], [ 36056.907612046750728, 2895.961731656763277 ], [ 36056.904305966425454, 2895.970971532274689 ], [ 36056.901921471959213, 2895.980490967798232 ], [ 36056.900481527329248, 2895.990198285966926 ], [ 36056.900000000001455, 2896.0 ], [ 36056.900000000001455, 2961.956792734939427 ], [ 36039.931463530097972, 2977.927180000730914 ], [ 36039.927180000733642, 2977.931463530099336 ], [ 36023.927180000733642, 2994.931463530099336 ], [ 36023.921044717928453, 2994.938631739203629 ], [ 36023.915612333868921, 2994.946346278740293 ], [ 36023.910931210302806, 2994.954538470084572 ], [ 36023.907043020903075, 2994.96313538232107 ], [ 36023.903982380230445, 2994.972060481509743 ], [ 36023.90177653561841, 2994.981234312029756 ], [ 36023.900445124585531, 2994.990575203930348 ], [ 36023.900000000001455, 2995.0 ], [ 36023.900000000001455, 3010.958578643760575 ], [ 36006.929289321880788, 3027.929289321881242 ], [ 36006.922698954665975, 3027.93656067158372 ], [ 36006.91685303876875, 3027.944442976698156 ], [ 36006.911807873562793, 3027.952860326317477 ], [ 36006.907612046750728, 3027.961731656763732 ], [ 36006.904305966425454, 3027.970971532274689 ], [ 36006.901921471959213, 3027.980490967798687 ], [ 36006.900481527329248, 3027.990198285966926 ], [ 36006.900000000001455, 3028.0 ], [ 36006.900000000001455, 3043.958578643760575 ], [ 35957.95857864376012, 3092.9 ], [ 35925.0, 3092.9 ], [ 35924.990198285966471, 3092.900481527332886 ], [ 35924.980490967798687, 3092.901921471959668 ], [ 35924.970971532275144, 3092.904305966426818 ], [ 35924.961731656760094, 3092.907612046748909 ], [ 35924.952860326317023, 3092.911807873565067 ], [ 35924.944442976695427, 3092.916853038769659 ], [ 35924.936560671580082, 3092.922698954663701 ], [ 35924.929289321880788, 3092.929289321881242 ], [ 35907.929289321880788, 3109.929289321881242 ], [ 35907.922698954665975, 3109.93656067158372 ], [ 35907.91685303876875, 3109.944442976698156 ], [ 35907.911807873562793, 3109.952860326317477 ], [ 35907.907612046750728, 3109.961731656763732 ], [ 35907.904305966425454, 3109.970971532274689 ], [ 35907.901921471959213, 3109.980490967798687 ], [ 35907.900481527329248, 3109.990198285966926 ], [ 35907.900000000001455, 3110.0 ], [ 35907.900000000001455, 3125.960342280877285 ], [ 35891.928218193868815, 3142.930360449893215 ], [ 35875.929289321880788, 3158.929289321881242 ], [ 35875.922698954665975, 3158.93656067158372 ], [ 35875.91685303876875, 3158.944442976698156 ], [ 35875.911807873562793, 3158.952860326317477 ], [ 35875.907612046750728, 3158.961731656763732 ], [ 35875.904305966425454, 3158.970971532274689 ], [ 35875.901921471959213, 3158.980490967798687 ], [ 35875.900481527329248, 3158.990198285966926 ], [ 35875.900000000001455, 3159.0 ], [ 35875.900000000001455, 3175.956792734939427 ], [ 35858.931463530097972, 3191.927180000730914 ], [ 35858.924407501726819, 3191.934534175295084 ], [ 35858.918136663363839, 3191.942568352675607 ], [ 35858.912716151098721, 3191.95119908073184 ], [ 35858.908202268576133, 3191.960336710866159 ], [ 35858.904641902117874, 3191.969886329216479 ], [ 35858.902072033764853, 3191.979748742541233 ], [ 35858.900519357099256, 3191.989821508552723 ], [ 35858.900000000001455, 3192.0 ], [ 35858.900000000001455, 3208.958578643760575 ], [ 35825.929289321880788, 3241.929289321881242 ], [ 35825.922698954665975, 3241.93656067158372 ], [ 35825.91685303876875, 3241.944442976698156 ], [ 35825.911807873562793, 3241.952860326317477 ], [ 35825.907612046750728, 3241.961731656763732 ], [ 35825.904305966425454, 3241.970971532274689 ], [ 35825.901921471959213, 3241.980490967798687 ], [ 35825.900481527329248, 3241.990198285966926 ], [ 35825.900000000001455, 3242.0 ], [ 35825.900000000001455, 3257.958578643760575 ], [ 35809.929289321880788, 3273.929289321881242 ], [ 35809.922698954665975, 3273.93656067158372 ], [ 35809.91685303876875, 3273.944442976698156 ], [ 35809.911807873562793, 3273.952860326317477 ], [ 35809.907612046750728, 3273.961731656763732 ], [ 35809.904305966425454, 3273.970971532274689 ], [ 35809.901921471959213, 3273.980490967798687 ], [ 35809.900481527329248, 3273.990198285966926 ], [ 35809.900000000001455, 3274.0 ], [ 35809.900000000001455, 3291.0 ], [ 35809.900481527329248, 3291.009801714033074 ], [ 35809.901921471959213, 3291.019509032201313 ], [ 35809.904305966425454, 3291.029028467725311 ], [ 35809.907612046750728, 3291.038268343236268 ], [ 35809.911807873562793, 3291.047139673682523 ], [ 35809.91685303876875, 3291.055557023301844 ], [ 35809.922698954665975, 3291.06343932841628 ], [ 35809.929289321880788, 3291.070710678118758 ], [ 35842.929289321880788, 3324.070710678118758 ], [ 35842.936560671580082, 3324.077301045336299 ], [ 35842.944442976695427, 3324.083146961230341 ], [ 35842.952860326317023, 3324.088192126434933 ], [ 35842.961731656760094, 3324.092387953251091 ], [ 35842.970971532275144, 3324.095694033573182 ], [ 35842.980490967798687, 3324.098078528040332 ], [ 35842.990198285966471, 3324.099518472667114 ], [ 35843.0, 3324.1 ], [ 35876.0, 3324.1 ], [ 35876.010178491444094, 3324.099480642900289 ], [ 35876.020251257461496, 3324.097927966236966 ], [ 35876.030113670785795, 3324.095358097883491 ], [ 35876.039663289135206, 3324.091797731426595 ], [ 35876.048800919270434, 3324.087283848899006 ], [ 35876.057431647321209, 3324.081863336638889 ], [ 35876.065465824707644, 3324.075592498277274 ], [ 35876.072819999266358, 3324.068536469900664 ], [ 35892.0432072650583, 3307.1 ], [ 35924.9567927349417, 3307.1 ], [ 35940.900000000001455, 3324.039657719122715 ], [ 35940.900000000001455, 3339.960342280877285 ], [ 35924.9567927349417, 3356.9 ], [ 35843.0, 3356.9 ], [ 35842.990198285966471, 3356.900481527332886 ], [ 35842.980490967798687, 3356.901921471959668 ], [ 35842.970971532275144, 3356.904305966426818 ], [ 35842.961731656760094, 3356.907612046748909 ], [ 35842.952860326317023, 3356.911807873565067 ], [ 35842.944442976695427, 3356.916853038769659 ], [ 35842.936560671580082, 3356.922698954663701 ], [ 35842.929289321880788, 3356.929289321881242 ], [ 35842.922698954665975, 3356.93656067158372 ], [ 35842.91685303876875, 3356.944442976698156 ], [ 35842.911807873562793, 3356.952860326317477 ], [ 35842.907612046750728, 3356.961731656763277 ], [ 35842.904305966425454, 3356.970971532274689 ], [ 35842.901921471959213, 3356.980490967798232 ], [ 35842.900481527329248, 3356.990198285966926 ], [ 35842.900000000001455, 3357.0 ], [ 35842.900000000001455, 3390.0 ], [ 35842.900481527329248, 3390.009801714033074 ], [ 35842.901921471959213, 3390.019509032201768 ], [ 35842.904305966425454, 3390.029028467725311 ], [ 35842.907612046750728, 3390.038268343236723 ], [ 35842.911807873562793, 3390.047139673682523 ], [ 35842.91685303876875, 3390.055557023301844 ], [ 35842.922698954665975, 3390.06343932841628 ], [ 35842.929289321880788, 3390.070710678118758 ], [ 35842.936560671580082, 3390.077301045336299 ], [ 35842.944442976695427, 3390.083146961230341 ], [ 35842.952860326317023, 3390.088192126434933 ], [ 35842.961731656760094, 3390.092387953251091 ], [ 35842.970971532275144, 3390.095694033573182 ], [ 35842.980490967798687, 3390.098078528040332 ], [ 35842.990198285966471, 3390.099518472667114 ], [ 35843.0, 3390.1 ], [ 35875.95857864376012, 3390.1 ], [ 35891.900000000001455, 3406.041421356239425 ], [ 35891.900000000001455, 3422.958578643760575 ], [ 35875.95857864376012, 3438.9 ], [ 35859.0, 3438.9 ], [ 35858.990198285966471, 3438.900481527332886 ], [ 35858.980490967798687, 3438.901921471959668 ], [ 35858.970971532275144, 3438.904305966426818 ], [ 35858.961731656760094, 3438.907612046748909 ], [ 35858.952860326317023, 3438.911807873565067 ], [ 35858.944442976695427, 3438.916853038769659 ], [ 35858.936560671580082, 3438.922698954663701 ], [ 35858.929289321880788, 3438.929289321881242 ], [ 35842.95857864376012, 3454.9 ], [ 35826.0, 3454.9 ], [ 35825.990198285966471, 3454.900481527332886 ], [ 35825.980490967798687, 3454.901921471959668 ], [ 35825.970971532275144, 3454.904305966426818 ], [ 35825.961731656760094, 3454.907612046748909 ], [ 35825.952860326317023, 3454.911807873565067 ], [ 35825.944442976695427, 3454.916853038769659 ], [ 35825.936560671580082, 3454.922698954663701 ], [ 35825.929289321880788, 3454.929289321881242 ], [ 35825.922698954665975, 3454.93656067158372 ], [ 35825.91685303876875, 3454.944442976698156 ], [ 35825.911807873562793, 3454.952860326317477 ], [ 35825.907612046750728, 3454.961731656763277 ], [ 35825.904305966425454, 3454.970971532274689 ], [ 35825.901921471959213, 3454.980490967798232 ], [ 35825.900481527329248, 3454.990198285966926 ], [ 35825.900000000001455, 3455.0 ], [ 35825.900000000001455, 3487.960342280877285 ], [ 35809.927180000733642, 3504.931463530099336 ], [ 35809.921044717928453, 3504.938631739203629 ], [ 35809.915612333868921, 3504.946346278740293 ], [ 35809.910931210302806, 3504.954538470084572 ], [ 35809.907043020903075, 3504.96313538232107 ], [ 35809.903982380230445, 3504.972060481509743 ], [ 35809.90177653561841, 3504.981234312029756 ], [ 35809.900445124585531, 3504.990575203930348 ], [ 35809.900000000001455, 3505.0 ], [ 35809.900000000001455, 3537.956792734939427 ], [ 35792.931463530097972, 3553.927180000730914 ], [ 35792.924407501726819, 3553.934534175295084 ], [ 35792.918136663363839, 3553.942568352675607 ], [ 35792.912716151098721, 3553.95119908073184 ], [ 35792.908202268576133, 3553.960336710866159 ], [ 35792.904641902117874, 3553.969886329216479 ], [ 35792.902072033764853, 3553.979748742541233 ], [ 35792.900519357099256, 3553.989821508552723 ], [ 35792.900000000001455, 3554.0 ], [ 35792.900000000001455, 3571.0 ], [ 35792.900519357099256, 3571.010178491447277 ], [ 35792.902072033764853, 3571.020251257458767 ], [ 35792.904641902117874, 3571.030113670783521 ], [ 35792.908202268576133, 3571.039663289133841 ], [ 35792.912716151098721, 3571.04880091926816 ], [ 35792.918136663363839, 3571.057431647324393 ], [ 35792.924407501726819, 3571.065465824704916 ], [ 35792.931463530097972, 3571.072819999269086 ], [ 35809.856403437515837, 3587.002175206248467 ], [ 35776.95857864376012, 3619.9 ], [ 35760.0, 3619.9 ], [ 35759.990198285966471, 3619.900481527332886 ], [ 35759.980490967798687, 3619.901921471959668 ], [ 35759.970971532275144, 3619.904305966426818 ], [ 35759.961731656760094, 3619.907612046748909 ], [ 35759.952860326317023, 3619.911807873565067 ], [ 35759.944442976695427, 3619.916853038769659 ], [ 35759.936560671580082, 3619.922698954663701 ], [ 35759.929289321880788, 3619.929289321881242 ], [ 35743.929289321880788, 3635.929289321881242 ], [ 35743.922698954665975, 3635.93656067158372 ], [ 35743.91685303876875, 3635.944442976698156 ], [ 35743.911807873562793, 3635.952860326317477 ], [ 35743.907612046750728, 3635.961731656763732 ], [ 35743.904305966425454, 3635.970971532274689 ], [ 35743.901921471959213, 3635.980490967798687 ], [ 35743.900481527329248, 3635.990198285966926 ], [ 35743.900000000001455, 3636.0 ], [ 35743.900000000001455, 3685.956792734939427 ], [ 35726.931463530097972, 3701.927180000730914 ], [ 35726.924407501726819, 3701.934534175295084 ], [ 35726.918136663363839, 3701.942568352675607 ], [ 35726.912716151098721, 3701.95119908073184 ], [ 35726.908202268576133, 3701.960336710866159 ], [ 35726.904641902117874, 3701.969886329216479 ], [ 35726.902072033764853, 3701.979748742541233 ], [ 35726.900519357099256, 3701.989821508552723 ], [ 35726.900000000001455, 3702.0 ], [ 35726.900000000001455, 3718.958578643760575 ], [ 35710.929289321880788, 3734.929289321881242 ], [ 35710.922698954665975, 3734.93656067158372 ], [ 35710.91685303876875, 3734.944442976698156 ], [ 35710.911807873562793, 3734.952860326317477 ], [ 35710.907612046750728, 3734.961731656763732 ], [ 35710.904305966425454, 3734.970971532274689 ], [ 35710.901921471959213, 3734.980490967798687 ], [ 35710.900481527329248, 3734.990198285966926 ], [ 35710.900000000001455, 3735.0 ], [ 35710.900000000001455, 3767.960342280877285 ], [ 35694.927180000733642, 3784.931463530099336 ], [ 35694.921044717928453, 3784.938631739203629 ], [ 35694.915612333868921, 3784.946346278740293 ], [ 35694.910931210302806, 3784.954538470084572 ], [ 35694.907043020903075, 3784.96313538232107 ], [ 35694.903982380230445, 3784.972060481509743 ], [ 35694.90177653561841, 3784.981234312029756 ], [ 35694.900445124585531, 3784.990575203930348 ], [ 35694.900000000001455, 3785.0 ], [ 35694.900000000001455, 3817.956792734939427 ], [ 35677.931463530097972, 3833.927180000730914 ], [ 35677.924407501726819, 3833.934534175295084 ], [ 35677.918136663363839, 3833.942568352675607 ], [ 35677.912716151098721, 3833.95119908073184 ], [ 35677.908202268576133, 3833.960336710866159 ], [ 35677.904641902117874, 3833.969886329216479 ], [ 35677.902072033764853, 3833.979748742541233 ], [ 35677.900519357099256, 3833.989821508552723 ], [ 35677.900000000001455, 3834.0 ], [ 35677.900000000001455, 3866.958578643760575 ], [ 35661.929289321880788, 3882.929289321881242 ], [ 35661.922698954665975, 3882.93656067158372 ], [ 35661.91685303876875, 3882.944442976698156 ], [ 35661.911807873562793, 3882.952860326317477 ], [ 35661.907612046750728, 3882.961731656763732 ], [ 35661.904305966425454, 3882.970971532274689 ], [ 35661.901921471959213, 3882.980490967798687 ], [ 35661.900481527329248, 3882.990198285966926 ], [ 35661.900000000001455, 3883.0 ], [ 35661.900000000001455, 4015.0 ], [ 35661.900481527329248, 4015.009801714033074 ], [ 35661.901921471959213, 4015.019509032201313 ], [ 35661.904305966425454, 4015.029028467725311 ], [ 35661.907612046750728, 4015.038268343236268 ], [ 35661.911807873562793, 4015.047139673682523 ], [ 35661.91685303876875, 4015.055557023301844 ], [ 35661.922698954665975, 4015.06343932841628 ], [ 35661.929289321880788, 4015.070710678118758 ], [ 35677.86068893315678, 4031.002110289397024 ], [ 35661.9567927349417, 4047.9 ], [ 35645.0, 4047.9 ], [ 35644.990198285966471, 4047.900481527332886 ], [ 35644.980490967798687, 4047.901921471959668 ], [ 35644.970971532275144, 4047.904305966426818 ], [ 35644.961731656760094, 4047.907612046748909 ], [ 35644.952860326317023, 4047.911807873565067 ], [ 35644.944442976695427, 4047.916853038769659 ], [ 35644.936560671580082, 4047.922698954663701 ], [ 35644.929289321880788, 4047.929289321881242 ], [ 35611.95857864376012, 4080.9 ], [ 35579.0, 4080.9 ], [ 35578.990198285966471, 4080.900481527332886 ], [ 35578.980490967798687, 4080.901921471959668 ], [ 35578.970971532275144, 4080.904305966426818 ], [ 35578.961731656760094, 4080.907612046748909 ], [ 35578.952860326317023, 4080.911807873565067 ], [ 35578.944442976695427, 4080.916853038769659 ], [ 35578.936560671580082, 4080.922698954663701 ], [ 35578.929289321880788, 4080.929289321881242 ], [ 35578.922698954665975, 4080.93656067158372 ], [ 35578.91685303876875, 4080.944442976698156 ], [ 35578.911807873562793, 4080.952860326317477 ], [ 35578.907612046750728, 4080.961731656763277 ], [ 35578.904305966425454, 4080.970971532274689 ], [ 35578.901921471959213, 4080.980490967798232 ], [ 35578.900481527329248, 4080.990198285966926 ], [ 35578.900000000001455, 4081.0 ], [ 35578.900000000001455, 4162.96034228087774 ], [ 35562.927180000733642, 4179.931463530099791 ], [ 35562.921044717928453, 4179.938631739203629 ], [ 35562.915612333868921, 4179.946346278740748 ], [ 35562.910931210302806, 4179.954538470085026 ], [ 35562.907043020903075, 4179.963135382321525 ], [ 35562.903982380230445, 4179.972060481510198 ], [ 35562.90177653561841, 4179.981234312029301 ], [ 35562.900445124585531, 4179.990575203930348 ], [ 35562.900000000001455, 4180.0 ], [ 35562.900000000001455, 4195.956792734938972 ], [ 35545.931463530097972, 4211.927180000730914 ], [ 35545.924407501726819, 4211.934534175295084 ], [ 35545.918136663363839, 4211.942568352676062 ], [ 35545.912716151098721, 4211.951199080732295 ], [ 35545.908202268576133, 4211.960336710865704 ], [ 35545.904641902117874, 4211.969886329216024 ], [ 35545.902072033764853, 4211.979748742541233 ], [ 35545.900519357099256, 4211.989821508552268 ], [ 35545.900000000001455, 4212.0 ], [ 35545.900000000001455, 4244.96034228087774 ], [ 35529.927180000733642, 4261.931463530099791 ], [ 35529.921044717928453, 4261.938631739203629 ], [ 35529.915612333868921, 4261.946346278740748 ], [ 35529.910931210302806, 4261.954538470085026 ], [ 35529.907043020903075, 4261.963135382321525 ], [ 35529.903982380230445, 4261.972060481510198 ], [ 35529.90177653561841, 4261.981234312029301 ], [ 35529.900445124585531, 4261.990575203930348 ], [ 35529.900000000001455, 4262.0 ], [ 35529.900000000001455, 4310.96034228087774 ], [ 35513.927180000733642, 4327.931463530099791 ], [ 35513.921044717928453, 4327.938631739203629 ], [ 35513.915612333868921, 4327.946346278740748 ], [ 35513.910931210302806, 4327.954538470085026 ], [ 35513.907043020903075, 4327.963135382321525 ], [ 35513.903982380230445, 4327.972060481510198 ], [ 35513.90177653561841, 4327.981234312029301 ], [ 35513.900445124585531, 4327.990575203930348 ], [ 35513.900000000001455, 4328.0 ], [ 35513.900000000001455, 4343.95857864376103 ], [ 35496.95857864376012, 4360.899999999999636 ], [ 35481.0, 4360.899999999999636 ], [ 35480.990198285966471, 4360.900481527332886 ], [ 35480.980490967798687, 4360.901921471960122 ], [ 35480.970971532275144, 4360.904305966426364 ], [ 35480.961731656760094, 4360.907612046748909 ], [ 35480.952860326317023, 4360.911807873565522 ], [ 35480.944442976695427, 4360.916853038769659 ], [ 35480.936560671580082, 4360.922698954664156 ], [ 35480.929289321880788, 4360.929289321881697 ], [ 35480.922698954665975, 4360.93656067158372 ], [ 35480.91685303876875, 4360.944442976698156 ], [ 35480.911807873562793, 4360.952860326317023 ], [ 35480.907612046750728, 4360.961731656763732 ], [ 35480.904305966425454, 4360.970971532274234 ], [ 35480.901921471959213, 4360.980490967798687 ], [ 35480.900481527329248, 4360.990198285967381 ], [ 35480.900000000001455, 4361.0 ], [ 35480.900000000001455, 4377.0 ], [ 35480.900481527329248, 4377.009801714032619 ], [ 35480.901921471959213, 4377.019509032201313 ], [ 35480.904305966425454, 4377.029028467724856 ], [ 35480.907612046750728, 4377.038268343236268 ], [ 35480.911807873562793, 4377.047139673682068 ], [ 35480.91685303876875, 4377.055557023301844 ], [ 35480.922698954665975, 4377.06343932841628 ], [ 35480.929289321880788, 4377.070710678118303 ], [ 35496.900000000001455, 4393.04142135623897 ], [ 35496.900000000001455, 4409.95857864376103 ], [ 35480.929289321880788, 4425.929289321881697 ], [ 35480.922698954665975, 4425.93656067158372 ], [ 35480.91685303876875, 4425.944442976698156 ], [ 35480.911807873562793, 4425.952860326317932 ], [ 35480.907612046750728, 4425.961731656763732 ], [ 35480.904305966425454, 4425.970971532275144 ], [ 35480.901921471959213, 4425.980490967798687 ], [ 35480.900481527329248, 4425.990198285967381 ], [ 35480.900000000001455, 4426.0 ], [ 35480.900000000001455, 4459.0 ], [ 35480.900481527329248, 4459.009801714032619 ], [ 35480.901921471959213, 4459.019509032201313 ], [ 35480.904305966425454, 4459.029028467725766 ], [ 35480.907612046750728, 4459.038268343236268 ], [ 35480.911807873562793, 4459.047139673682977 ], [ 35480.91685303876875, 4459.055557023301844 ], [ 35480.922698954665975, 4459.06343932841628 ], [ 35480.929289321880788, 4459.070710678118303 ], [ 35480.936560671580082, 4459.077301045335844 ], [ 35480.944442976695427, 4459.083146961230341 ], [ 35480.952860326317023, 4459.088192126434478 ], [ 35480.961731656760094, 4459.092387953251091 ], [ 35480.970971532275144, 4459.095694033573636 ], [ 35480.980490967798687, 4459.098078528039878 ], [ 35480.990198285966471, 4459.099518472667114 ], [ 35481.0, 4459.100000000000364 ], [ 35530.0, 4459.100000000000364 ], [ 35530.009801714033529, 4459.099518472667114 ], [ 35530.019509032201313, 4459.098078528039878 ], [ 35530.029028467724856, 4459.095694033572727 ], [ 35530.038268343239906, 4459.092387953251091 ], [ 35530.047139673682977, 4459.088192126434478 ], [ 35530.055557023304573, 4459.083146961230341 ], [ 35530.063439328419918, 4459.077301045335844 ], [ 35530.070710678119212, 4459.070710678118303 ], [ 35546.04142135623988, 4443.100000000000364 ], [ 35562.95857864376012, 4443.100000000000364 ], [ 35578.929289321880788, 4459.070710678118303 ], [ 35578.936560671580082, 4459.077301045335844 ], [ 35578.944442976695427, 4459.083146961230341 ], [ 35578.952860326317023, 4459.088192126434478 ], [ 35578.961731656760094, 4459.092387953251091 ], [ 35578.970971532275144, 4459.095694033572727 ], [ 35578.980490967798687, 4459.098078528039878 ], [ 35578.990198285966471, 4459.099518472667114 ], [ 35579.0, 4459.100000000000364 ], [ 35611.95857864376012, 4459.100000000000364 ], [ 35628.856403437515837, 4475.997824793751533 ], [ 35611.931463530097972, 4491.927180000730914 ], [ 35611.924407501726819, 4491.934534175295084 ], [ 35611.918136663363839, 4491.942568352676062 ], [ 35611.912716151098721, 4491.951199080732295 ], [ 35611.908202268576133, 4491.960336710865704 ], [ 35611.904641902117874, 4491.969886329216024 ], [ 35611.902072033764853, 4491.979748742541233 ], [ 35611.900519357099256, 4491.989821508552268 ], [ 35611.900000000001455, 4492.0 ], [ 35611.900000000001455, 4524.96034228087774 ], [ 35595.927180000733642, 4541.931463530099791 ], [ 35595.921044717928453, 4541.938631739203629 ], [ 35595.915612333868921, 4541.946346278740748 ], [ 35595.910931210302806, 4541.954538470085026 ], [ 35595.907043020903075, 4541.963135382321525 ], [ 35595.903982380230445, 4541.972060481510198 ], [ 35595.90177653561841, 4541.981234312029301 ], [ 35595.900445124585531, 4541.990575203930348 ], [ 35595.900000000001455, 4542.0 ], [ 35595.900000000001455, 4575.0 ], [ 35595.900481527329248, 4575.009801714032619 ], [ 35595.901921471959213, 4575.019509032201313 ], [ 35595.904305966425454, 4575.029028467724856 ], [ 35595.907612046750728, 4575.038268343236268 ], [ 35595.911807873562793, 4575.047139673682068 ], [ 35595.91685303876875, 4575.055557023301844 ], [ 35595.922698954665975, 4575.06343932841628 ], [ 35595.929289321880788, 4575.070710678118303 ], [ 35611.858578643761575, 4591.0 ], [ 35595.95857864376012, 4606.899999999999636 ], [ 35579.04142135623988, 4606.899999999999636 ], [ 35563.070710678119212, 4590.929289321881697 ], [ 35563.063439328419918, 4590.922698954664156 ], [ 35563.055557023304573, 4590.916853038769659 ], [ 35563.047139673682977, 4590.911807873565522 ], [ 35563.038268343239906, 4590.907612046748909 ], [ 35563.029028467724856, 4590.904305966427273 ], [ 35563.019509032201313, 4590.901921471960122 ], [ 35563.009801714033529, 4590.900481527332886 ], [ 35563.0, 4590.899999999999636 ], [ 35546.0, 4590.899999999999636 ], [ 35545.990198285966471, 4590.900481527332886 ], [ 35545.980490967798687, 4590.901921471960122 ], [ 35545.970971532275144, 4590.904305966426364 ], [ 35545.961731656760094, 4590.907612046748909 ], [ 35545.952860326317023, 4590.911807873565522 ], [ 35545.944442976695427, 4590.916853038769659 ], [ 35545.936560671580082, 4590.922698954664156 ], [ 35545.929289321880788, 4590.929289321881697 ], [ 35545.922698954665975, 4590.93656067158372 ], [ 35545.91685303876875, 4590.944442976698156 ], [ 35545.911807873562793, 4590.952860326317023 ], [ 35545.907612046750728, 4590.961731656763732 ], [ 35545.904305966425454, 4590.970971532274234 ], [ 35545.901921471959213, 4590.980490967798687 ], [ 35545.900481527329248, 4590.990198285967381 ], [ 35545.900000000001455, 4591.0 ], [ 35545.900000000001455, 4624.0 ], [ 35545.900519357099256, 4624.010178491447732 ], [ 35545.902072033764853, 4624.020251257458767 ], [ 35545.904641902117874, 4624.030113670783976 ], [ 35545.908202268576133, 4624.039663289134296 ], [ 35545.912716151098721, 4624.048800919267705 ], [ 35545.918136663363839, 4624.057431647323938 ], [ 35545.924407501726819, 4624.065465824704916 ], [ 35545.931463530097972, 4624.072819999269086 ], [ 35562.900000000001455, 4640.043207265061028 ], [ 35562.900000000001455, 4656.956792734938972 ], [ 35545.931463530097972, 4672.927180000730914 ], [ 35545.924407501726819, 4672.934534175295084 ], [ 35545.918136663363839, 4672.942568352676062 ], [ 35545.912716151098721, 4672.951199080732295 ], [ 35545.908202268576133, 4672.960336710865704 ], [ 35545.904641902117874, 4672.969886329216024 ], [ 35545.902072033764853, 4672.979748742541233 ], [ 35545.900519357099256, 4672.989821508552268 ], [ 35545.900000000001455, 4673.0 ], [ 35545.900000000001455, 4787.96034228087774 ], [ 35529.927180000733642, 4804.931463530099791 ], [ 35529.921044717928453, 4804.938631739203629 ], [ 35529.915612333868921, 4804.946346278740748 ], [ 35529.910931210302806, 4804.954538470085026 ], [ 35529.907043020903075, 4804.963135382321525 ], [ 35529.903982380230445, 4804.972060481510198 ], [ 35529.90177653561841, 4804.981234312029301 ], [ 35529.900445124585531, 4804.990575203930348 ], [ 35529.900000000001455, 4805.0 ], [ 35529.900000000001455, 4837.95857864376103 ], [ 35513.929289321880788, 4853.929289321881697 ], [ 35513.922698954665975, 4853.93656067158372 ], [ 35513.91685303876875, 4853.944442976698156 ], [ 35513.911807873562793, 4853.952860326317932 ], [ 35513.907612046750728, 4853.961731656763732 ], [ 35513.904305966425454, 4853.970971532275144 ], [ 35513.901921471959213, 4853.980490967798687 ], [ 35513.900481527329248, 4853.990198285967381 ], [ 35513.900000000001455, 4854.0 ], [ 35513.900000000001455, 4871.0 ], [ 35513.900481527329248, 4871.009801714032619 ], [ 35513.901921471959213, 4871.019509032201313 ], [ 35513.904305966425454, 4871.029028467724856 ], [ 35513.907612046750728, 4871.038268343236268 ], [ 35513.911807873562793, 4871.047139673682068 ], [ 35513.91685303876875, 4871.055557023301844 ], [ 35513.922698954665975, 4871.06343932841628 ], [ 35513.929289321880788, 4871.070710678118303 ], [ 35529.928218193868815, 4887.069639550106331 ], [ 35545.900000000001455, 4904.03965771912226 ], [ 35545.900000000001455, 4936.95857864376103 ], [ 35529.95857864376012, 4952.899999999999636 ], [ 35481.0, 4952.899999999999636 ], [ 35480.990575203933986, 4952.900445124584621 ], [ 35480.981234312028391, 4952.901776535619319 ], [ 35480.972060481508379, 4952.903982380228626 ], [ 35480.963135382320615, 4952.907043020899437 ], [ 35480.954538470083207, 4952.910931210304625 ], [ 35480.946346278738929, 4952.915612333868921 ], [ 35480.938631739205448, 4952.921044717929362 ], [ 35480.931463530097972, 4952.927180000730914 ], [ 35463.931463530097972, 4968.927180000730914 ], [ 35463.927180000733642, 4968.931463530099791 ], [ 35447.929256863491901, 4985.929256863417322 ], [ 35430.931463530097972, 5001.927180000730914 ], [ 35430.924407501726819, 5001.934534175295084 ], [ 35430.918136663363839, 5001.942568352676062 ], [ 35430.912716151098721, 5001.951199080732295 ], [ 35430.908202268576133, 5001.960336710865704 ], [ 35430.904641902117874, 5001.969886329216024 ], [ 35430.902072033764853, 5001.979748742541233 ], [ 35430.900519357099256, 5001.989821508552268 ], [ 35430.900000000001455, 5002.0 ], [ 35430.900000000001455, 5084.95857864376103 ], [ 35414.929289321880788, 5100.929289321881697 ], [ 35414.922698954665975, 5100.93656067158372 ], [ 35414.91685303876875, 5100.944442976698156 ], [ 35414.911807873562793, 5100.952860326317932 ], [ 35414.907612046750728, 5100.961731656763732 ], [ 35414.904305966425454, 5100.970971532275144 ], [ 35414.901921471959213, 5100.980490967798687 ], [ 35414.900481527329248, 5100.990198285967381 ], [ 35414.900000000001455, 5101.0 ], [ 35414.900000000001455, 5117.956792734938972 ], [ 35397.931463530097972, 5133.927180000730914 ], [ 35397.924407501726819, 5133.934534175295084 ], [ 35397.918136663363839, 5133.942568352676062 ], [ 35397.912716151098721, 5133.951199080732295 ], [ 35397.908202268576133, 5133.960336710865704 ], [ 35397.904641902117874, 5133.969886329216024 ], [ 35397.902072033764853, 5133.979748742541233 ], [ 35397.900519357099256, 5133.989821508552268 ], [ 35397.900000000001455, 5134.0 ], [ 35397.900000000001455, 5348.0 ], [ 35397.900519357099256, 5348.010178491447732 ], [ 35397.902072033764853, 5348.020251257458767 ], [ 35397.904641902117874, 5348.030113670783976 ], [ 35397.908202268576133, 5348.039663289134296 ], [ 35397.912716151098721, 5348.048800919267705 ], [ 35397.918136663363839, 5348.057431647323938 ], [ 35397.924407501726819, 5348.065465824704916 ], [ 35397.931463530097972, 5348.072819999269086 ], [ 35414.931463530097972, 5364.072819999269086 ], [ 35414.938631739205448, 5364.078955282070638 ], [ 35414.946346278738929, 5364.084387666131079 ], [ 35414.954538470083207, 5364.089068789695375 ], [ 35414.963135382320615, 5364.092956979100563 ], [ 35414.972060481508379, 5364.096017619771374 ], [ 35414.981234312028391, 5364.098223464380681 ], [ 35414.990575203933986, 5364.099554875415379 ], [ 35415.0, 5364.100000000000364 ], [ 35430.95857864376012, 5364.100000000000364 ], [ 35447.929289321880788, 5381.070710678118303 ], [ 35447.936560671580082, 5381.077301045335844 ], [ 35447.944442976695427, 5381.083146961230341 ], [ 35447.952860326317023, 5381.088192126434478 ], [ 35447.961731656760094, 5381.092387953251091 ], [ 35447.970971532275144, 5381.095694033572727 ], [ 35447.980490967798687, 5381.098078528039878 ], [ 35447.990198285966471, 5381.099518472667114 ], [ 35448.0, 5381.100000000000364 ], [ 35529.95857864376012, 5381.100000000000364 ], [ 35545.929289321880788, 5397.070710678118303 ], [ 35545.936560671580082, 5397.077301045335844 ], [ 35545.944442976695427, 5397.083146961230341 ], [ 35545.952860326317023, 5397.088192126434478 ], [ 35545.961731656760094, 5397.092387953251091 ], [ 35545.970971532275144, 5397.095694033572727 ], [ 35545.980490967798687, 5397.098078528039878 ], [ 35545.990198285966471, 5397.099518472667114 ], [ 35546.0, 5397.100000000000364 ], [ 35612.0, 5397.100000000000364 ], [ 35612.009801714033529, 5397.099518472667114 ], [ 35612.019509032201313, 5397.098078528039878 ], [ 35612.029028467724856, 5397.095694033573636 ], [ 35612.038268343239906, 5397.092387953251091 ], [ 35612.047139673682977, 5397.088192126434478 ], [ 35612.055557023304573, 5397.083146961230341 ], [ 35612.063439328419918, 5397.077301045335844 ], [ 35612.070710678119212, 5397.070710678118303 ], [ 35612.077301045334025, 5397.06343932841628 ], [ 35612.08314696123125, 5397.055557023301844 ], [ 35612.088192126437207, 5397.047139673682977 ], [ 35612.092387953249272, 5397.038268343236268 ], [ 35612.095694033574546, 5397.029028467725766 ], [ 35612.098078528040787, 5397.019509032201313 ], [ 35612.099518472670752, 5397.009801714032619 ], [ 35612.099999999998545, 5397.0 ], [ 35612.099999999998545, 5381.0 ], [ 35612.099518472670752, 5380.990198285967381 ], [ 35612.098078528040787, 5380.980490967798687 ], [ 35612.095694033574546, 5380.970971532274234 ], [ 35612.092387953249272, 5380.961731656763732 ], [ 35612.088192126437207, 5380.952860326317023 ], [ 35612.08314696123125, 5380.944442976698156 ], [ 35612.077301045334025, 5380.93656067158372 ], [ 35612.070710678119212, 5380.929289321881697 ], [ 35612.063439328419918, 5380.922698954664156 ], [ 35612.055557023304573, 5380.916853038769659 ], [ 35612.047139673682977, 5380.911807873565522 ], [ 35612.038268343239906, 5380.907612046748909 ], [ 35612.029028467724856, 5380.904305966426364 ], [ 35612.019509032201313, 5380.901921471960122 ], [ 35612.009801714033529, 5380.900481527332886 ], [ 35612.0, 5380.899999999999636 ], [ 35579.043207265051024, 5380.899999999999636 ], [ 35563.099999999998545, 5363.96034228087774 ], [ 35563.099999999998545, 5348.04142135623897 ], [ 35579.070710678119212, 5332.070710678118303 ], [ 35579.077301045334025, 5332.06343932841628 ], [ 35579.08314696123125, 5332.055557023301844 ], [ 35579.088192126437207, 5332.047139673682068 ], [ 35579.092387953249272, 5332.038268343236268 ], [ 35579.095694033574546, 5332.029028467724856 ], [ 35579.098078528040787, 5332.019509032201313 ], [ 35579.099518472670752, 5332.009801714032619 ], [ 35579.099999999998545, 5332.0 ], [ 35579.099999999998545, 5315.0 ], [ 35579.099518472670752, 5314.990198285967381 ], [ 35579.098078528040787, 5314.980490967798687 ], [ 35579.095694033574546, 5314.970971532275144 ], [ 35579.092387953249272, 5314.961731656763732 ], [ 35579.088192126437207, 5314.952860326317932 ], [ 35579.08314696123125, 5314.944442976698156 ], [ 35579.077301045334025, 5314.93656067158372 ], [ 35579.070710678119212, 5314.929289321881697 ], [ 35563.099999999998545, 5298.95857864376103 ], [ 35563.099999999998545, 5266.0 ], [ 35563.099518472670752, 5265.990198285967381 ], [ 35563.098078528040787, 5265.980490967798687 ], [ 35563.095694033574546, 5265.970971532275144 ], [ 35563.092387953249272, 5265.961731656763732 ], [ 35563.088192126437207, 5265.952860326317932 ], [ 35563.08314696123125, 5265.944442976698156 ], [ 35563.077301045334025, 5265.93656067158372 ], [ 35563.070710678119212, 5265.929289321881697 ], [ 35546.099999999998545, 5248.95857864376103 ], [ 35546.099999999998545, 5200.0 ], [ 35546.099554875414469, 5199.990575203930348 ], [ 35546.09822346438159, 5199.981234312029301 ], [ 35546.096017619769555, 5199.972060481510198 ], [ 35546.092956979096925, 5199.963135382321525 ], [ 35546.089068789697194, 5199.954538470085026 ], [ 35546.084387666131079, 5199.946346278740748 ], [ 35546.078955282071547, 5199.938631739203629 ], [ 35546.072819999266358, 5199.931463530099791 ], [ 35530.13931106684322, 5183.002110289397024 ], [ 35546.04142135623988, 5167.100000000000364 ], [ 35595.95857864376012, 5167.100000000000364 ], [ 35611.900000000001455, 5183.04142135623897 ], [ 35611.900000000001455, 5200.0 ], [ 35611.900481527329248, 5200.009801714032619 ], [ 35611.901921471959213, 5200.019509032201313 ], [ 35611.904305966425454, 5200.029028467725766 ], [ 35611.907612046750728, 5200.038268343236268 ], [ 35611.911807873562793, 5200.047139673682977 ], [ 35611.91685303876875, 5200.055557023301844 ], [ 35611.922698954665975, 5200.06343932841628 ], [ 35611.929289321880788, 5200.070710678118303 ], [ 35611.936560671580082, 5200.077301045335844 ], [ 35611.944442976695427, 5200.083146961230341 ], [ 35611.952860326317023, 5200.088192126434478 ], [ 35611.961731656760094, 5200.092387953251091 ], [ 35611.970971532275144, 5200.095694033573636 ], [ 35611.980490967798687, 5200.098078528039878 ], [ 35611.990198285966471, 5200.099518472667114 ], [ 35612.0, 5200.100000000000364 ], [ 35677.960342280872283, 5200.100000000000364 ], [ 35694.931463530097972, 5216.072819999269086 ], [ 35694.938631739205448, 5216.078955282070638 ], [ 35694.946346278738929, 5216.084387666131079 ], [ 35694.954538470083207, 5216.089068789695375 ], [ 35694.963135382320615, 5216.092956979100563 ], [ 35694.972060481508379, 5216.096017619771374 ], [ 35694.981234312028391, 5216.098223464380681 ], [ 35694.990575203933986, 5216.099554875415379 ], [ 35695.0, 5216.100000000000364 ], [ 35710.956792734948976, 5216.100000000000364 ], [ 35726.927180000733642, 5233.068536469900209 ], [ 35726.934534175292356, 5233.075592498276819 ], [ 35726.942568352678791, 5233.081863336638889 ], [ 35726.951199080729566, 5233.087283848898551 ], [ 35726.960336710864794, 5233.091797731426595 ], [ 35726.969886329214205, 5233.095358097883036 ], [ 35726.979748742538504, 5233.097927966236966 ], [ 35726.989821508555906, 5233.099480642900744 ], [ 35727.0, 5233.100000000000364 ], [ 35777.0, 5233.100000000000364 ], [ 35777.010178491444094, 5233.099480642900744 ], [ 35777.020251257461496, 5233.097927966236966 ], [ 35777.030113670785795, 5233.095358097883036 ], [ 35777.039663289135206, 5233.091797731426595 ], [ 35777.048800919270434, 5233.087283848898551 ], [ 35777.057431647321209, 5233.081863336638889 ], [ 35777.065465824707644, 5233.075592498276819 ], [ 35777.072819999266358, 5233.068536469900209 ], [ 35793.072819999266358, 5216.068536469900209 ], [ 35793.078955282071547, 5216.061368260796371 ], [ 35793.084387666131079, 5216.053653721259252 ], [ 35793.089068789697194, 5216.045461529914974 ], [ 35793.092956979096925, 5216.036864617678475 ], [ 35793.096017619769555, 5216.027939518489802 ], [ 35793.09822346438159, 5216.018765687970699 ], [ 35793.099554875414469, 5216.009424796069652 ], [ 35793.099999999998545, 5216.0 ], [ 35793.099999999998545, 5200.04142135623897 ], [ 35826.070710678119212, 5167.070710678118303 ], [ 35826.077301045334025, 5167.06343932841628 ], [ 35826.08314696123125, 5167.055557023301844 ], [ 35826.088192126437207, 5167.047139673682068 ], [ 35826.092387953249272, 5167.038268343236268 ], [ 35826.095694033574546, 5167.029028467724856 ], [ 35826.098078528040787, 5167.019509032201313 ], [ 35826.099518472670752, 5167.009801714032619 ], [ 35826.099999999998545, 5167.0 ], [ 35826.099999999998545, 5134.043207265061028 ], [ 35843.068536469902028, 5118.072819999269086 ], [ 35843.075592498273181, 5118.065465824704916 ], [ 35843.081863336636161, 5118.057431647323938 ], [ 35843.087283848901279, 5118.048800919267705 ], [ 35843.091797731423867, 5118.039663289134296 ], [ 35843.095358097882126, 5118.030113670783976 ], [ 35843.097927966235147, 5118.020251257458767 ], [ 35843.099480642900744, 5118.010178491447732 ], [ 35843.099999999998545, 5118.0 ], [ 35843.099999999998545, 5101.04142135623897 ], [ 35859.04142135623988, 5085.100000000000364 ], [ 35876.0, 5085.100000000000364 ], [ 35876.009801714033529, 5085.099518472667114 ], [ 35876.019509032201313, 5085.098078528039878 ], [ 35876.029028467724856, 5085.095694033573636 ], [ 35876.038268343239906, 5085.092387953251091 ], [ 35876.047139673682977, 5085.088192126434478 ], [ 35876.055557023304573, 5085.083146961230341 ], [ 35876.063439328419918, 5085.077301045335844 ], [ 35876.070710678119212, 5085.070710678118303 ], [ 35876.077301045334025, 5085.06343932841628 ], [ 35876.08314696123125, 5085.055557023301844 ], [ 35876.088192126437207, 5085.047139673682977 ], [ 35876.092387953249272, 5085.038268343236268 ], [ 35876.095694033574546, 5085.029028467725766 ], [ 35876.098078528040787, 5085.019509032201313 ], [ 35876.099518472670752, 5085.009801714032619 ], [ 35876.099999999998545, 5085.0 ], [ 35876.099999999998545, 5035.04142135623897 ], [ 35892.070710678119212, 5019.070710678118303 ], [ 35892.077301045334025, 5019.06343932841628 ], [ 35892.08314696123125, 5019.055557023301844 ], [ 35892.088192126437207, 5019.047139673682068 ], [ 35892.092387953249272, 5019.038268343236268 ], [ 35892.095694033574546, 5019.029028467724856 ], [ 35892.098078528040787, 5019.019509032201313 ], [ 35892.099518472670752, 5019.009801714032619 ], [ 35892.099999999998545, 5019.0 ], [ 35892.099999999998545, 5002.0 ], [ 35892.099518472670752, 5001.990198285967381 ], [ 35892.098078528040787, 5001.980490967798687 ], [ 35892.095694033574546, 5001.970971532275144 ], [ 35892.092387953249272, 5001.961731656763732 ], [ 35892.088192126437207, 5001.952860326317932 ], [ 35892.08314696123125, 5001.944442976698156 ], [ 35892.077301045334025, 5001.93656067158372 ], [ 35892.070710678119212, 5001.929289321881697 ], [ 35876.13931106684322, 4985.997889710602976 ], [ 35892.043207265051024, 4969.100000000000364 ], [ 35908.0, 4969.100000000000364 ], [ 35908.009424796066014, 4969.099554875415379 ], [ 35908.018765687971609, 4969.098223464380681 ], [ 35908.027939518491621, 4969.096017619771374 ], [ 35908.036864617679385, 4969.092956979100563 ], [ 35908.045461529916793, 4969.089068789695375 ], [ 35908.053653721261071, 4969.084387666131079 ], [ 35908.061368260794552, 4969.078955282070638 ], [ 35908.068536469902028, 4969.072819999269086 ], [ 35924.997889710604795, 4953.139311066842311 ], [ 35940.900000000001455, 4969.04142135623897 ], [ 35940.900000000001455, 5002.0 ], [ 35940.900481527329248, 5002.009801714032619 ], [ 35940.901921471959213, 5002.019509032201313 ], [ 35940.904305966425454, 5002.029028467725766 ], [ 35940.907612046750728, 5002.038268343236268 ], [ 35940.911807873562793, 5002.047139673682977 ], [ 35940.91685303876875, 5002.055557023301844 ], [ 35940.922698954665975, 5002.06343932841628 ], [ 35940.929289321880788, 5002.070710678118303 ], [ 35940.936560671580082, 5002.077301045335844 ], [ 35940.944442976695427, 5002.083146961230341 ], [ 35940.952860326317023, 5002.088192126434478 ], [ 35940.961731656760094, 5002.092387953251091 ], [ 35940.970971532275144, 5002.095694033573636 ], [ 35940.980490967798687, 5002.098078528039878 ], [ 35940.990198285966471, 5002.099518472667114 ], [ 35941.0, 5002.100000000000364 ], [ 36006.95857864376012, 5002.100000000000364 ], [ 36023.929289321880788, 5019.070710678118303 ], [ 36023.936560671580082, 5019.077301045335844 ], [ 36023.944442976695427, 5019.083146961230341 ], [ 36023.952860326317023, 5019.088192126434478 ], [ 36023.961731656760094, 5019.092387953251091 ], [ 36023.970971532275144, 5019.095694033572727 ], [ 36023.980490967798687, 5019.098078528039878 ], [ 36023.990198285966471, 5019.099518472667114 ], [ 36024.0, 5019.100000000000364 ], [ 36089.95857864376012, 5019.100000000000364 ], [ 36105.929289321880788, 5035.070710678118303 ], [ 36105.936560671580082, 5035.077301045335844 ], [ 36105.944442976695427, 5035.083146961230341 ], [ 36105.952860326317023, 5035.088192126434478 ], [ 36105.961731656760094, 5035.092387953251091 ], [ 36105.970971532275144, 5035.095694033572727 ], [ 36105.980490967798687, 5035.098078528039878 ], [ 36105.990198285966471, 5035.099518472667114 ], [ 36106.0, 5035.100000000000364 ], [ 36121.95857864376012, 5035.100000000000364 ], [ 36138.900000000001455, 5052.04142135623897 ], [ 36138.900000000001455, 5067.95857864376103 ], [ 36121.929289321880788, 5084.929289321881697 ], [ 36121.922698954665975, 5084.93656067158372 ], [ 36121.91685303876875, 5084.944442976698156 ], [ 36121.911807873562793, 5084.952860326317932 ], [ 36121.907612046750728, 5084.961731656763732 ], [ 36121.904305966425454, 5084.970971532275144 ], [ 36121.901921471959213, 5084.980490967798687 ], [ 36121.900481527329248, 5084.990198285967381 ], [ 36121.900000000001455, 5085.0 ], [ 36121.900000000001455, 5100.96034228087774 ], [ 36105.956792734948976, 5117.899999999999636 ], [ 36073.0, 5117.899999999999636 ], [ 36072.990198285966471, 5117.900481527332886 ], [ 36072.980490967798687, 5117.901921471960122 ], [ 36072.970971532275144, 5117.904305966426364 ], [ 36072.961731656760094, 5117.907612046748909 ], [ 36072.952860326317023, 5117.911807873565522 ], [ 36072.944442976695427, 5117.916853038769659 ], [ 36072.936560671580082, 5117.922698954664156 ], [ 36072.929289321880788, 5117.929289321881697 ], [ 36072.922698954665975, 5117.93656067158372 ], [ 36072.91685303876875, 5117.944442976698156 ], [ 36072.911807873562793, 5117.952860326317023 ], [ 36072.907612046750728, 5117.961731656763732 ], [ 36072.904305966425454, 5117.970971532274234 ], [ 36072.901921471959213, 5117.980490967798687 ], [ 36072.900481527329248, 5117.990198285967381 ], [ 36072.900000000001455, 5118.0 ], [ 36072.900000000001455, 5133.96034228087774 ], [ 36056.927180000733642, 5150.931463530099791 ], [ 36056.921044717928453, 5150.938631739203629 ], [ 36056.915612333868921, 5150.946346278740748 ], [ 36056.910931210302806, 5150.954538470085026 ], [ 36056.907043020903075, 5150.963135382321525 ], [ 36056.903982380230445, 5150.972060481510198 ], [ 36056.90177653561841, 5150.981234312029301 ], [ 36056.900445124585531, 5150.990575203930348 ], [ 36056.900000000001455, 5151.0 ], [ 36056.900000000001455, 5182.95857864376103 ], [ 35973.95857864376012, 5265.899999999999636 ], [ 35958.0, 5265.899999999999636 ], [ 35957.990198285966471, 5265.900481527332886 ], [ 35957.980490967798687, 5265.901921471960122 ], [ 35957.970971532275144, 5265.904305966426364 ], [ 35957.961731656760094, 5265.907612046748909 ], [ 35957.952860326317023, 5265.911807873565522 ], [ 35957.944442976695427, 5265.916853038769659 ], [ 35957.936560671580082, 5265.922698954664156 ], [ 35957.929289321880788, 5265.929289321881697 ], [ 35957.922698954665975, 5265.93656067158372 ], [ 35957.91685303876875, 5265.944442976698156 ], [ 35957.911807873562793, 5265.952860326317023 ], [ 35957.907612046750728, 5265.961731656763732 ], [ 35957.904305966425454, 5265.970971532274234 ], [ 35957.901921471959213, 5265.980490967798687 ], [ 35957.900481527329248, 5265.990198285967381 ], [ 35957.900000000001455, 5266.0 ], [ 35957.900000000001455, 5282.0 ], [ 35957.900445124585531, 5282.009424796069652 ], [ 35957.90177653561841, 5282.018765687970699 ], [ 35957.903982380230445, 5282.027939518489802 ], [ 35957.907043020903075, 5282.036864617678475 ], [ 35957.910931210302806, 5282.045461529914974 ], [ 35957.915612333868921, 5282.053653721259252 ], [ 35957.921044717928453, 5282.061368260796371 ], [ 35957.927180000733642, 5282.068536469900209 ], [ 35973.86068893315678, 5298.997889710602976 ], [ 35957.929289321880788, 5314.929289321881697 ], [ 35957.922698954665975, 5314.93656067158372 ], [ 35957.91685303876875, 5314.944442976698156 ], [ 35957.911807873562793, 5314.952860326317932 ], [ 35957.907612046750728, 5314.961731656763732 ], [ 35957.904305966425454, 5314.970971532275144 ], [ 35957.901921471959213, 5314.980490967798687 ], [ 35957.900481527329248, 5314.990198285967381 ], [ 35957.900000000001455, 5315.0 ], [ 35957.900000000001455, 5332.0 ], [ 35957.900481527329248, 5332.009801714032619 ], [ 35957.901921471959213, 5332.019509032201313 ], [ 35957.904305966425454, 5332.029028467724856 ], [ 35957.907612046750728, 5332.038268343236268 ], [ 35957.911807873562793, 5332.047139673682068 ], [ 35957.91685303876875, 5332.055557023301844 ], [ 35957.922698954665975, 5332.06343932841628 ], [ 35957.929289321880788, 5332.070710678118303 ], [ 35973.929289321880788, 5348.070710678118303 ], [ 35973.936560671580082, 5348.077301045335844 ], [ 35973.944442976695427, 5348.083146961230341 ], [ 35973.952860326317023, 5348.088192126434478 ], [ 35973.961731656760094, 5348.092387953251091 ], [ 35973.970971532275144, 5348.095694033572727 ], [ 35973.980490967798687, 5348.098078528039878 ], [ 35973.990198285966471, 5348.099518472667114 ], [ 35974.0, 5348.100000000000364 ], [ 35990.95857864376012, 5348.100000000000364 ], [ 36006.929289321880788, 5364.070710678118303 ], [ 36006.936560671580082, 5364.077301045335844 ], [ 36006.944442976695427, 5364.083146961230341 ], [ 36006.952860326317023, 5364.088192126434478 ], [ 36006.961731656760094, 5364.092387953251091 ], [ 36006.970971532275144, 5364.095694033572727 ], [ 36006.980490967798687, 5364.098078528039878 ], [ 36006.990198285966471, 5364.099518472667114 ], [ 36007.0, 5364.100000000000364 ], [ 36023.956792734948976, 5364.100000000000364 ], [ 36039.927180000733642, 5381.068536469900209 ], [ 36039.931463530097972, 5381.072819999269086 ], [ 36056.929256863491901, 5397.070743136582678 ], [ 36072.927180000733642, 5414.068536469900209 ], [ 36072.934534175292356, 5414.075592498276819 ], [ 36072.942568352678791, 5414.081863336638889 ], [ 36072.951199080729566, 5414.087283848898551 ], [ 36072.960336710864794, 5414.091797731426595 ], [ 36072.969886329214205, 5414.095358097883036 ], [ 36072.979748742538504, 5414.097927966236966 ], [ 36072.989821508555906, 5414.099480642900744 ], [ 36073.0, 5414.100000000000364 ], [ 36089.95857864376012, 5414.100000000000364 ], [ 36105.900000000001455, 5430.04142135623897 ], [ 36105.900000000001455, 5462.96034228087774 ], [ 36089.956792734948976, 5479.899999999999636 ], [ 35974.043207265051024, 5479.899999999999636 ], [ 35958.072819999266358, 5462.931463530099791 ], [ 35958.068536469902028, 5462.927180000730914 ], [ 35941.068536469902028, 5446.927180000730914 ], [ 35941.061368260794552, 5446.921044717929362 ], [ 35941.053653721261071, 5446.915612333868921 ], [ 35941.045461529916793, 5446.910931210304625 ], [ 35941.036864617679385, 5446.907043020899437 ], [ 35941.027939518491621, 5446.903982380228626 ], [ 35941.018765687971609, 5446.901776535619319 ], [ 35941.009424796066014, 5446.900445124584621 ], [ 35941.0, 5446.899999999999636 ], [ 35892.043207265051024, 5446.899999999999636 ], [ 35876.072819999266358, 5429.931463530099791 ], [ 35876.065465824707644, 5429.924407501723181 ], [ 35876.057431647321209, 5429.918136663361111 ], [ 35876.048800919270434, 5429.912716151101449 ], [ 35876.039663289135206, 5429.908202268573405 ], [ 35876.030113670785795, 5429.904641902116964 ], [ 35876.020251257461496, 5429.902072033763034 ], [ 35876.010178491444094, 5429.900519357099256 ], [ 35876.0, 5429.899999999999636 ], [ 35727.0, 5429.899999999999636 ], [ 35726.990198285966471, 5429.900481527332886 ], [ 35726.980490967798687, 5429.901921471960122 ], [ 35726.970971532275144, 5429.904305966426364 ], [ 35726.961731656760094, 5429.907612046748909 ], [ 35726.952860326317023, 5429.911807873565522 ], [ 35726.944442976695427, 5429.916853038769659 ], [ 35726.936560671580082, 5429.922698954664156 ], [ 35726.929289321880788, 5429.929289321881697 ], [ 35726.922698954665975, 5429.93656067158372 ], [ 35726.91685303876875, 5429.944442976698156 ], [ 35726.911807873562793, 5429.952860326317023 ], [ 35726.907612046750728, 5429.961731656763732 ], [ 35726.904305966425454, 5429.970971532274234 ], [ 35726.901921471959213, 5429.980490967798687 ], [ 35726.900481527329248, 5429.990198285967381 ], [ 35726.900000000001455, 5430.0 ], [ 35726.900000000001455, 5447.0 ], [ 35726.900481527329248, 5447.009801714032619 ], [ 35726.901921471959213, 5447.019509032201313 ], [ 35726.904305966425454, 5447.029028467725766 ], [ 35726.907612046750728, 5447.038268343236268 ], [ 35726.911807873562793, 5447.047139673682977 ], [ 35726.91685303876875, 5447.055557023301844 ], [ 35726.922698954665975, 5447.06343932841628 ], [ 35726.929289321880788, 5447.070710678118303 ], [ 35726.936560671580082, 5447.077301045335844 ], [ 35726.944442976695427, 5447.083146961230341 ], [ 35726.952860326317023, 5447.088192126434478 ], [ 35726.961731656760094, 5447.092387953251091 ], [ 35726.970971532275144, 5447.095694033573636 ], [ 35726.980490967798687, 5447.098078528039878 ], [ 35726.990198285966471, 5447.099518472667114 ], [ 35727.0, 5447.100000000000364 ], [ 35743.95857864376012, 5447.100000000000364 ], [ 35759.929289321880788, 5463.070710678118303 ], [ 35759.936560671580082, 5463.077301045335844 ], [ 35759.944442976695427, 5463.083146961230341 ], [ 35759.952860326317023, 5463.088192126434478 ], [ 35759.961731656760094, 5463.092387953251091 ], [ 35759.970971532275144, 5463.095694033572727 ], [ 35759.980490967798687, 5463.098078528039878 ], [ 35759.990198285966471, 5463.099518472667114 ], [ 35760.0, 5463.100000000000364 ], [ 35776.956792734948976, 5463.100000000000364 ], [ 35792.927180000733642, 5480.068536469900209 ], [ 35792.934534175292356, 5480.075592498276819 ], [ 35792.942568352678791, 5480.081863336638889 ], [ 35792.951199080729566, 5480.087283848898551 ], [ 35792.960336710864794, 5480.091797731426595 ], [ 35792.969886329214205, 5480.095358097883036 ], [ 35792.979748742538504, 5480.097927966236966 ], [ 35792.989821508555906, 5480.099480642900744 ], [ 35793.0, 5480.100000000000364 ], [ 35809.95857864376012, 5480.100000000000364 ], [ 35825.929289321880788, 5496.070710678118303 ], [ 35825.936560671580082, 5496.077301045335844 ], [ 35825.944442976695427, 5496.083146961230341 ], [ 35825.952860326317023, 5496.088192126434478 ], [ 35825.961731656760094, 5496.092387953251091 ], [ 35825.970971532275144, 5496.095694033572727 ], [ 35825.980490967798687, 5496.098078528039878 ], [ 35825.990198285966471, 5496.099518472667114 ], [ 35826.0, 5496.100000000000364 ], [ 35842.956792734948976, 5496.100000000000364 ], [ 35858.927180000733642, 5513.068536469900209 ], [ 35858.934534175292356, 5513.075592498276819 ], [ 35858.942568352678791, 5513.081863336638889 ], [ 35858.951199080729566, 5513.087283848898551 ], [ 35858.960336710864794, 5513.091797731426595 ], [ 35858.969886329214205, 5513.095358097883036 ], [ 35858.979748742538504, 5513.097927966236966 ], [ 35858.989821508555906, 5513.099480642900744 ], [ 35859.0, 5513.100000000000364 ], [ 35875.95857864376012, 5513.100000000000364 ], [ 35891.929289321880788, 5529.070710678118303 ], [ 35891.936560671580082, 5529.077301045335844 ], [ 35891.944442976695427, 5529.083146961230341 ], [ 35891.952860326317023, 5529.088192126434478 ], [ 35891.961731656760094, 5529.092387953251091 ], [ 35891.970971532275144, 5529.095694033572727 ], [ 35891.980490967798687, 5529.098078528039878 ], [ 35891.990198285966471, 5529.099518472667114 ], [ 35892.0, 5529.100000000000364 ], [ 35907.960342280872283, 5529.100000000000364 ], [ 35924.931463530097972, 5545.072819999269086 ], [ 35924.938631739205448, 5545.078955282070638 ], [ 35924.946346278738929, 5545.084387666131079 ], [ 35924.954538470083207, 5545.089068789695375 ], [ 35924.963135382320615, 5545.092956979100563 ], [ 35924.972060481508379, 5545.096017619771374 ], [ 35924.981234312028391, 5545.098223464380681 ], [ 35924.990575203933986, 5545.099554875415379 ], [ 35925.0, 5545.100000000000364 ], [ 35940.95857864376012, 5545.100000000000364 ], [ 35957.929289321880788, 5562.070710678118303 ], [ 35957.936560671580082, 5562.077301045335844 ], [ 35957.944442976695427, 5562.083146961230341 ], [ 35957.952860326317023, 5562.088192126434478 ], [ 35957.961731656760094, 5562.092387953251091 ], [ 35957.970971532275144, 5562.095694033572727 ], [ 35957.980490967798687, 5562.098078528039878 ], [ 35957.990198285966471, 5562.099518472667114 ], [ 35958.0, 5562.100000000000364 ], [ 35990.95857864376012, 5562.100000000000364 ], [ 36006.929289321880788, 5578.070710678118303 ], [ 36006.936560671580082, 5578.077301045335844 ], [ 36006.944442976695427, 5578.083146961230341 ], [ 36006.952860326317023, 5578.088192126434478 ], [ 36006.961731656760094, 5578.092387953251091 ], [ 36006.970971532275144, 5578.095694033572727 ], [ 36006.980490967798687, 5578.098078528039878 ], [ 36006.990198285966471, 5578.099518472667114 ], [ 36007.0, 5578.100000000000364 ], [ 36072.95857864376012, 5578.100000000000364 ], [ 36089.929289321880788, 5595.070710678118303 ], [ 36089.936560671580082, 5595.077301045335844 ], [ 36089.944442976695427, 5595.083146961230341 ], [ 36089.952860326317023, 5595.088192126434478 ], [ 36089.961731656760094, 5595.092387953251091 ], [ 36089.970971532275144, 5595.095694033572727 ], [ 36089.980490967798687, 5595.098078528039878 ], [ 36089.990198285966471, 5595.099518472667114 ], [ 36090.0, 5595.100000000000364 ], [ 36105.95857864376012, 5595.100000000000364 ], [ 36138.929289321880788, 5628.070710678118303 ], [ 36138.936560671580082, 5628.077301045335844 ], [ 36138.944442976695427, 5628.083146961230341 ], [ 36138.952860326317023, 5628.088192126434478 ], [ 36138.961731656760094, 5628.092387953251091 ], [ 36138.970971532275144, 5628.095694033572727 ], [ 36138.980490967798687, 5628.098078528039878 ], [ 36138.990198285966471, 5628.099518472667114 ], [ 36139.0, 5628.100000000000364 ], [ 36154.960342280872283, 5628.100000000000364 ], [ 36171.931463530097972, 5644.072819999269086 ], [ 36171.938631739205448, 5644.078955282070638 ], [ 36171.946346278738929, 5644.084387666131079 ], [ 36171.954538470083207, 5644.089068789695375 ], [ 36171.963135382320615, 5644.092956979100563 ], [ 36171.972060481508379, 5644.096017619771374 ], [ 36171.981234312028391, 5644.098223464380681 ], [ 36171.990575203933986, 5644.099554875415379 ], [ 36172.0, 5644.100000000000364 ], [ 36204.956792734948976, 5644.100000000000364 ], [ 36220.927180000733642, 5661.068536469900209 ], [ 36220.934534175292356, 5661.075592498276819 ], [ 36220.942568352678791, 5661.081863336638889 ], [ 36220.951199080729566, 5661.087283848898551 ], [ 36220.960336710864794, 5661.091797731426595 ], [ 36220.969886329214205, 5661.095358097883036 ], [ 36220.979748742538504, 5661.097927966236966 ], [ 36220.989821508555906, 5661.099480642900744 ], [ 36221.0, 5661.100000000000364 ], [ 36237.95857864376012, 5661.100000000000364 ], [ 36253.929289321880788, 5677.070710678118303 ], [ 36253.936560671580082, 5677.077301045335844 ], [ 36253.944442976695427, 5677.083146961230341 ], [ 36253.952860326317023, 5677.088192126434478 ], [ 36253.961731656760094, 5677.092387953251091 ], [ 36253.970971532275144, 5677.095694033572727 ], [ 36253.980490967798687, 5677.098078528039878 ], [ 36253.990198285966471, 5677.099518472667114 ], [ 36254.0, 5677.100000000000364 ], [ 36286.956792734948976, 5677.100000000000364 ], [ 36302.927180000733642, 5694.068536469900209 ], [ 36302.934534175292356, 5694.075592498276819 ], [ 36302.942568352678791, 5694.081863336638889 ], [ 36302.951199080729566, 5694.087283848898551 ], [ 36302.960336710864794, 5694.091797731426595 ], [ 36302.969886329214205, 5694.095358097883036 ], [ 36302.979748742538504, 5694.097927966236966 ], [ 36302.989821508555906, 5694.099480642900744 ], [ 36303.0, 5694.100000000000364 ], [ 36319.95857864376012, 5694.100000000000364 ], [ 36335.929289321880788, 5710.070710678118303 ], [ 36335.936560671580082, 5710.077301045335844 ], [ 36335.944442976695427, 5710.083146961230341 ], [ 36335.952860326317023, 5710.088192126434478 ], [ 36335.961731656760094, 5710.092387953251091 ], [ 36335.970971532275144, 5710.095694033572727 ], [ 36335.980490967798687, 5710.098078528039878 ], [ 36335.990198285966471, 5710.099518472667114 ], [ 36336.0, 5710.100000000000364 ], [ 36352.956792734948976, 5710.100000000000364 ], [ 36368.927180000733642, 5727.068536469900209 ], [ 36368.934534175292356, 5727.075592498276819 ], [ 36368.942568352678791, 5727.081863336638889 ], [ 36368.951199080729566, 5727.087283848898551 ], [ 36368.960336710864794, 5727.091797731426595 ], [ 36368.969886329214205, 5727.095358097883036 ], [ 36368.979748742538504, 5727.097927966236966 ], [ 36368.989821508555906, 5727.099480642900744 ], [ 36369.0, 5727.100000000000364 ], [ 36385.95857864376012, 5727.100000000000364 ], [ 36401.929289321880788, 5743.070710678118303 ], [ 36401.936560671580082, 5743.077301045335844 ], [ 36401.944442976695427, 5743.083146961230341 ], [ 36401.952860326317023, 5743.088192126434478 ], [ 36401.961731656760094, 5743.092387953251091 ], [ 36401.970971532275144, 5743.095694033572727 ], [ 36401.980490967798687, 5743.098078528039878 ], [ 36401.990198285966471, 5743.099518472667114 ], [ 36402.0, 5743.100000000000364 ], [ 36434.960342280872283, 5743.100000000000364 ], [ 36451.931463530097972, 5759.072819999269086 ], [ 36451.938631739205448, 5759.078955282070638 ], [ 36451.946346278738929, 5759.084387666131079 ], [ 36451.954538470083207, 5759.089068789695375 ], [ 36451.963135382320615, 5759.092956979100563 ], [ 36451.972060481508379, 5759.096017619771374 ], [ 36451.981234312028391, 5759.098223464380681 ], [ 36451.990575203933986, 5759.099554875415379 ], [ 36452.0, 5759.100000000000364 ], [ 36483.95857864376012, 5759.100000000000364 ], [ 36500.929289321880788, 5776.070710678118303 ], [ 36500.936560671580082, 5776.077301045335844 ], [ 36500.944442976695427, 5776.083146961230341 ], [ 36500.952860326317023, 5776.088192126434478 ], [ 36500.961731656760094, 5776.092387953251091 ], [ 36500.970971532275144, 5776.095694033572727 ], [ 36500.980490967798687, 5776.098078528039878 ], [ 36500.990198285966471, 5776.099518472667114 ], [ 36501.0, 5776.100000000000364 ], [ 36516.960342280872283, 5776.100000000000364 ], [ 36533.929256863491901, 5792.070743136582678 ], [ 36549.927180000733642, 5809.068536469900209 ], [ 36549.934534175292356, 5809.075592498276819 ], [ 36549.942568352678791, 5809.081863336638889 ], [ 36549.951199080729566, 5809.087283848898551 ], [ 36549.960336710864794, 5809.091797731426595 ], [ 36549.969886329214205, 5809.095358097883036 ], [ 36549.979748742538504, 5809.097927966236966 ], [ 36549.989821508555906, 5809.099480642900744 ], [ 36550.0, 5809.100000000000364 ], [ 36566.95857864376012, 5809.100000000000364 ], [ 36582.900000000001455, 5825.04142135623897 ], [ 36582.900000000001455, 5842.0 ], [ 36582.900519357099256, 5842.010178491447732 ], [ 36582.902072033764853, 5842.020251257458767 ], [ 36582.904641902117874, 5842.030113670783976 ], [ 36582.908202268576133, 5842.039663289134296 ], [ 36582.912716151098721, 5842.048800919267705 ], [ 36582.918136663363839, 5842.057431647323938 ], [ 36582.924407501726819, 5842.065465824704916 ], [ 36582.931463530097972, 5842.072819999269086 ], [ 36599.900000000001455, 5858.043207265061028 ], [ 36599.900000000001455, 5875.0 ], [ 36599.900481527329248, 5875.009801714032619 ], [ 36599.901921471959213, 5875.019509032201313 ], [ 36599.904305966425454, 5875.029028467724856 ], [ 36599.907612046750728, 5875.038268343236268 ], [ 36599.911807873562793, 5875.047139673682068 ], [ 36599.91685303876875, 5875.055557023301844 ], [ 36599.922698954665975, 5875.06343932841628 ], [ 36599.929289321880788, 5875.070710678118303 ], [ 36615.900000000001455, 5891.04142135623897 ], [ 36615.900000000001455, 5972.96034228087774 ], [ 36599.927180000733642, 5989.931463530099791 ], [ 36599.921044717928453, 5989.938631739203629 ], [ 36599.915612333868921, 5989.946346278740748 ], [ 36599.910931210302806, 5989.954538470085026 ], [ 36599.907043020903075, 5989.963135382321525 ], [ 36599.903982380230445, 5989.972060481510198 ], [ 36599.90177653561841, 5989.981234312029301 ], [ 36599.900445124585531, 5989.990575203930348 ], [ 36599.900000000001455, 5990.0 ], [ 36599.900000000001455, 6039.0 ], [ 36599.900445124585531, 6039.009424796069652 ], [ 36599.90177653561841, 6039.018765687970699 ], [ 36599.903982380230445, 6039.027939518489802 ], [ 36599.907043020903075, 6039.036864617678475 ], [ 36599.910931210302806, 6039.045461529914974 ], [ 36599.915612333868921, 6039.053653721259252 ], [ 36599.921044717928453, 6039.061368260796371 ], [ 36599.927180000733642, 6039.068536469900209 ], [ 36615.86068893315678, 6055.997889710602976 ], [ 36599.929289321880788, 6071.929289321881697 ], [ 36599.922698954665975, 6071.93656067158372 ], [ 36599.91685303876875, 6071.944442976698156 ], [ 36599.911807873562793, 6071.952860326317932 ], [ 36599.907612046750728, 6071.961731656763732 ], [ 36599.904305966425454, 6071.970971532275144 ], [ 36599.901921471959213, 6071.980490967798687 ], [ 36599.900481527329248, 6071.990198285967381 ], [ 36599.900000000001455, 6072.0 ], [ 36599.900000000001455, 6154.0 ], [ 36599.900445124585531, 6154.009424796069652 ], [ 36599.90177653561841, 6154.018765687970699 ], [ 36599.903982380230445, 6154.027939518489802 ], [ 36599.907043020903075, 6154.036864617678475 ], [ 36599.910931210302806, 6154.045461529914974 ], [ 36599.915612333868921, 6154.053653721259252 ], [ 36599.921044717928453, 6154.061368260796371 ], [ 36599.927180000733642, 6154.068536469900209 ], [ 36615.900000000001455, 6171.03965771912226 ], [ 36615.900000000001455, 6334.96034228087774 ], [ 36599.927180000733642, 6351.931463530099791 ], [ 36599.921044717928453, 6351.938631739203629 ], [ 36599.915612333868921, 6351.946346278740748 ], [ 36599.910931210302806, 6351.954538470085026 ], [ 36599.907043020903075, 6351.963135382321525 ], [ 36599.903982380230445, 6351.972060481510198 ], [ 36599.90177653561841, 6351.981234312029301 ], [ 36599.900445124585531, 6351.990575203930348 ], [ 36599.900000000001455, 6352.0 ], [ 36599.900000000001455, 6533.0 ], [ 36599.900481527329248, 6533.009801714032619 ], [ 36599.901921471959213, 6533.019509032201313 ], [ 36599.904305966425454, 6533.029028467724856 ], [ 36599.907612046750728, 6533.038268343236268 ], [ 36599.911807873562793, 6533.047139673682068 ], [ 36599.91685303876875, 6533.055557023301844 ], [ 36599.922698954665975, 6533.06343932841628 ], [ 36599.929289321880788, 6533.070710678118303 ], [ 36648.900000000001455, 6582.04142135623897 ], [ 36648.900000000001455, 6632.0 ], [ 36648.900519357099256, 6632.010178491447732 ], [ 36648.902072033764853, 6632.020251257458767 ], [ 36648.904641902117874, 6632.030113670783976 ], [ 36648.908202268576133, 6632.039663289134296 ], [ 36648.912716151098721, 6632.048800919267705 ], [ 36648.918136663363839, 6632.057431647323938 ], [ 36648.924407501726819, 6632.065465824704916 ], [ 36648.931463530097972, 6632.072819999269086 ], [ 36665.929256863491901, 6648.070743136582678 ], [ 36681.900000000001455, 6665.03965771912226 ], [ 36681.900000000001455, 6813.0 ], [ 36681.900481527329248, 6813.009801714032619 ], [ 36681.901921471959213, 6813.019509032201313 ], [ 36681.904305966425454, 6813.029028467724856 ], [ 36681.907612046750728, 6813.038268343236268 ], [ 36681.911807873562793, 6813.047139673682068 ], [ 36681.91685303876875, 6813.055557023301844 ], [ 36681.922698954665975, 6813.06343932841628 ], [ 36681.929289321880788, 6813.070710678118303 ], [ 36697.900000000001455, 6829.04142135623897 ], [ 36697.900000000001455, 6862.0 ], [ 36697.900519357099256, 6862.010178491447732 ], [ 36697.902072033764853, 6862.020251257458767 ], [ 36697.904641902117874, 6862.030113670783976 ], [ 36697.908202268576133, 6862.039663289134296 ], [ 36697.912716151098721, 6862.048800919267705 ], [ 36697.918136663363839, 6862.057431647323938 ], [ 36697.924407501726819, 6862.065465824704916 ], [ 36697.931463530097972, 6862.072819999269086 ], [ 36714.929256863491901, 6878.070743136582678 ], [ 36730.900000000001455, 6895.03965771912226 ], [ 36730.900000000001455, 6911.0 ], [ 36730.900481527329248, 6911.009801714032619 ], [ 36730.901921471959213, 6911.019509032201313 ], [ 36730.904305966425454, 6911.029028467724856 ], [ 36730.907612046750728, 6911.038268343236268 ], [ 36730.911807873562793, 6911.047139673682068 ], [ 36730.91685303876875, 6911.055557023301844 ], [ 36730.922698954665975, 6911.06343932841628 ], [ 36730.929289321880788, 6911.070710678118303 ], [ 36747.900000000001455, 6928.04142135623897 ], [ 36747.900000000001455, 6961.0 ], [ 36747.900481527329248, 6961.009801714032619 ], [ 36747.901921471959213, 6961.019509032201313 ], [ 36747.904305966425454, 6961.029028467724856 ], [ 36747.907612046750728, 6961.038268343236268 ], [ 36747.911807873562793, 6961.047139673682068 ], [ 36747.91685303876875, 6961.055557023301844 ], [ 36747.922698954665975, 6961.06343932841628 ], [ 36747.929289321880788, 6961.070710678118303 ], [ 36763.900000000001455, 6977.04142135623897 ], [ 36763.900000000001455, 7010.0 ], [ 36763.900481527329248, 7010.009801714032619 ], [ 36763.901921471959213, 7010.019509032201313 ], [ 36763.904305966425454, 7010.029028467724856 ], [ 36763.907612046750728, 7010.038268343236268 ], [ 36763.911807873562793, 7010.047139673682068 ], [ 36763.91685303876875, 7010.055557023301844 ], [ 36763.922698954665975, 7010.06343932841628 ], [ 36763.929289321880788, 7010.070710678118303 ], [ 36780.856403437515837, 7026.997824793751533 ], [ 36763.931463530097972, 7042.927180000730914 ], [ 36763.927180000733642, 7042.931463530099791 ], [ 36747.997824793754262, 7059.856403437515837 ], [ 36715.099999999998545, 7026.95857864376103 ], [ 36715.099999999998545, 7010.0 ], [ 36715.099480642900744, 7009.989821508552268 ], [ 36715.097927966235147, 7009.979748742541233 ], [ 36715.095358097882126, 7009.969886329216024 ], [ 36715.091797731423867, 7009.960336710865704 ], [ 36715.087283848901279, 7009.951199080732295 ], [ 36715.081863336636161, 7009.942568352676062 ], [ 36715.075592498273181, 7009.934534175295084 ], [ 36715.068536469902028, 7009.927180000730914 ], [ 36698.068536469902028, 6993.927180000730914 ], [ 36698.061368260794552, 6993.921044717929362 ], [ 36698.053653721261071, 6993.915612333868921 ], [ 36698.045461529916793, 6993.910931210304625 ], [ 36698.036864617679385, 6993.907043020899437 ], [ 36698.027939518491621, 6993.903982380228626 ], [ 36698.018765687971609, 6993.901776535619319 ], [ 36698.009424796066014, 6993.900445124584621 ], [ 36698.0, 6993.899999999999636 ], [ 36666.04142135623988, 6993.899999999999636 ], [ 36633.070710678119212, 6960.929289321881697 ], [ 36633.063439328419918, 6960.922698954664156 ], [ 36633.055557023304573, 6960.916853038769659 ], [ 36633.047139673682977, 6960.911807873565522 ], [ 36633.038268343239906, 6960.907612046748909 ], [ 36633.029028467724856, 6960.904305966427273 ], [ 36633.019509032201313, 6960.901921471960122 ], [ 36633.009801714033529, 6960.900481527332886 ], [ 36633.0, 6960.899999999999636 ], [ 36501.0, 6960.899999999999636 ], [ 36500.990575203933986, 6960.900445124584621 ], [ 36500.981234312028391, 6960.901776535619319 ], [ 36500.972060481508379, 6960.903982380228626 ], [ 36500.963135382320615, 6960.907043020899437 ], [ 36500.954538470083207, 6960.910931210304625 ], [ 36500.946346278738929, 6960.915612333868921 ], [ 36500.938631739205448, 6960.921044717929362 ], [ 36500.931463530097972, 6960.927180000730914 ], [ 36483.931463530097972, 6976.927180000730914 ], [ 36483.927180000733642, 6976.931463530099791 ], [ 36467.956792734948976, 6993.899999999999636 ], [ 36452.04142135623988, 6993.899999999999636 ], [ 36419.070710678119212, 6960.929289321881697 ], [ 36419.063439328419918, 6960.922698954664156 ], [ 36419.055557023304573, 6960.916853038769659 ], [ 36419.047139673682977, 6960.911807873565522 ], [ 36419.038268343239906, 6960.907612046748909 ], [ 36419.029028467724856, 6960.904305966427273 ], [ 36419.019509032201313, 6960.901921471960122 ], [ 36419.009801714033529, 6960.900481527332886 ], [ 36419.0, 6960.899999999999636 ], [ 36402.0, 6960.899999999999636 ], [ 36401.990198285966471, 6960.900481527332886 ], [ 36401.980490967798687, 6960.901921471960122 ], [ 36401.970971532275144, 6960.904305966426364 ], [ 36401.961731656760094, 6960.907612046748909 ], [ 36401.952860326317023, 6960.911807873565522 ], [ 36401.944442976695427, 6960.916853038769659 ], [ 36401.936560671580082, 6960.922698954664156 ], [ 36401.929289321880788, 6960.929289321881697 ], [ 36401.922698954665975, 6960.93656067158372 ], [ 36401.91685303876875, 6960.944442976698156 ], [ 36401.911807873562793, 6960.952860326317023 ], [ 36401.907612046750728, 6960.961731656763732 ], [ 36401.904305966425454, 6960.970971532274234 ], [ 36401.901921471959213, 6960.980490967798687 ], [ 36401.900481527329248, 6960.990198285967381 ], [ 36401.900000000001455, 6961.0 ], [ 36401.900000000001455, 6976.96034228087774 ], [ 36385.956792734948976, 6993.899999999999636 ], [ 36369.0, 6993.899999999999636 ], [ 36368.990198285966471, 6993.900481527332886 ], [ 36368.980490967798687, 6993.901921471960122 ], [ 36368.970971532275144, 6993.904305966426364 ], [ 36368.961731656760094, 6993.907612046748909 ], [ 36368.952860326317023, 6993.911807873565522 ], [ 36368.944442976695427, 6993.916853038769659 ], [ 36368.936560671580082, 6993.922698954664156 ], [ 36368.929289321880788, 6993.929289321881697 ], [ 36368.922698954665975, 6993.93656067158372 ], [ 36368.91685303876875, 6993.944442976698156 ], [ 36368.911807873562793, 6993.952860326317023 ], [ 36368.907612046750728, 6993.961731656763732 ], [ 36368.904305966425454, 6993.970971532274234 ], [ 36368.901921471959213, 6993.980490967798687 ], [ 36368.900481527329248, 6993.990198285967381 ], [ 36368.900000000001455, 6994.0 ], [ 36368.900000000001455, 7043.0 ], [ 36368.900481527329248, 7043.009801714032619 ], [ 36368.901921471959213, 7043.019509032201313 ], [ 36368.904305966425454, 7043.029028467724856 ], [ 36368.907612046750728, 7043.038268343236268 ], [ 36368.911807873562793, 7043.047139673682068 ], [ 36368.91685303876875, 7043.055557023301844 ], [ 36368.922698954665975, 7043.06343932841628 ], [ 36368.929289321880788, 7043.070710678118303 ], [ 36401.900000000001455, 7076.04142135623897 ], [ 36401.900000000001455, 7125.0 ], [ 36401.900481527329248, 7125.009801714032619 ], [ 36401.901921471959213, 7125.019509032201313 ], [ 36401.904305966425454, 7125.029028467724856 ], [ 36401.907612046750728, 7125.038268343236268 ], [ 36401.911807873562793, 7125.047139673682068 ], [ 36401.91685303876875, 7125.055557023301844 ], [ 36401.922698954665975, 7125.06343932841628 ], [ 36401.929289321880788, 7125.070710678118303 ], [ 36418.900000000001455, 7142.04142135623897 ], [ 36418.900000000001455, 7191.0 ], [ 36418.900481527329248, 7191.009801714032619 ], [ 36418.901921471959213, 7191.019509032201313 ], [ 36418.904305966425454, 7191.029028467725766 ], [ 36418.907612046750728, 7191.038268343236268 ], [ 36418.911807873562793, 7191.047139673682977 ], [ 36418.91685303876875, 7191.055557023301844 ], [ 36418.922698954665975, 7191.06343932841628 ], [ 36418.929289321880788, 7191.070710678118303 ], [ 36418.936560671580082, 7191.077301045335844 ], [ 36418.944442976695427, 7191.083146961230341 ], [ 36418.952860326317023, 7191.088192126434478 ], [ 36418.961731656760094, 7191.092387953251091 ], [ 36418.970971532275144, 7191.095694033573636 ], [ 36418.980490967798687, 7191.098078528039878 ], [ 36418.990198285966471, 7191.099518472667114 ], [ 36419.0, 7191.100000000000364 ], [ 36452.0, 7191.100000000000364 ], [ 36452.009801714033529, 7191.099518472667114 ], [ 36452.019509032201313, 7191.098078528039878 ], [ 36452.029028467724856, 7191.095694033573636 ], [ 36452.038268343239906, 7191.092387953251091 ], [ 36452.047139673682977, 7191.088192126434478 ], [ 36452.055557023304573, 7191.083146961230341 ], [ 36452.063439328419918, 7191.077301045335844 ], [ 36452.070710678119212, 7191.070710678118303 ], [ 36452.077301045334025, 7191.06343932841628 ], [ 36452.08314696123125, 7191.055557023301844 ], [ 36452.088192126437207, 7191.047139673682977 ], [ 36452.092387953249272, 7191.038268343236268 ], [ 36452.095694033574546, 7191.029028467725766 ], [ 36452.098078528040787, 7191.019509032201313 ], [ 36452.099518472670752, 7191.009801714032619 ], [ 36452.099999999998545, 7191.0 ], [ 36452.099999999998545, 7175.0 ], [ 36452.099518472670752, 7174.990198285967381 ], [ 36452.098078528040787, 7174.980490967798687 ], [ 36452.095694033574546, 7174.970971532275144 ], [ 36452.092387953249272, 7174.961731656763732 ], [ 36452.088192126437207, 7174.952860326317932 ], [ 36452.08314696123125, 7174.944442976698156 ], [ 36452.077301045334025, 7174.93656067158372 ], [ 36452.070710678119212, 7174.929289321881697 ], [ 36435.099999999998545, 7157.95857864376103 ], [ 36435.099999999998545, 7109.04142135623897 ], [ 36451.997824793754262, 7092.143596562484163 ], [ 36467.927180000733642, 7109.068536469900209 ], [ 36467.934534175292356, 7109.075592498276819 ], [ 36467.942568352678791, 7109.081863336638889 ], [ 36467.951199080729566, 7109.087283848898551 ], [ 36467.960336710864794, 7109.091797731426595 ], [ 36467.969886329214205, 7109.095358097883036 ], [ 36467.979748742538504, 7109.097927966236966 ], [ 36467.989821508555906, 7109.099480642900744 ], [ 36468.0, 7109.100000000000364 ], [ 36484.0, 7109.100000000000364 ], [ 36484.009801714033529, 7109.099518472667114 ], [ 36484.019509032201313, 7109.098078528039878 ], [ 36484.029028467724856, 7109.095694033573636 ], [ 36484.038268343239906, 7109.092387953251091 ], [ 36484.047139673682977, 7109.088192126434478 ], [ 36484.055557023304573, 7109.083146961230341 ], [ 36484.063439328419918, 7109.077301045335844 ], [ 36484.070710678119212, 7109.070710678118303 ], [ 36484.077301045334025, 7109.06343932841628 ], [ 36484.08314696123125, 7109.055557023301844 ], [ 36484.088192126437207, 7109.047139673682977 ], [ 36484.092387953249272, 7109.038268343236268 ], [ 36484.095694033574546, 7109.029028467725766 ], [ 36484.098078528040787, 7109.019509032201313 ], [ 36484.099518472670752, 7109.009801714032619 ], [ 36484.099999999998545, 7109.0 ], [ 36484.099999999998545, 7076.0 ], [ 36484.099518472670752, 7075.990198285967381 ], [ 36484.098078528040787, 7075.980490967798687 ], [ 36484.095694033574546, 7075.970971532275144 ], [ 36484.092387953249272, 7075.961731656763732 ], [ 36484.088192126437207, 7075.952860326317932 ], [ 36484.08314696123125, 7075.944442976698156 ], [ 36484.077301045334025, 7075.93656067158372 ], [ 36484.070710678119212, 7075.929289321881697 ], [ 36468.099999999998545, 7059.95857864376103 ], [ 36468.099999999998545, 7027.03965771912226 ], [ 36484.043207265051024, 7010.100000000000364 ], [ 36501.0, 7010.100000000000364 ], [ 36501.009801714033529, 7010.099518472667114 ], [ 36501.019509032201313, 7010.098078528039878 ], [ 36501.029028467724856, 7010.095694033572727 ], [ 36501.038268343239906, 7010.092387953251091 ], [ 36501.047139673682977, 7010.088192126434478 ], [ 36501.055557023304573, 7010.083146961230341 ], [ 36501.063439328419918, 7010.077301045335844 ], [ 36501.070710678119212, 7010.070710678118303 ], [ 36517.04142135623988, 6994.100000000000364 ], [ 36566.95857864376012, 6994.100000000000364 ], [ 36582.929289321880788, 7010.070710678118303 ], [ 36582.936560671580082, 7010.077301045335844 ], [ 36582.944442976695427, 7010.083146961230341 ], [ 36582.952860326317023, 7010.088192126434478 ], [ 36582.961731656760094, 7010.092387953251091 ], [ 36582.970971532275144, 7010.095694033572727 ], [ 36582.980490967798687, 7010.098078528039878 ], [ 36582.990198285966471, 7010.099518472667114 ], [ 36583.0, 7010.100000000000364 ], [ 36632.956792734948976, 7010.100000000000364 ], [ 36648.927180000733642, 7027.068536469900209 ], [ 36648.934534175292356, 7027.075592498276819 ], [ 36648.942568352678791, 7027.081863336638889 ], [ 36648.951199080729566, 7027.087283848898551 ], [ 36648.960336710864794, 7027.091797731426595 ], [ 36648.969886329214205, 7027.095358097883036 ], [ 36648.979748742538504, 7027.097927966236966 ], [ 36648.989821508555906, 7027.099480642900744 ], [ 36649.0, 7027.100000000000364 ], [ 36665.95857864376012, 7027.100000000000364 ], [ 36681.900000000001455, 7043.04142135623897 ], [ 36681.900000000001455, 7060.0 ], [ 36681.900481527329248, 7060.009801714032619 ], [ 36681.901921471959213, 7060.019509032201313 ], [ 36681.904305966425454, 7060.029028467725766 ], [ 36681.907612046750728, 7060.038268343236268 ], [ 36681.911807873562793, 7060.047139673682977 ], [ 36681.91685303876875, 7060.055557023301844 ], [ 36681.922698954665975, 7060.06343932841628 ], [ 36681.929289321880788, 7060.070710678118303 ], [ 36681.936560671580082, 7060.077301045335844 ], [ 36681.944442976695427, 7060.083146961230341 ], [ 36681.952860326317023, 7060.088192126434478 ], [ 36681.961731656760094, 7060.092387953251091 ], [ 36681.970971532275144, 7060.095694033573636 ], [ 36681.980490967798687, 7060.098078528039878 ], [ 36681.990198285966471, 7060.099518472667114 ], [ 36682.0, 7060.100000000000364 ], [ 36697.960342280872283, 7060.100000000000364 ], [ 36714.931463530097972, 7076.072819999269086 ], [ 36714.938631739205448, 7076.078955282070638 ], [ 36714.946346278738929, 7076.084387666131079 ], [ 36714.954538470083207, 7076.089068789695375 ], [ 36714.963135382320615, 7076.092956979100563 ], [ 36714.972060481508379, 7076.096017619771374 ], [ 36714.981234312028391, 7076.098223464380681 ], [ 36714.990575203933986, 7076.099554875415379 ], [ 36715.0, 7076.100000000000364 ], [ 36730.960342280872283, 7076.100000000000364 ], [ 36747.929256863491901, 7092.070743136582678 ], [ 36763.900000000001455, 7109.03965771912226 ], [ 36763.900000000001455, 7158.0 ], [ 36763.900481527329248, 7158.009801714032619 ], [ 36763.901921471959213, 7158.019509032201313 ], [ 36763.904305966425454, 7158.029028467724856 ], [ 36763.907612046750728, 7158.038268343236268 ], [ 36763.911807873562793, 7158.047139673682068 ], [ 36763.91685303876875, 7158.055557023301844 ], [ 36763.922698954665975, 7158.06343932841628 ], [ 36763.929289321880788, 7158.070710678118303 ], [ 36796.900000000001455, 7191.04142135623897 ], [ 36796.900000000001455, 7207.95857864376103 ], [ 36780.929289321880788, 7223.929289321881697 ], [ 36780.922698954665975, 7223.93656067158372 ], [ 36780.91685303876875, 7223.944442976698156 ], [ 36780.911807873562793, 7223.952860326317932 ], [ 36780.907612046750728, 7223.961731656763732 ], [ 36780.904305966425454, 7223.970971532275144 ], [ 36780.901921471959213, 7223.980490967798687 ], [ 36780.900481527329248, 7223.990198285967381 ], [ 36780.900000000001455, 7224.0 ], [ 36780.900000000001455, 7241.0 ], [ 36780.900481527329248, 7241.009801714032619 ], [ 36780.901921471959213, 7241.019509032201313 ], [ 36780.904305966425454, 7241.029028467725766 ], [ 36780.907612046750728, 7241.038268343236268 ], [ 36780.911807873562793, 7241.047139673682977 ], [ 36780.91685303876875, 7241.055557023301844 ], [ 36780.922698954665975, 7241.06343932841628 ], [ 36780.929289321880788, 7241.070710678118303 ], [ 36780.936560671580082, 7241.077301045335844 ], [ 36780.944442976695427, 7241.083146961230341 ], [ 36780.952860326317023, 7241.088192126434478 ], [ 36780.961731656760094, 7241.092387953251091 ], [ 36780.970971532275144, 7241.095694033573636 ], [ 36780.980490967798687, 7241.098078528039878 ], [ 36780.990198285966471, 7241.099518472667114 ], [ 36781.0, 7241.100000000000364 ], [ 36796.960342280872283, 7241.100000000000364 ], [ 36813.930360449972795, 7257.071781806206673 ], [ 36846.856403437515837, 7289.997824793751533 ], [ 36829.931463530097972, 7305.927180000730914 ], [ 36829.924407501726819, 7305.934534175295084 ], [ 36829.918136663363839, 7305.942568352676062 ], [ 36829.912716151098721, 7305.951199080732295 ], [ 36829.908202268576133, 7305.960336710865704 ], [ 36829.904641902117874, 7305.969886329216024 ], [ 36829.902072033764853, 7305.979748742541233 ], [ 36829.900519357099256, 7305.989821508552268 ], [ 36829.900000000001455, 7306.0 ], [ 36829.900000000001455, 7339.0 ], [ 36829.900481527329248, 7339.009801714032619 ], [ 36829.901921471959213, 7339.019509032201313 ], [ 36829.904305966425454, 7339.029028467725766 ], [ 36829.907612046750728, 7339.038268343236268 ], [ 36829.911807873562793, 7339.047139673682977 ], [ 36829.91685303876875, 7339.055557023301844 ], [ 36829.922698954665975, 7339.06343932841628 ], [ 36829.929289321880788, 7339.070710678118303 ], [ 36829.936560671580082, 7339.077301045335844 ], [ 36829.944442976695427, 7339.083146961230341 ], [ 36829.952860326317023, 7339.088192126434478 ], [ 36829.961731656760094, 7339.092387953251091 ], [ 36829.970971532275144, 7339.095694033573636 ], [ 36829.980490967798687, 7339.098078528039878 ], [ 36829.990198285966471, 7339.099518472667114 ], [ 36830.0, 7339.100000000000364 ], [ 36862.956792734948976, 7339.100000000000364 ], [ 36878.900000000001455, 7356.03965771912226 ], [ 36878.900000000001455, 7372.0 ], [ 36878.900481527329248, 7372.009801714032619 ], [ 36878.901921471959213, 7372.019509032201313 ], [ 36878.904305966425454, 7372.029028467725766 ], [ 36878.907612046750728, 7372.038268343236268 ], [ 36878.911807873562793, 7372.047139673682977 ], [ 36878.91685303876875, 7372.055557023301844 ], [ 36878.922698954665975, 7372.06343932841628 ], [ 36878.929289321880788, 7372.070710678118303 ], [ 36878.936560671580082, 7372.077301045335844 ], [ 36878.944442976695427, 7372.083146961230341 ], [ 36878.952860326317023, 7372.088192126434478 ], [ 36878.961731656760094, 7372.092387953251091 ], [ 36878.970971532275144, 7372.095694033573636 ], [ 36878.980490967798687, 7372.098078528039878 ], [ 36878.990198285966471, 7372.099518472667114 ], [ 36879.0, 7372.100000000000364 ], [ 36896.0, 7372.100000000000364 ], [ 36896.009801714033529, 7372.099518472667114 ], [ 36896.019509032201313, 7372.098078528039878 ], [ 36896.029028467724856, 7372.095694033573636 ], [ 36896.038268343239906, 7372.092387953251091 ], [ 36896.047139673682977, 7372.088192126434478 ], [ 36896.055557023304573, 7372.083146961230341 ], [ 36896.063439328419918, 7372.077301045335844 ], [ 36896.070710678119212, 7372.070710678118303 ], [ 36896.077301045334025, 7372.06343932841628 ], [ 36896.08314696123125, 7372.055557023301844 ], [ 36896.088192126437207, 7372.047139673682977 ], [ 36896.092387953249272, 7372.038268343236268 ], [ 36896.095694033574546, 7372.029028467725766 ], [ 36896.098078528040787, 7372.019509032201313 ], [ 36896.099518472670752, 7372.009801714032619 ], [ 36896.099999999998545, 7372.0 ], [ 36896.099999999998545, 7323.03965771912226 ], [ 36912.002175206245738, 7306.143596562484163 ], [ 36928.900000000001455, 7323.04142135623897 ], [ 36928.900000000001455, 7438.0 ], [ 36928.900481527329248, 7438.009801714032619 ], [ 36928.901921471959213, 7438.019509032201313 ], [ 36928.904305966425454, 7438.029028467724856 ], [ 36928.907612046750728, 7438.038268343236268 ], [ 36928.911807873562793, 7438.047139673682068 ], [ 36928.91685303876875, 7438.055557023301844 ], [ 36928.922698954665975, 7438.06343932841628 ], [ 36928.929289321880788, 7438.070710678118303 ], [ 36944.900000000001455, 7454.04142135623897 ], [ 36944.900000000001455, 7504.0 ], [ 36944.900519357099256, 7504.010178491447732 ], [ 36944.902072033764853, 7504.020251257458767 ], [ 36944.904641902117874, 7504.030113670783976 ], [ 36944.908202268576133, 7504.039663289134296 ], [ 36944.912716151098721, 7504.048800919267705 ], [ 36944.918136663363839, 7504.057431647323938 ], [ 36944.924407501726819, 7504.065465824704916 ], [ 36944.931463530097972, 7504.072819999269086 ], [ 36961.900000000001455, 7520.043207265061028 ], [ 36961.900000000001455, 7553.0 ], [ 36961.900445124585531, 7553.009424796069652 ], [ 36961.90177653561841, 7553.018765687970699 ], [ 36961.903982380230445, 7553.027939518489802 ], [ 36961.907043020903075, 7553.036864617678475 ], [ 36961.910931210302806, 7553.045461529914974 ], [ 36961.915612333868921, 7553.053653721259252 ], [ 36961.921044717928453, 7553.061368260796371 ], [ 36961.927180000733642, 7553.068536469900209 ], [ 36977.900000000001455, 7570.03965771912226 ], [ 36977.900000000001455, 7603.0 ], [ 36977.900519357099256, 7603.010178491447732 ], [ 36977.902072033764853, 7603.020251257458767 ], [ 36977.904641902117874, 7603.030113670783976 ], [ 36977.908202268576133, 7603.039663289134296 ], [ 36977.912716151098721, 7603.048800919267705 ], [ 36977.918136663363839, 7603.057431647323938 ], [ 36977.924407501726819, 7603.065465824704916 ], [ 36977.931463530097972, 7603.072819999269086 ], [ 36994.900000000001455, 7619.043207265061028 ], [ 36994.900000000001455, 7652.0 ], [ 36994.900481527329248, 7652.009801714032619 ], [ 36994.901921471959213, 7652.019509032201313 ], [ 36994.904305966425454, 7652.029028467724856 ], [ 36994.907612046750728, 7652.038268343236268 ], [ 36994.911807873562793, 7652.047139673682068 ], [ 36994.91685303876875, 7652.055557023301844 ], [ 36994.922698954665975, 7652.06343932841628 ], [ 36994.929289321880788, 7652.070710678118303 ], [ 37010.900000000001455, 7668.04142135623897 ], [ 37010.900000000001455, 7701.0 ], [ 37010.900481527329248, 7701.009801714032619 ], [ 37010.901921471959213, 7701.019509032201313 ], [ 37010.904305966425454, 7701.029028467724856 ], [ 37010.907612046750728, 7701.038268343236268 ], [ 37010.911807873562793, 7701.047139673682068 ], [ 37010.91685303876875, 7701.055557023301844 ], [ 37010.922698954665975, 7701.06343932841628 ], [ 37010.929289321880788, 7701.070710678118303 ], [ 37027.900000000001455, 7718.04142135623897 ], [ 37027.900000000001455, 7784.0 ], [ 37027.900481527329248, 7784.009801714032619 ], [ 37027.901921471959213, 7784.019509032201313 ], [ 37027.904305966425454, 7784.029028467724856 ], [ 37027.907612046750728, 7784.038268343236268 ], [ 37027.911807873562793, 7784.047139673682068 ], [ 37027.91685303876875, 7784.055557023301844 ], [ 37027.922698954665975, 7784.06343932841628 ], [ 37027.929289321880788, 7784.070710678118303 ], [ 37043.900000000001455, 7800.04142135623897 ], [ 37043.900000000001455, 7817.0 ], [ 37043.900481527329248, 7817.009801714032619 ], [ 37043.901921471959213, 7817.019509032201313 ], [ 37043.904305966425454, 7817.029028467724856 ], [ 37043.907612046750728, 7817.038268343236268 ], [ 37043.911807873562793, 7817.047139673682068 ], [ 37043.91685303876875, 7817.055557023301844 ], [ 37043.922698954665975, 7817.06343932841628 ], [ 37043.929289321880788, 7817.070710678118303 ], [ 37059.929289321880788, 7833.070710678118303 ], [ 37059.931463530097972, 7833.072819999269086 ], [ 37076.900000000001455, 7849.043207265061028 ], [ 37076.900000000001455, 7899.0 ], [ 37076.900481527329248, 7899.009801714032619 ], [ 37076.901921471959213, 7899.019509032201313 ], [ 37076.904305966425454, 7899.029028467724856 ], [ 37076.907612046750728, 7899.038268343236268 ], [ 37076.911807873562793, 7899.047139673682068 ], [ 37076.91685303876875, 7899.055557023301844 ], [ 37076.922698954665975, 7899.06343932841628 ], [ 37076.929289321880788, 7899.070710678118303 ], [ 37092.900000000001455, 7915.04142135623897 ], [ 37092.900000000001455, 7981.0 ], [ 37092.900481527329248, 7981.009801714032619 ], [ 37092.901921471959213, 7981.019509032201313 ], [ 37092.904305966425454, 7981.029028467724856 ], [ 37092.907612046750728, 7981.038268343236268 ], [ 37092.911807873562793, 7981.047139673682068 ], [ 37092.91685303876875, 7981.055557023301844 ], [ 37092.922698954665975, 7981.06343932841628 ], [ 37092.929289321880788, 7981.070710678118303 ], [ 37109.900000000001455, 7998.04142135623897 ], [ 37109.900000000001455, 8047.0 ], [ 37109.900481527329248, 8047.009801714032619 ], [ 37109.901921471959213, 8047.019509032201313 ], [ 37109.904305966425454, 8047.029028467724856 ], [ 37109.907612046750728, 8047.038268343236268 ], [ 37109.911807873562793, 8047.047139673682068 ], [ 37109.91685303876875, 8047.055557023301844 ], [ 37109.922698954665975, 8047.06343932841628 ], [ 37109.929289321880788, 8047.070710678118303 ], [ 37125.900000000001455, 8063.04142135623897 ], [ 37125.900000000001455, 8080.0 ], [ 37125.900519357099256, 8080.010178491447732 ], [ 37125.902072033764853, 8080.020251257458767 ], [ 37125.904641902117874, 8080.030113670783976 ], [ 37125.908202268576133, 8080.039663289134296 ], [ 37125.912716151098721, 8080.048800919267705 ], [ 37125.918136663363839, 8080.057431647323938 ], [ 37125.924407501726819, 8080.065465824704916 ], [ 37125.931463530097972, 8080.072819999269086 ], [ 37142.900000000001455, 8096.043207265061028 ], [ 37142.900000000001455, 8113.0 ], [ 37142.900481527329248, 8113.009801714032619 ], [ 37142.901921471959213, 8113.019509032201313 ], [ 37142.904305966425454, 8113.029028467724856 ], [ 37142.907612046750728, 8113.038268343236268 ], [ 37142.911807873562793, 8113.047139673682068 ], [ 37142.91685303876875, 8113.055557023301844 ], [ 37142.922698954665975, 8113.06343932841628 ], [ 37142.929289321880788, 8113.070710678118303 ], [ 37158.900000000001455, 8129.04142135623897 ], [ 37158.900000000001455, 8162.0 ], [ 37158.900481527329248, 8162.009801714032619 ], [ 37158.901921471959213, 8162.019509032201313 ], [ 37158.904305966425454, 8162.029028467724856 ], [ 37158.907612046750728, 8162.038268343236268 ], [ 37158.911807873562793, 8162.047139673682068 ], [ 37158.91685303876875, 8162.055557023301844 ], [ 37158.922698954665975, 8162.06343932841628 ], [ 37158.929289321880788, 8162.070710678118303 ], [ 37175.856403437515837, 8178.997824793751533 ], [ 37158.960342280872283, 8194.899999999999636 ], [ 37110.0, 8194.899999999999636 ], [ 37109.990198285966471, 8194.900481527332886 ], [ 37109.980490967798687, 8194.901921471959213 ], [ 37109.970971532275144, 8194.904305966427273 ], [ 37109.961731656760094, 8194.907612046748909 ], [ 37109.952860326317023, 8194.911807873564612 ], [ 37109.944442976695427, 8194.916853038770569 ], [ 37109.936560671580082, 8194.922698954664156 ], [ 37109.929289321880788, 8194.929289321880788 ], [ 37109.922698954665975, 8194.93656067158372 ], [ 37109.91685303876875, 8194.944442976697246 ], [ 37109.911807873562793, 8194.952860326317023 ], [ 37109.907612046750728, 8194.961731656763732 ], [ 37109.904305966425454, 8194.970971532275144 ], [ 37109.901921471959213, 8194.980490967798687 ], [ 37109.900481527329248, 8194.990198285966471 ], [ 37109.900000000001455, 8195.0 ], [ 37109.900000000001455, 8228.0 ], [ 37109.900481527329248, 8228.009801714033529 ], [ 37109.901921471959213, 8228.019509032201313 ], [ 37109.904305966425454, 8228.029028467724856 ], [ 37109.907612046750728, 8228.038268343236268 ], [ 37109.911807873562793, 8228.047139673682977 ], [ 37109.91685303876875, 8228.055557023302754 ], [ 37109.922698954665975, 8228.06343932841628 ], [ 37109.929289321880788, 8228.070710678119212 ], [ 37125.900000000001455, 8244.04142135623988 ], [ 37125.900000000001455, 8261.0 ], [ 37125.900519357099256, 8261.010178491447732 ], [ 37125.902072033764853, 8261.020251257459677 ], [ 37125.904641902117874, 8261.030113670783976 ], [ 37125.908202268576133, 8261.039663289135206 ], [ 37125.912716151098721, 8261.048800919268615 ], [ 37125.918136663363839, 8261.057431647324847 ], [ 37125.924407501726819, 8261.065465824705825 ], [ 37125.931463530097972, 8261.072819999269996 ], [ 37142.900000000001455, 8277.043207265061938 ], [ 37142.900000000001455, 8294.0 ], [ 37142.900481527329248, 8294.009801714033529 ], [ 37142.901921471959213, 8294.019509032201313 ], [ 37142.904305966425454, 8294.029028467724856 ], [ 37142.907612046750728, 8294.038268343236268 ], [ 37142.911807873562793, 8294.047139673682977 ], [ 37142.91685303876875, 8294.055557023302754 ], [ 37142.922698954665975, 8294.06343932841628 ], [ 37142.929289321880788, 8294.070710678119212 ], [ 37158.900000000001455, 8310.04142135623988 ], [ 37158.900000000001455, 8327.0 ], [ 37158.900519357099256, 8327.010178491447732 ], [ 37158.902072033764853, 8327.020251257459677 ], [ 37158.904641902117874, 8327.030113670783976 ], [ 37158.908202268576133, 8327.039663289135206 ], [ 37158.912716151098721, 8327.048800919268615 ], [ 37158.918136663363839, 8327.057431647324847 ], [ 37158.924407501726819, 8327.065465824705825 ], [ 37158.931463530097972, 8327.072819999269996 ], [ 37175.900000000001455, 8343.043207265061938 ], [ 37175.900000000001455, 8360.0 ], [ 37175.900481527329248, 8360.009801714033529 ], [ 37175.901921471959213, 8360.019509032201313 ], [ 37175.904305966425454, 8360.029028467724856 ], [ 37175.907612046750728, 8360.038268343236268 ], [ 37175.911807873562793, 8360.047139673682977 ], [ 37175.91685303876875, 8360.055557023302754 ], [ 37175.922698954665975, 8360.06343932841628 ], [ 37175.929289321880788, 8360.070710678119212 ], [ 37191.900000000001455, 8376.04142135623988 ], [ 37191.900000000001455, 8393.0 ], [ 37191.900519357099256, 8393.010178491447732 ], [ 37191.902072033764853, 8393.020251257459677 ], [ 37191.904641902117874, 8393.030113670783976 ], [ 37191.908202268576133, 8393.039663289135206 ], [ 37191.912716151098721, 8393.048800919268615 ], [ 37191.918136663363839, 8393.057431647324847 ], [ 37191.924407501726819, 8393.065465824705825 ], [ 37191.931463530097972, 8393.072819999269996 ], [ 37208.930360449972795, 8409.071781806207582 ], [ 37224.900000000001455, 8425.04142135623988 ], [ 37224.900000000001455, 8442.0 ], [ 37224.900481527329248, 8442.009801714033529 ], [ 37224.901921471959213, 8442.019509032201313 ], [ 37224.904305966425454, 8442.029028467724856 ], [ 37224.907612046750728, 8442.038268343236268 ], [ 37224.911807873562793, 8442.047139673682977 ], [ 37224.91685303876875, 8442.055557023302754 ], [ 37224.922698954665975, 8442.06343932841628 ], [ 37224.929289321880788, 8442.070710678119212 ], [ 37240.900000000001455, 8458.04142135623988 ], [ 37240.900000000001455, 8475.0 ], [ 37240.900519357099256, 8475.010178491447732 ], [ 37240.902072033764853, 8475.020251257459677 ], [ 37240.904641902117874, 8475.030113670783976 ], [ 37240.908202268576133, 8475.039663289135206 ], [ 37240.912716151098721, 8475.048800919268615 ], [ 37240.918136663363839, 8475.057431647324847 ], [ 37240.924407501726819, 8475.065465824705825 ], [ 37240.931463530097972, 8475.072819999269996 ], [ 37257.929256863499177, 8491.070743136589954 ], [ 37273.900000000001455, 8508.03965771912226 ], [ 37273.900000000001455, 8524.0 ], [ 37273.900481527329248, 8524.009801714033529 ], [ 37273.901921471959213, 8524.019509032201313 ], [ 37273.904305966425454, 8524.029028467724856 ], [ 37273.907612046750728, 8524.038268343236268 ], [ 37273.911807873562793, 8524.047139673682977 ], [ 37273.91685303876875, 8524.055557023302754 ], [ 37273.922698954665975, 8524.06343932841628 ], [ 37273.929289321880788, 8524.070710678119212 ], [ 37306.900000000001455, 8557.04142135623988 ], [ 37306.900000000001455, 8590.0 ], [ 37306.900519357099256, 8590.010178491447732 ], [ 37306.902072033764853, 8590.020251257459677 ], [ 37306.904641902117874, 8590.030113670783976 ], [ 37306.908202268576133, 8590.039663289135206 ], [ 37306.912716151098721, 8590.048800919268615 ], [ 37306.918136663363839, 8590.057431647324847 ], [ 37306.924407501726819, 8590.065465824705825 ], [ 37306.931463530097972, 8590.072819999269996 ], [ 37323.929256863499177, 8606.070743136589954 ], [ 37339.927180000733642, 8623.068536469900209 ], [ 37339.931463530097972, 8623.072819999269996 ], [ 37356.931463530097972, 8639.072819999269996 ], [ 37356.938631739205448, 8639.078955282071547 ], [ 37356.946346278738929, 8639.084387666131079 ], [ 37356.954538470083207, 8639.089068789695375 ], [ 37356.963135382320615, 8639.092956979100563 ], [ 37356.972060481508379, 8639.096017619771374 ], [ 37356.981234312028391, 8639.09822346438159 ], [ 37356.990575203933986, 8639.099554875416288 ], [ 37357.0, 8639.100000000000364 ], [ 37373.0, 8639.100000000000364 ], [ 37373.009424796066014, 8639.099554875416288 ], [ 37373.018765687971609, 8639.09822346438159 ], [ 37373.027939518491621, 8639.096017619771374 ], [ 37373.036864617679385, 8639.092956979100563 ], [ 37373.045461529916793, 8639.089068789695375 ], [ 37373.053653721261071, 8639.084387666131079 ], [ 37373.061368260794552, 8639.078955282071547 ], [ 37373.068536469902028, 8639.072819999269996 ], [ 37389.997889710604795, 8623.13931106684322 ], [ 37438.929289321880788, 8672.070710678119212 ], [ 37438.936560671580082, 8672.077301045335844 ], [ 37438.944442976695427, 8672.083146961229431 ], [ 37438.952860326317023, 8672.088192126435388 ], [ 37438.961731656760094, 8672.092387953251091 ], [ 37438.970971532275144, 8672.095694033572727 ], [ 37438.980490967798687, 8672.098078528040787 ], [ 37438.990198285966471, 8672.099518472667114 ], [ 37439.0, 8672.100000000000364 ], [ 37454.95857864376012, 8672.100000000000364 ], [ 37487.86068893315678, 8705.002110289397024 ], [ 37471.927180000733642, 8721.931463530099791 ], [ 37471.921044717928453, 8721.938631739203629 ], [ 37471.915612333868921, 8721.946346278740748 ], [ 37471.910931210302806, 8721.954538470085026 ], [ 37471.907043020903075, 8721.963135382320615 ], [ 37471.903982380230445, 8721.972060481510198 ], [ 37471.90177653561841, 8721.98123431203021 ], [ 37471.900445124585531, 8721.990575203930348 ], [ 37471.900000000001455, 8722.0 ], [ 37471.900000000001455, 8755.0 ], [ 37471.900481527329248, 8755.009801714033529 ], [ 37471.901921471959213, 8755.019509032201313 ], [ 37471.904305966425454, 8755.029028467724856 ], [ 37471.907612046750728, 8755.038268343236268 ], [ 37471.911807873562793, 8755.047139673682977 ], [ 37471.91685303876875, 8755.055557023302754 ], [ 37471.922698954665975, 8755.06343932841628 ], [ 37471.929289321880788, 8755.070710678119212 ], [ 37487.929289321880788, 8771.070710678119212 ], [ 37487.931463530097972, 8771.072819999269996 ], [ 37504.929256863499177, 8787.070743136589954 ], [ 37520.927180000733642, 8804.068536469900209 ], [ 37520.931463530097972, 8804.072819999269996 ], [ 37537.900000000001455, 8820.043207265061938 ], [ 37537.900000000001455, 9100.0 ], [ 37537.900445124585531, 9100.009424796069652 ], [ 37537.90177653561841, 9100.01876568796979 ], [ 37537.903982380230445, 9100.027939518489802 ], [ 37537.907043020903075, 9100.036864617679385 ], [ 37537.910931210302806, 9100.045461529914974 ], [ 37537.915612333868921, 9100.053653721259252 ], [ 37537.921044717928453, 9100.061368260796371 ], [ 37537.927180000733642, 9100.068536469900209 ], [ 37553.900000000001455, 9117.03965771912226 ], [ 37553.900000000001455, 9132.96034228087774 ], [ 37537.927180000733642, 9149.931463530099791 ], [ 37537.921044717928453, 9149.938631739203629 ], [ 37537.915612333868921, 9149.946346278740748 ], [ 37537.910931210302806, 9149.954538470085026 ], [ 37537.907043020903075, 9149.963135382320615 ], [ 37537.903982380230445, 9149.972060481510198 ], [ 37537.90177653561841, 9149.98123431203021 ], [ 37537.900445124585531, 9149.990575203930348 ], [ 37537.900000000001455, 9150.0 ], [ 37537.900000000001455, 9166.0 ], [ 37537.900481527329248, 9166.009801714033529 ], [ 37537.901921471959213, 9166.019509032201313 ], [ 37537.904305966425454, 9166.029028467724856 ], [ 37537.907612046750728, 9166.038268343236268 ], [ 37537.911807873562793, 9166.047139673682977 ], [ 37537.91685303876875, 9166.055557023302754 ], [ 37537.922698954665975, 9166.06343932841628 ], [ 37537.929289321880788, 9166.070710678119212 ], [ 37553.900000000001455, 9182.04142135623988 ], [ 37553.900000000001455, 9199.0 ], [ 37553.900519357099256, 9199.010178491447732 ], [ 37553.902072033764853, 9199.020251257459677 ], [ 37553.904641902117874, 9199.030113670783976 ], [ 37553.908202268576133, 9199.039663289135206 ], [ 37553.912716151098721, 9199.048800919268615 ], [ 37553.918136663363839, 9199.057431647324847 ], [ 37553.924407501726819, 9199.065465824705825 ], [ 37553.931463530097972, 9199.072819999269996 ], [ 37570.900000000001455, 9215.043207265061938 ], [ 37570.900000000001455, 9232.0 ], [ 37570.900481527329248, 9232.009801714033529 ], [ 37570.901921471959213, 9232.019509032201313 ], [ 37570.904305966425454, 9232.029028467724856 ], [ 37570.907612046750728, 9232.038268343236268 ], [ 37570.911807873562793, 9232.047139673682977 ], [ 37570.91685303876875, 9232.055557023302754 ], [ 37570.922698954665975, 9232.06343932841628 ], [ 37570.929289321880788, 9232.070710678119212 ], [ 37570.936560671580082, 9232.077301045335844 ], [ 37570.944442976695427, 9232.083146961229431 ], [ 37570.952860326317023, 9232.088192126435388 ], [ 37570.961731656760094, 9232.092387953251091 ], [ 37570.970971532275144, 9232.095694033572727 ], [ 37570.980490967798687, 9232.098078528040787 ], [ 37570.990198285966471, 9232.099518472667114 ], [ 37571.0, 9232.100000000000364 ], [ 37586.960342280872283, 9232.100000000000364 ], [ 37603.900000000001455, 9248.043207265061938 ], [ 37603.900000000001455, 9265.0 ], [ 37603.900481527329248, 9265.009801714033529 ], [ 37603.901921471959213, 9265.019509032201313 ], [ 37603.904305966425454, 9265.029028467724856 ], [ 37603.907612046750728, 9265.038268343236268 ], [ 37603.911807873562793, 9265.047139673682977 ], [ 37603.91685303876875, 9265.055557023302754 ], [ 37603.922698954665975, 9265.06343932841628 ], [ 37603.929289321880788, 9265.070710678119212 ], [ 37619.86068893315678, 9281.002110289397024 ], [ 37603.956792734948976, 9297.899999999999636 ], [ 37587.0, 9297.899999999999636 ], [ 37586.990198285966471, 9297.900481527332886 ], [ 37586.980490967798687, 9297.901921471959213 ], [ 37586.970971532275144, 9297.904305966427273 ], [ 37586.961731656760094, 9297.907612046748909 ], [ 37586.952860326317023, 9297.911807873564612 ], [ 37586.944442976695427, 9297.916853038770569 ], [ 37586.936560671580082, 9297.922698954664156 ], [ 37586.929289321880788, 9297.929289321880788 ], [ 37586.922698954665975, 9297.93656067158372 ], [ 37586.91685303876875, 9297.944442976697246 ], [ 37586.911807873562793, 9297.952860326317023 ], [ 37586.907612046750728, 9297.961731656763732 ], [ 37586.904305966425454, 9297.970971532275144 ], [ 37586.901921471959213, 9297.980490967798687 ], [ 37586.900481527329248, 9297.990198285966471 ], [ 37586.900000000001455, 9298.0 ], [ 37586.900000000001455, 9314.0 ], [ 37586.900481527329248, 9314.009801714033529 ], [ 37586.901921471959213, 9314.019509032201313 ], [ 37586.904305966425454, 9314.029028467724856 ], [ 37586.907612046750728, 9314.038268343236268 ], [ 37586.911807873562793, 9314.047139673682977 ], [ 37586.91685303876875, 9314.055557023302754 ], [ 37586.922698954665975, 9314.06343932841628 ], [ 37586.929289321880788, 9314.070710678119212 ], [ 37586.936560671580082, 9314.077301045335844 ], [ 37586.944442976695427, 9314.083146961229431 ], [ 37586.952860326317023, 9314.088192126435388 ], [ 37586.961731656760094, 9314.092387953251091 ], [ 37586.970971532275144, 9314.095694033572727 ], [ 37586.980490967798687, 9314.098078528040787 ], [ 37586.990198285966471, 9314.099518472667114 ], [ 37587.0, 9314.100000000000364 ], [ 37636.0, 9314.100000000000364 ], [ 37636.009424796066014, 9314.099554875416288 ], [ 37636.018765687971609, 9314.09822346438159 ], [ 37636.027939518491621, 9314.096017619771374 ], [ 37636.036864617679385, 9314.092956979100563 ], [ 37636.045461529916793, 9314.089068789695375 ], [ 37636.053653721261071, 9314.084387666131079 ], [ 37636.061368260794552, 9314.078955282071547 ], [ 37636.068536469902028, 9314.072819999269996 ], [ 37652.997889710604795, 9298.13931106684322 ], [ 37668.900000000001455, 9314.04142135623988 ], [ 37668.900000000001455, 9331.0 ], [ 37668.900519357099256, 9331.010178491447732 ], [ 37668.902072033764853, 9331.020251257459677 ], [ 37668.904641902117874, 9331.030113670783976 ], [ 37668.908202268576133, 9331.039663289135206 ], [ 37668.912716151098721, 9331.048800919268615 ], [ 37668.918136663363839, 9331.057431647324847 ], [ 37668.924407501726819, 9331.065465824705825 ], [ 37668.931463530097972, 9331.072819999269996 ], [ 37685.930360449972795, 9347.071781806207582 ], [ 37701.900000000001455, 9363.04142135623988 ], [ 37701.900000000001455, 9380.0 ], [ 37701.900519357099256, 9380.010178491447732 ], [ 37701.902072033764853, 9380.020251257459677 ], [ 37701.904641902117874, 9380.030113670783976 ], [ 37701.908202268576133, 9380.039663289135206 ], [ 37701.912716151098721, 9380.048800919268615 ], [ 37701.918136663363839, 9380.057431647324847 ], [ 37701.924407501726819, 9380.065465824705825 ], [ 37701.931463530097972, 9380.072819999269996 ], [ 37718.929256863499177, 9396.070743136589954 ], [ 37734.900000000001455, 9413.03965771912226 ], [ 37734.900000000001455, 9462.0 ], [ 37734.900481527329248, 9462.009801714033529 ], [ 37734.901921471959213, 9462.019509032201313 ], [ 37734.904305966425454, 9462.029028467724856 ], [ 37734.907612046750728, 9462.038268343236268 ], [ 37734.911807873562793, 9462.047139673682977 ], [ 37734.91685303876875, 9462.055557023302754 ], [ 37734.922698954665975, 9462.06343932841628 ], [ 37734.929289321880788, 9462.070710678119212 ], [ 37800.928218193883367, 9528.069639550121792 ], [ 37816.900000000001455, 9545.03965771912226 ], [ 37816.900000000001455, 9561.0 ], [ 37816.900519357099256, 9561.010178491447732 ], [ 37816.902072033764853, 9561.020251257459677 ], [ 37816.904641902117874, 9561.030113670783976 ], [ 37816.908202268576133, 9561.039663289135206 ], [ 37816.912716151098721, 9561.048800919268615 ], [ 37816.918136663363839, 9561.057431647324847 ], [ 37816.924407501726819, 9561.065465824705825 ], [ 37816.931463530097972, 9561.072819999269996 ], [ 37833.929256863499177, 9577.070743136589954 ], [ 37849.927180000733642, 9594.068536469900209 ], [ 37849.931463530097972, 9594.072819999269996 ], [ 37866.900000000001455, 9610.043207265061938 ], [ 37866.900000000001455, 9627.0 ], [ 37866.900481527329248, 9627.009801714033529 ], [ 37866.901921471959213, 9627.019509032201313 ], [ 37866.904305966425454, 9627.029028467724856 ], [ 37866.907612046750728, 9627.038268343236268 ], [ 37866.911807873562793, 9627.047139673682977 ], [ 37866.91685303876875, 9627.055557023302754 ], [ 37866.922698954665975, 9627.06343932841628 ], [ 37866.929289321880788, 9627.070710678119212 ], [ 37882.900000000001455, 9643.04142135623988 ], [ 37882.900000000001455, 9660.0 ], [ 37882.900519357099256, 9660.010178491447732 ], [ 37882.902072033764853, 9660.020251257459677 ], [ 37882.904641902117874, 9660.030113670783976 ], [ 37882.908202268576133, 9660.039663289135206 ], [ 37882.912716151098721, 9660.048800919268615 ], [ 37882.918136663363839, 9660.057431647324847 ], [ 37882.924407501726819, 9660.065465824705825 ], [ 37882.931463530097972, 9660.072819999269996 ], [ 37899.929256863499177, 9676.070743136589954 ], [ 37915.900000000001455, 9693.03965771912226 ], [ 37915.900000000001455, 9742.0 ], [ 37915.900519357099256, 9742.010178491447732 ], [ 37915.902072033764853, 9742.020251257459677 ], [ 37915.904641902117874, 9742.030113670783976 ], [ 37915.908202268576133, 9742.039663289135206 ], [ 37915.912716151098721, 9742.048800919268615 ], [ 37915.918136663363839, 9742.057431647324847 ], [ 37915.924407501726819, 9742.065465824705825 ], [ 37915.931463530097972, 9742.072819999269996 ], [ 37932.929256863499177, 9758.070743136589954 ], [ 37948.900000000001455, 9775.03965771912226 ], [ 37948.900000000001455, 9791.0 ], [ 37948.900481527329248, 9791.009801714033529 ], [ 37948.901921471959213, 9791.019509032201313 ], [ 37948.904305966425454, 9791.029028467724856 ], [ 37948.907612046750728, 9791.038268343236268 ], [ 37948.911807873562793, 9791.047139673682977 ], [ 37948.91685303876875, 9791.055557023302754 ], [ 37948.922698954665975, 9791.06343932841628 ], [ 37948.929289321880788, 9791.070710678119212 ], [ 37965.900000000001455, 9808.04142135623988 ], [ 37965.900000000001455, 9824.0 ], [ 37965.900445124585531, 9824.009424796069652 ], [ 37965.90177653561841, 9824.01876568796979 ], [ 37965.903982380230445, 9824.027939518489802 ], [ 37965.907043020903075, 9824.036864617679385 ], [ 37965.910931210302806, 9824.045461529914974 ], [ 37965.915612333868921, 9824.053653721259252 ], [ 37965.921044717928453, 9824.061368260796371 ], [ 37965.927180000733642, 9824.068536469900209 ], [ 37981.927180000733642, 9841.068536469900209 ], [ 37981.931463530097972, 9841.072819999269996 ], [ 37998.929256863499177, 9857.070743136589954 ], [ 38014.927180000733642, 9874.068536469900209 ], [ 38014.929289321880788, 9874.070710678119212 ], [ 38030.900000000001455, 9890.04142135623988 ], [ 38030.900000000001455, 9907.0 ], [ 38030.900519357099256, 9907.010178491447732 ], [ 38030.902072033764853, 9907.020251257459677 ], [ 38030.904641902117874, 9907.030113670783976 ], [ 38030.908202268576133, 9907.039663289135206 ], [ 38030.912716151098721, 9907.048800919268615 ], [ 38030.918136663363839, 9907.057431647324847 ], [ 38030.924407501726819, 9907.065465824705825 ], [ 38030.931463530097972, 9907.072819999269996 ], [ 38047.931463530097972, 9923.072819999269996 ], [ 38047.938781339886191, 9923.079071332691456 ], [ 38047.946666215117148, 9923.084590232238043 ], [ 38047.955045118585986, 9923.089325576609554 ], [ 38047.963840436910687, 9923.093233502546354 ], [ 38047.972970699498546, 9923.096277811122491 ], [ 38047.982351333172119, 9923.098430303052737 ], [ 38047.991895445578848, 9923.099671039914028 ], [ 38048.001514630079328, 9923.099988528820177 ], [ 38048.011119784634502, 9923.099379828887322 ], [ 38048.020621937168471, 9923.097850578473299 ], [ 38048.029933069708932, 9923.095414942948992 ], [ 38048.03896693369461, 9923.092095483485537 ], [ 38048.047639848882682, 9923.087922948076084 ], [ 38048.055871478485642, 9923.082935986711163 ], [ 38048.063585573327146, 9923.077180793367006 ], [ 38048.070710678119212, 9923.070710678119212 ], [ 38064.002110289395205, 9907.13931106684322 ], [ 38080.900000000001455, 9923.043207265061938 ], [ 38080.900000000001455, 9939.0 ], [ 38080.900445124585531, 9939.009424796069652 ], [ 38080.90177653561841, 9939.01876568796979 ], [ 38080.903982380230445, 9939.027939518489802 ], [ 38080.907043020903075, 9939.036864617679385 ], [ 38080.910931210302806, 9939.045461529914974 ], [ 38080.915612333868921, 9939.053653721259252 ], [ 38080.921044717928453, 9939.061368260796371 ], [ 38080.927180000733642, 9939.068536469900209 ], [ 38096.900000000001455, 9956.03965771912226 ], [ 38096.900000000001455, 9989.0 ], [ 38096.900519357099256, 9989.010178491447732 ], [ 38096.902072033764853, 9989.020251257459677 ], [ 38096.904641902117874, 9989.030113670783976 ], [ 38096.908202268576133, 9989.039663289135206 ], [ 38096.912716151098721, 9989.048800919268615 ], [ 38096.918136663363839, 9989.057431647324847 ], [ 38096.924407501726819, 9989.065465824705825 ], [ 38096.931463530097972, 9989.072819999269996 ], [ 38113.900000000001455, 10005.043207265061938 ], [ 38113.900000000001455, 10021.956792734938062 ], [ 38096.931463530097972, 10037.927180000730004 ], [ 38096.924407501726819, 10037.934534175294175 ], [ 38096.918136663363839, 10037.942568352675153 ], [ 38096.912716151098721, 10037.951199080731385 ], [ 38096.908202268576133, 10037.960336710864794 ], [ 38096.904641902117874, 10037.969886329216024 ], [ 38096.902072033764853, 10037.979748742540323 ], [ 38096.900519357099256, 10037.989821508552268 ], [ 38096.900000000001455, 10038.0 ], [ 38096.900000000001455, 10055.0 ], [ 38096.900519357099256, 10055.010178491447732 ], [ 38096.902072033764853, 10055.020251257459677 ], [ 38096.904641902117874, 10055.030113670783976 ], [ 38096.908202268576133, 10055.039663289135206 ], [ 38096.912716151098721, 10055.048800919268615 ], [ 38096.918136663363839, 10055.057431647324847 ], [ 38096.924407501726819, 10055.065465824705825 ], [ 38096.931463530097972, 10055.072819999269996 ], [ 38113.931463530097972, 10071.072819999269996 ], [ 38113.938631739205448, 10071.078955282071547 ], [ 38113.946346278738929, 10071.084387666131079 ], [ 38113.954538470083207, 10071.089068789695375 ], [ 38113.963135382320615, 10071.092956979100563 ], [ 38113.972060481508379, 10071.096017619771374 ], [ 38113.981234312028391, 10071.09822346438159 ], [ 38113.990575203933986, 10071.099554875416288 ], [ 38114.0, 10071.1 ], [ 38129.95857864376012, 10071.1 ], [ 38146.900000000001455, 10088.04142135623988 ], [ 38146.900000000001455, 10170.0 ], [ 38146.900481527329248, 10170.009801714033529 ], [ 38146.901921471959213, 10170.019509032201313 ], [ 38146.904305966425454, 10170.029028467724856 ], [ 38146.907612046750728, 10170.038268343236268 ], [ 38146.911807873562793, 10170.047139673682977 ], [ 38146.91685303876875, 10170.055557023302754 ], [ 38146.922698954665975, 10170.06343932841628 ], [ 38146.929289321880788, 10170.070710678119212 ], [ 38162.900000000001455, 10186.04142135623988 ], [ 38162.900000000001455, 10203.0 ], [ 38162.900519357099256, 10203.010178491447732 ], [ 38162.902072033764853, 10203.020251257459677 ], [ 38162.904641902117874, 10203.030113670783976 ], [ 38162.908202268576133, 10203.039663289135206 ], [ 38162.912716151098721, 10203.048800919268615 ], [ 38162.918136663363839, 10203.057431647324847 ], [ 38162.924407501726819, 10203.065465824705825 ], [ 38162.931463530097972, 10203.072819999269996 ], [ 38179.900000000001455, 10219.043207265061938 ], [ 38179.900000000001455, 10236.0 ], [ 38179.900481527329248, 10236.009801714033529 ], [ 38179.901921471959213, 10236.019509032201313 ], [ 38179.904305966425454, 10236.029028467724856 ], [ 38179.907612046750728, 10236.038268343236268 ], [ 38179.911807873562793, 10236.047139673682977 ], [ 38179.91685303876875, 10236.055557023302754 ], [ 38179.922698954665975, 10236.06343932841628 ], [ 38179.929289321880788, 10236.070710678119212 ], [ 38195.928218193883367, 10252.069639550121792 ], [ 38211.927180000733642, 10269.068536469900209 ], [ 38211.931463530097972, 10269.072819999269996 ], [ 38228.900000000001455, 10285.043207265061938 ], [ 38228.900000000001455, 10302.0 ], [ 38228.900481527329248, 10302.009801714033529 ], [ 38228.901921471959213, 10302.019509032201313 ], [ 38228.904305966425454, 10302.029028467724856 ], [ 38228.907612046750728, 10302.038268343236268 ], [ 38228.911807873562793, 10302.047139673682977 ], [ 38228.91685303876875, 10302.055557023302754 ], [ 38228.922698954665975, 10302.06343932841628 ], [ 38228.929289321880788, 10302.070710678119212 ], [ 38244.929289321880788, 10318.070710678119212 ], [ 38244.931463530097972, 10318.072819999269996 ], [ 38261.900000000001455, 10334.043207265061938 ], [ 38261.900000000001455, 10351.0 ], [ 38261.900481527329248, 10351.009801714033529 ], [ 38261.901921471959213, 10351.019509032201313 ], [ 38261.904305966425454, 10351.029028467724856 ], [ 38261.907612046750728, 10351.038268343236268 ], [ 38261.911807873562793, 10351.047139673682977 ], [ 38261.91685303876875, 10351.055557023302754 ], [ 38261.922698954665975, 10351.06343932841628 ], [ 38261.929289321880788, 10351.070710678119212 ], [ 38277.900000000001455, 10367.04142135623988 ], [ 38277.900000000001455, 10384.0 ], [ 38277.900519357099256, 10384.010178491447732 ], [ 38277.902072033764853, 10384.020251257459677 ], [ 38277.904641902117874, 10384.030113670783976 ], [ 38277.908202268576133, 10384.039663289135206 ], [ 38277.912716151098721, 10384.048800919268615 ], [ 38277.918136663363839, 10384.057431647324847 ], [ 38277.924407501726819, 10384.065465824705825 ], [ 38277.931463530097972, 10384.072819999269996 ], [ 38294.900000000001455, 10400.043207265061938 ], [ 38294.900000000001455, 10417.0 ], [ 38294.900481527329248, 10417.009801714033529 ], [ 38294.901921471959213, 10417.019509032201313 ], [ 38294.904305966425454, 10417.029028467724856 ], [ 38294.907612046750728, 10417.038268343236268 ], [ 38294.911807873562793, 10417.047139673682977 ], [ 38294.91685303876875, 10417.055557023302754 ], [ 38294.922698954665975, 10417.06343932841628 ], [ 38294.929289321880788, 10417.070710678119212 ], [ 38310.900000000001455, 10433.04142135623988 ], [ 38310.900000000001455, 10450.0 ], [ 38310.900519357099256, 10450.010178491447732 ], [ 38310.902072033764853, 10450.020251257459677 ], [ 38310.904641902117874, 10450.030113670783976 ], [ 38310.908202268576133, 10450.039663289135206 ], [ 38310.912716151098721, 10450.048800919268615 ], [ 38310.918136663363839, 10450.057431647324847 ], [ 38310.924407501726819, 10450.065465824705825 ], [ 38310.931463530097972, 10450.072819999269996 ], [ 38327.931463530097972, 10466.072819999269996 ], [ 38327.938631739205448, 10466.078955282071547 ], [ 38327.946346278738929, 10466.084387666131079 ], [ 38327.954538470083207, 10466.089068789695375 ], [ 38327.963135382320615, 10466.092956979100563 ], [ 38327.972060481508379, 10466.096017619771374 ], [ 38327.981234312028391, 10466.09822346438159 ], [ 38327.990575203933986, 10466.099554875416288 ], [ 38328.0, 10466.1 ], [ 38360.956792734948976, 10466.1 ], [ 38376.927180000733642, 10483.068536469900209 ], [ 38376.929289321880788, 10483.070710678119212 ], [ 38392.900000000001455, 10499.04142135623988 ], [ 38392.900000000001455, 10515.0 ], [ 38392.900481527329248, 10515.009801714033529 ], [ 38392.901921471959213, 10515.019509032201313 ], [ 38392.904305966425454, 10515.029028467724856 ], [ 38392.907612046750728, 10515.038268343236268 ], [ 38392.911807873562793, 10515.047139673682977 ], [ 38392.91685303876875, 10515.055557023302754 ], [ 38392.922698954665975, 10515.06343932841628 ], [ 38392.929289321880788, 10515.070710678119212 ], [ 38409.929289321880788, 10532.070710678119212 ], [ 38409.936560671580082, 10532.077301045335844 ], [ 38409.944442976695427, 10532.083146961229431 ], [ 38409.952860326317023, 10532.088192126435388 ], [ 38409.961731656760094, 10532.092387953251091 ], [ 38409.970971532275144, 10532.095694033572727 ], [ 38409.980490967798687, 10532.098078528040787 ], [ 38409.990198285966471, 10532.099518472667114 ], [ 38410.0, 10532.1 ], [ 38425.960342280872283, 10532.1 ], [ 38442.856403437515837, 10548.002175206249376 ], [ 38425.929289321880788, 10564.929289321880788 ], [ 38425.922698954665975, 10564.93656067158372 ], [ 38425.91685303876875, 10564.944442976697246 ], [ 38425.911807873562793, 10564.952860326317023 ], [ 38425.907612046750728, 10564.961731656763732 ], [ 38425.904305966425454, 10564.970971532275144 ], [ 38425.901921471959213, 10564.980490967798687 ], [ 38425.900481527329248, 10564.990198285966471 ], [ 38425.900000000001455, 10565.0 ], [ 38425.900000000001455, 10598.0 ], [ 38425.900519357099256, 10598.010178491447732 ], [ 38425.902072033764853, 10598.020251257459677 ], [ 38425.904641902117874, 10598.030113670783976 ], [ 38425.908202268576133, 10598.039663289135206 ], [ 38425.912716151098721, 10598.048800919268615 ], [ 38425.918136663363839, 10598.057431647324847 ], [ 38425.924407501726819, 10598.065465824705825 ], [ 38425.931463530097972, 10598.072819999269996 ], [ 38442.929256863499177, 10614.070743136589954 ], [ 38458.927180000733642, 10631.068536469900209 ], [ 38458.931463530097972, 10631.072819999269996 ], [ 38475.929256863499177, 10647.070743136589954 ], [ 38491.927180000733642, 10664.068536469900209 ], [ 38491.934534175292356, 10664.075592498276819 ], [ 38491.942568352678791, 10664.08186333663798 ], [ 38491.951199080729566, 10664.08728384889946 ], [ 38491.960336710864794, 10664.091797731427505 ], [ 38491.969886329214205, 10664.095358097883945 ], [ 38491.979748742538504, 10664.097927966236966 ], [ 38491.989821508555906, 10664.099480642900744 ], [ 38492.0, 10664.1 ], [ 38508.95857864376012, 10664.1 ], [ 38524.929289321880788, 10680.070710678119212 ], [ 38524.931463530097972, 10680.072819999269996 ], [ 38541.900000000001455, 10696.043207265061938 ], [ 38541.900000000001455, 10713.0 ], [ 38541.900481527329248, 10713.009801714033529 ], [ 38541.901921471959213, 10713.019509032201313 ], [ 38541.904305966425454, 10713.029028467724856 ], [ 38541.907612046750728, 10713.038268343236268 ], [ 38541.911807873562793, 10713.047139673682977 ], [ 38541.91685303876875, 10713.055557023302754 ], [ 38541.922698954665975, 10713.06343932841628 ], [ 38541.929289321880788, 10713.070710678119212 ], [ 38590.928218193883367, 10762.069639550121792 ], [ 38606.927180000733642, 10779.068536469900209 ], [ 38606.931463530097972, 10779.072819999269996 ], [ 38623.929256863499177, 10795.070743136589954 ], [ 38639.927180000733642, 10812.068536469900209 ], [ 38639.931463530097972, 10812.072819999269996 ], [ 38656.931463530097972, 10828.072819999269996 ], [ 38656.938631739205448, 10828.078955282071547 ], [ 38656.946346278738929, 10828.084387666131079 ], [ 38656.954538470083207, 10828.089068789695375 ], [ 38656.963135382320615, 10828.092956979100563 ], [ 38656.972060481508379, 10828.096017619771374 ], [ 38656.981234312028391, 10828.09822346438159 ], [ 38656.990575203933986, 10828.099554875416288 ], [ 38657.0, 10828.1 ], [ 38672.95857864376012, 10828.1 ], [ 38738.929289321880788, 10894.070710678119212 ], [ 38738.931463530097972, 10894.072819999269996 ], [ 38755.929256863499177, 10910.070743136589954 ], [ 38771.927180000733642, 10927.068536469900209 ], [ 38771.929289321880788, 10927.070710678119212 ], [ 38804.929289321880788, 10960.070710678119212 ], [ 38804.936560671580082, 10960.077301045335844 ], [ 38804.944442976695427, 10960.083146961229431 ], [ 38804.952860326317023, 10960.088192126435388 ], [ 38804.961731656760094, 10960.092387953251091 ], [ 38804.970971532275144, 10960.095694033572727 ], [ 38804.980490967798687, 10960.098078528040787 ], [ 38804.990198285966471, 10960.099518472667114 ], [ 38805.0, 10960.1 ], [ 38820.960342280872283, 10960.1 ], [ 38837.931463530097972, 10976.072819999269996 ], [ 38837.938631739205448, 10976.078955282071547 ], [ 38837.946346278738929, 10976.084387666131079 ], [ 38837.954538470083207, 10976.089068789695375 ], [ 38837.963135382320615, 10976.092956979100563 ], [ 38837.972060481508379, 10976.096017619771374 ], [ 38837.981234312028391, 10976.09822346438159 ], [ 38837.990575203933986, 10976.099554875416288 ], [ 38838.0, 10976.1 ], [ 38853.95857864376012, 10976.1 ], [ 38870.929289321880788, 10993.070710678119212 ], [ 38870.936560671580082, 10993.077301045335844 ], [ 38870.944442976695427, 10993.083146961229431 ], [ 38870.952860326317023, 10993.088192126435388 ], [ 38870.961731656760094, 10993.092387953251091 ], [ 38870.970971532275144, 10993.095694033572727 ], [ 38870.980490967798687, 10993.098078528040787 ], [ 38870.990198285966471, 10993.099518472667114 ], [ 38871.0, 10993.1 ], [ 38903.95857864376012, 10993.1 ], [ 38919.929289321880788, 11009.070710678119212 ], [ 38919.936560671580082, 11009.077301045335844 ], [ 38919.944442976695427, 11009.083146961229431 ], [ 38919.952860326317023, 11009.088192126435388 ], [ 38919.961731656760094, 11009.092387953251091 ], [ 38919.970971532275144, 11009.095694033572727 ], [ 38919.980490967798687, 11009.098078528040787 ], [ 38919.990198285966471, 11009.099518472667114 ], [ 38920.0, 11009.1 ], [ 38952.956792734948976, 11009.1 ], [ 38968.927180000733642, 11026.068536469900209 ], [ 38968.934534175292356, 11026.075592498276819 ], [ 38968.942568352678791, 11026.08186333663798 ], [ 38968.951199080729566, 11026.08728384889946 ], [ 38968.960336710864794, 11026.091797731427505 ], [ 38968.969886329214205, 11026.095358097883945 ], [ 38968.979748742538504, 11026.097927966236966 ], [ 38968.989821508555906, 11026.099480642900744 ], [ 38969.0, 11026.1 ], [ 38985.95857864376012, 11026.1 ], [ 39001.929289321880788, 11042.070710678119212 ], [ 39001.936560671580082, 11042.077301045335844 ], [ 39001.944442976695427, 11042.083146961229431 ], [ 39001.952860326317023, 11042.088192126435388 ], [ 39001.961731656760094, 11042.092387953251091 ], [ 39001.970971532275144, 11042.095694033572727 ], [ 39001.980490967798687, 11042.098078528040787 ], [ 39001.990198285966471, 11042.099518472667114 ], [ 39002.0, 11042.1 ], [ 39018.956792734948976, 11042.1 ], [ 39034.927180000733642, 11059.068536469900209 ], [ 39034.934534175292356, 11059.075592498276819 ], [ 39034.942568352678791, 11059.08186333663798 ], [ 39034.951199080729566, 11059.08728384889946 ], [ 39034.960336710864794, 11059.091797731427505 ], [ 39034.969886329214205, 11059.095358097883945 ], [ 39034.979748742538504, 11059.097927966236966 ], [ 39034.989821508555906, 11059.099480642900744 ], [ 39035.0, 11059.1 ], [ 39067.960342280872283, 11059.1 ], [ 39084.931463530097972, 11075.072819999269996 ], [ 39084.938631739205448, 11075.078955282071547 ], [ 39084.946346278738929, 11075.084387666131079 ], [ 39084.954538470083207, 11075.089068789695375 ], [ 39084.963135382320615, 11075.092956979100563 ], [ 39084.972060481508379, 11075.096017619771374 ], [ 39084.981234312028391, 11075.09822346438159 ], [ 39084.990575203933986, 11075.099554875416288 ], [ 39085.0, 11075.1 ], [ 39100.960342280872283, 11075.1 ], [ 39117.900000000001455, 11091.043207265061938 ], [ 39117.900000000001455, 11108.0 ], [ 39117.900481527329248, 11108.009801714033529 ], [ 39117.901921471959213, 11108.019509032201313 ], [ 39117.904305966425454, 11108.029028467724856 ], [ 39117.907612046750728, 11108.038268343236268 ], [ 39117.911807873562793, 11108.047139673682977 ], [ 39117.91685303876875, 11108.055557023302754 ], [ 39117.922698954665975, 11108.06343932841628 ], [ 39117.929289321880788, 11108.070710678119212 ], [ 39117.936560671580082, 11108.077301045335844 ], [ 39117.944442976695427, 11108.083146961229431 ], [ 39117.952860326317023, 11108.088192126435388 ], [ 39117.961731656760094, 11108.092387953251091 ], [ 39117.970971532275144, 11108.095694033572727 ], [ 39117.980490967798687, 11108.098078528040787 ], [ 39117.990198285966471, 11108.099518472667114 ], [ 39118.0, 11108.1 ], [ 39134.0, 11108.1 ], [ 39134.010178491444094, 11108.099480642900744 ], [ 39134.020251257461496, 11108.097927966236966 ], [ 39134.030113670785795, 11108.095358097883945 ], [ 39134.039663289135206, 11108.091797731427505 ], [ 39134.048800919270434, 11108.08728384889946 ], [ 39134.057431647321209, 11108.08186333663798 ], [ 39134.065465824707644, 11108.075592498276819 ], [ 39134.072819999266358, 11108.068536469900209 ], [ 39150.002175206245738, 11091.143596562484163 ], [ 39166.929289321880788, 11108.070710678119212 ], [ 39166.936560671580082, 11108.077301045335844 ], [ 39166.944442976695427, 11108.083146961229431 ], [ 39166.952860326317023, 11108.088192126435388 ], [ 39166.961731656760094, 11108.092387953251091 ], [ 39166.970971532275144, 11108.095694033572727 ], [ 39166.980490967798687, 11108.098078528040787 ], [ 39166.990198285966471, 11108.099518472667114 ], [ 39167.0, 11108.1 ], [ 39182.960342280872283, 11108.1 ], [ 39199.931463530097972, 11124.072819999269996 ], [ 39199.938631739205448, 11124.078955282071547 ], [ 39199.946346278738929, 11124.084387666131079 ], [ 39199.954538470083207, 11124.089068789695375 ], [ 39199.963135382320615, 11124.092956979100563 ], [ 39199.972060481508379, 11124.096017619771374 ], [ 39199.981234312028391, 11124.09822346438159 ], [ 39199.990575203933986, 11124.099554875416288 ], [ 39200.0, 11124.1 ], [ 39232.956792734948976, 11124.1 ], [ 39248.927180000733642, 11141.068536469900209 ], [ 39248.934534175292356, 11141.075592498276819 ], [ 39248.942568352678791, 11141.08186333663798 ], [ 39248.951199080729566, 11141.08728384889946 ], [ 39248.960336710864794, 11141.091797731427505 ], [ 39248.969886329214205, 11141.095358097883945 ], [ 39248.979748742538504, 11141.097927966236966 ], [ 39248.989821508555906, 11141.099480642900744 ], [ 39249.0, 11141.1 ], [ 39281.960342280872283, 11141.1 ], [ 39298.931463530097972, 11157.072819999269996 ], [ 39298.938631739205448, 11157.078955282071547 ], [ 39298.946346278738929, 11157.084387666131079 ], [ 39298.954538470083207, 11157.089068789695375 ], [ 39298.963135382320615, 11157.092956979100563 ], [ 39298.972060481508379, 11157.096017619771374 ], [ 39298.981234312028391, 11157.09822346438159 ], [ 39298.990575203933986, 11157.099554875416288 ], [ 39299.0, 11157.1 ], [ 39480.0, 11157.1 ], [ 39480.009801714033529, 11157.099518472667114 ], [ 39480.019509032201313, 11157.098078528040787 ], [ 39480.029028467724856, 11157.095694033572727 ], [ 39480.038268343239906, 11157.092387953251091 ], [ 39480.047139673682977, 11157.088192126435388 ], [ 39480.055557023304573, 11157.083146961229431 ], [ 39480.063439328419918, 11157.077301045335844 ], [ 39480.070710678119212, 11157.070710678119212 ], [ 39496.04142135623988, 11141.1 ], [ 39529.0, 11141.1 ], [ 39529.010178491444094, 11141.099480642900744 ], [ 39529.020251257461496, 11141.097927966236966 ], [ 39529.030113670785795, 11141.095358097883945 ], [ 39529.039663289135206, 11141.091797731427505 ], [ 39529.048800919270434, 11141.08728384889946 ], [ 39529.057431647321209, 11141.08186333663798 ], [ 39529.065465824707644, 11141.075592498276819 ], [ 39529.072819999266358, 11141.068536469900209 ], [ 39545.043207265051024, 11124.1 ], [ 39562.0, 11124.1 ], [ 39562.009801714033529, 11124.099518472667114 ], [ 39562.019509032201313, 11124.098078528040787 ], [ 39562.029028467724856, 11124.095694033572727 ], [ 39562.038268343239906, 11124.092387953251091 ], [ 39562.047139673682977, 11124.088192126435388 ], [ 39562.055557023304573, 11124.083146961229431 ], [ 39562.063439328419918, 11124.077301045335844 ], [ 39562.070710678119212, 11124.070710678119212 ], [ 39578.04142135623988, 11108.1 ], [ 39594.95857864376012, 11108.1 ], [ 39610.900000000001455, 11124.04142135623988 ], [ 39610.900000000001455, 11141.0 ], [ 39610.900481527329248, 11141.009801714033529 ], [ 39610.901921471959213, 11141.019509032201313 ], [ 39610.904305966425454, 11141.029028467724856 ], [ 39610.907612046750728, 11141.038268343236268 ], [ 39610.911807873562793, 11141.047139673682977 ], [ 39610.91685303876875, 11141.055557023302754 ], [ 39610.922698954665975, 11141.06343932841628 ], [ 39610.929289321880788, 11141.070710678119212 ], [ 39610.936560671580082, 11141.077301045335844 ], [ 39610.944442976695427, 11141.083146961229431 ], [ 39610.952860326317023, 11141.088192126435388 ], [ 39610.961731656760094, 11141.092387953251091 ], [ 39610.970971532275144, 11141.095694033572727 ], [ 39610.980490967798687, 11141.098078528040787 ], [ 39610.990198285966471, 11141.099518472667114 ], [ 39611.0, 11141.1 ], [ 39627.95857864376012, 11141.1 ], [ 39643.86068893315678, 11157.002110289397024 ], [ 39627.956792734948976, 11173.9 ], [ 39611.0, 11173.9 ], [ 39610.990198285966471, 11173.900481527332886 ], [ 39610.980490967798687, 11173.901921471959213 ], [ 39610.970971532275144, 11173.904305966427273 ], [ 39610.961731656760094, 11173.907612046748909 ], [ 39610.952860326317023, 11173.911807873564612 ], [ 39610.944442976695427, 11173.916853038770569 ], [ 39610.936560671580082, 11173.922698954664156 ], [ 39610.929289321880788, 11173.929289321880788 ], [ 39594.929289321880788, 11189.929289321880788 ], [ 39594.922698954665975, 11189.93656067158372 ], [ 39594.91685303876875, 11189.944442976697246 ], [ 39594.911807873562793, 11189.952860326317023 ], [ 39594.907612046750728, 11189.961731656763732 ], [ 39594.904305966425454, 11189.970971532275144 ], [ 39594.901921471959213, 11189.980490967798687 ], [ 39594.900481527329248, 11189.990198285966471 ], [ 39594.900000000001455, 11190.0 ], [ 39594.900000000001455, 11206.956792734938062 ], [ 39577.931463530097972, 11222.927180000730004 ], [ 39577.927180000733642, 11222.931463530099791 ], [ 39561.927180000733642, 11239.931463530099791 ], [ 39561.921044717928453, 11239.938631739203629 ], [ 39561.915612333868921, 11239.946346278740748 ], [ 39561.910931210302806, 11239.954538470085026 ], [ 39561.907043020903075, 11239.963135382320615 ], [ 39561.903982380230445, 11239.972060481510198 ], [ 39561.90177653561841, 11239.98123431203021 ], [ 39561.900445124585531, 11239.990575203930348 ], [ 39561.900000000001455, 11240.0 ], [ 39561.900000000001455, 11255.956792734938062 ], [ 39544.931463530097972, 11271.927180000730004 ], [ 39544.927180000733642, 11271.931463530099791 ], [ 39528.927180000733642, 11288.931463530099791 ], [ 39528.921044717928453, 11288.938631739203629 ], [ 39528.915612333868921, 11288.946346278740748 ], [ 39528.910931210302806, 11288.954538470085026 ], [ 39528.907043020903075, 11288.963135382320615 ], [ 39528.903982380230445, 11288.972060481510198 ], [ 39528.90177653561841, 11288.98123431203021 ], [ 39528.900445124585531, 11288.990575203930348 ], [ 39528.900000000001455, 11289.0 ], [ 39528.900000000001455, 11322.0 ], [ 39528.900481527329248, 11322.009801714033529 ], [ 39528.901921471959213, 11322.019509032201313 ], [ 39528.904305966425454, 11322.029028467724856 ], [ 39528.907612046750728, 11322.038268343236268 ], [ 39528.911807873562793, 11322.047139673682977 ], [ 39528.91685303876875, 11322.055557023302754 ], [ 39528.922698954665975, 11322.06343932841628 ], [ 39528.929289321880788, 11322.070710678119212 ], [ 39544.929289321880788, 11338.070710678119212 ], [ 39544.936560671580082, 11338.077301045335844 ], [ 39544.944442976695427, 11338.083146961229431 ], [ 39544.952860326317023, 11338.088192126435388 ], [ 39544.961731656760094, 11338.092387953251091 ], [ 39544.970971532275144, 11338.095694033572727 ], [ 39544.980490967798687, 11338.098078528040787 ], [ 39544.990198285966471, 11338.099518472667114 ], [ 39545.0, 11338.1 ], [ 39561.956792734948976, 11338.1 ], [ 39577.927180000733642, 11355.068536469900209 ], [ 39577.931463530097972, 11355.072819999269996 ], [ 39594.900000000001455, 11371.043207265061938 ], [ 39594.900000000001455, 11388.0 ], [ 39594.900481527329248, 11388.009801714033529 ], [ 39594.901921471959213, 11388.019509032201313 ], [ 39594.904305966425454, 11388.029028467724856 ], [ 39594.907612046750728, 11388.038268343236268 ], [ 39594.911807873562793, 11388.047139673682977 ], [ 39594.91685303876875, 11388.055557023302754 ], [ 39594.922698954665975, 11388.06343932841628 ], [ 39594.929289321880788, 11388.070710678119212 ], [ 39676.929289321880788, 11470.070710678119212 ], [ 39676.931463530097972, 11470.072819999269996 ], [ 39693.929256863499177, 11486.070743136589954 ], [ 39709.927180000733642, 11503.068536469900209 ], [ 39709.929289321880788, 11503.070710678119212 ], [ 39841.929289321880788, 11635.070710678119212 ], [ 39841.936560671580082, 11635.077301045335844 ], [ 39841.944442976695427, 11635.083146961229431 ], [ 39841.952860326317023, 11635.088192126435388 ], [ 39841.961731656760094, 11635.092387953251091 ], [ 39841.970971532275144, 11635.095694033572727 ], [ 39841.980490967798687, 11635.098078528040787 ], [ 39841.990198285966471, 11635.099518472667114 ], [ 39842.0, 11635.1 ], [ 39857.960342280872283, 11635.1 ], [ 39874.930360449972795, 11651.071781806207582 ], [ 39890.929289321880788, 11667.070710678119212 ], [ 39890.936560671580082, 11667.077301045335844 ], [ 39890.944442976695427, 11667.083146961229431 ], [ 39890.952860326317023, 11667.088192126435388 ], [ 39890.961731656760094, 11667.092387953251091 ], [ 39890.970971532275144, 11667.095694033572727 ], [ 39890.980490967798687, 11667.098078528040787 ], [ 39890.990198285966471, 11667.099518472667114 ], [ 39891.0, 11667.1 ], [ 39907.956792734948976, 11667.1 ], [ 39923.927180000733642, 11684.068536469900209 ], [ 39923.934534175292356, 11684.075592498276819 ], [ 39923.942568352678791, 11684.08186333663798 ], [ 39923.951199080729566, 11684.08728384889946 ], [ 39923.960336710864794, 11684.091797731427505 ], [ 39923.969886329214205, 11684.095358097883945 ], [ 39923.979748742538504, 11684.097927966236966 ], [ 39923.989821508555906, 11684.099480642900744 ], [ 39924.0, 11684.1 ], [ 39939.960342280872283, 11684.1 ], [ 39956.929256863499177, 11700.070743136589954 ], [ 39972.927180000733642, 11717.068536469900209 ], [ 39972.931463530097972, 11717.072819999269996 ], [ 39989.929256863499177, 11733.070743136589954 ], [ 40005.927180000733642, 11750.068536469900209 ], [ 40005.931463530097972, 11750.072819999269996 ], [ 40022.931463530097972, 11766.072819999269996 ], [ 40022.938631739205448, 11766.078955282071547 ], [ 40022.946346278738929, 11766.084387666131079 ], [ 40022.954538470083207, 11766.089068789695375 ], [ 40022.963135382320615, 11766.092956979100563 ], [ 40022.972060481508379, 11766.096017619771374 ], [ 40022.981234312028391, 11766.09822346438159 ], [ 40022.990575203933986, 11766.099554875416288 ], [ 40023.0, 11766.1 ], [ 40038.95857864376012, 11766.1 ], [ 40055.929289321880788, 11783.070710678119212 ], [ 40055.936560671580082, 11783.077301045335844 ], [ 40055.944442976695427, 11783.083146961229431 ], [ 40055.952860326317023, 11783.088192126435388 ], [ 40055.961731656760094, 11783.092387953251091 ], [ 40055.970971532275144, 11783.095694033572727 ], [ 40055.980490967798687, 11783.098078528040787 ], [ 40055.990198285966471, 11783.099518472667114 ], [ 40056.0, 11783.1 ], [ 40104.95857864376012, 11783.1 ], [ 40137.929289321880788, 11816.070710678119212 ], [ 40137.936560671580082, 11816.077301045335844 ], [ 40137.944442976695427, 11816.083146961229431 ], [ 40137.952860326317023, 11816.088192126435388 ], [ 40137.961731656760094, 11816.092387953251091 ], [ 40137.970971532275144, 11816.095694033572727 ], [ 40137.980490967798687, 11816.098078528040787 ], [ 40137.990198285966471, 11816.099518472667114 ], [ 40138.0, 11816.1 ], [ 40170.95857864376012, 11816.1 ], [ 40186.929289321880788, 11832.070710678119212 ], [ 40186.936560671580082, 11832.077301045335844 ], [ 40186.944442976695427, 11832.083146961229431 ], [ 40186.952860326317023, 11832.088192126435388 ], [ 40186.961731656760094, 11832.092387953251091 ], [ 40186.970971532275144, 11832.095694033572727 ], [ 40186.980490967798687, 11832.098078528040787 ], [ 40186.990198285966471, 11832.099518472667114 ], [ 40187.0, 11832.1 ], [ 40236.95857864376012, 11832.1 ], [ 40252.929289321880788, 11848.070710678119212 ], [ 40252.936560671580082, 11848.077301045335844 ], [ 40252.944442976695427, 11848.083146961229431 ], [ 40252.952860326317023, 11848.088192126435388 ], [ 40252.961731656760094, 11848.092387953251091 ], [ 40252.970971532275144, 11848.095694033572727 ], [ 40252.980490967798687, 11848.098078528040787 ], [ 40252.990198285966471, 11848.099518472667114 ], [ 40253.0, 11848.1 ], [ 40269.956792734948976, 11848.1 ], [ 40285.927180000733642, 11865.068536469900209 ], [ 40285.934534175292356, 11865.075592498276819 ], [ 40285.942568352678791, 11865.08186333663798 ], [ 40285.951199080729566, 11865.08728384889946 ], [ 40285.960336710864794, 11865.091797731427505 ], [ 40285.969886329214205, 11865.095358097883945 ], [ 40285.979748742538504, 11865.097927966236966 ], [ 40285.989821508555906, 11865.099480642900744 ], [ 40286.0, 11865.1 ], [ 40301.960342280872283, 11865.1 ], [ 40318.929256863499177, 11881.070743136589954 ], [ 40334.927180000733642, 11898.068536469900209 ], [ 40334.934534175292356, 11898.075592498276819 ], [ 40334.942568352678791, 11898.08186333663798 ], [ 40334.951199080729566, 11898.08728384889946 ], [ 40334.960336710864794, 11898.091797731427505 ], [ 40334.969886329214205, 11898.095358097883945 ], [ 40334.979748742538504, 11898.097927966236966 ], [ 40334.989821508555906, 11898.099480642900744 ], [ 40335.0, 11898.1 ], [ 40467.0, 11898.1 ], [ 40467.009801714033529, 11898.099518472667114 ], [ 40467.019509032201313, 11898.098078528040787 ], [ 40467.029028467724856, 11898.095694033572727 ], [ 40467.038268343239906, 11898.092387953251091 ], [ 40467.047139673682977, 11898.088192126435388 ], [ 40467.055557023304573, 11898.083146961229431 ], [ 40467.063439328419918, 11898.077301045335844 ], [ 40467.070710678119212, 11898.070710678119212 ], [ 40484.04142135623988, 11881.1 ], [ 40566.0, 11881.1 ], [ 40566.009801714033529, 11881.099518472667114 ], [ 40566.019509032201313, 11881.098078528040787 ], [ 40566.029028467724856, 11881.095694033572727 ], [ 40566.038268343239906, 11881.092387953251091 ], [ 40566.047139673682977, 11881.088192126435388 ], [ 40566.055557023304573, 11881.083146961229431 ], [ 40566.063439328419918, 11881.077301045335844 ], [ 40566.070710678119212, 11881.070710678119212 ], [ 40582.04142135623988, 11865.1 ], [ 40599.0, 11865.1 ], [ 40599.010178491444094, 11865.099480642900744 ], [ 40599.020251257461496, 11865.097927966236966 ], [ 40599.030113670785795, 11865.095358097883945 ], [ 40599.039663289135206, 11865.091797731427505 ], [ 40599.048800919270434, 11865.08728384889946 ], [ 40599.057431647321209, 11865.08186333663798 ], [ 40599.065465824707644, 11865.075592498276819 ], [ 40599.072819999266358, 11865.068536469900209 ], [ 40615.043207265051024, 11848.1 ], [ 40632.0, 11848.1 ], [ 40632.009801714033529, 11848.099518472667114 ], [ 40632.019509032201313, 11848.098078528040787 ], [ 40632.029028467724856, 11848.095694033572727 ], [ 40632.038268343239906, 11848.092387953251091 ], [ 40632.047139673682977, 11848.088192126435388 ], [ 40632.055557023304573, 11848.083146961229431 ], [ 40632.063439328419918, 11848.077301045335844 ], [ 40632.070710678119212, 11848.070710678119212 ], [ 40632.077301045334025, 11848.06343932841628 ], [ 40632.08314696123125, 11848.055557023302754 ], [ 40632.088192126437207, 11848.047139673682977 ], [ 40632.092387953249272, 11848.038268343236268 ], [ 40632.095694033574546, 11848.029028467724856 ], [ 40632.098078528040787, 11848.019509032201313 ], [ 40632.099518472670752, 11848.009801714033529 ], [ 40632.099999999998545, 11848.0 ], [ 40632.099999999998545, 11832.04142135623988 ], [ 40681.04142135623988, 11783.1 ], [ 40714.0, 11783.1 ], [ 40714.009801714033529, 11783.099518472667114 ], [ 40714.019509032201313, 11783.098078528040787 ], [ 40714.029028467724856, 11783.095694033572727 ], [ 40714.038268343239906, 11783.092387953251091 ], [ 40714.047139673682977, 11783.088192126435388 ], [ 40714.055557023304573, 11783.083146961229431 ], [ 40714.063439328419918, 11783.077301045335844 ], [ 40714.070710678119212, 11783.070710678119212 ], [ 40714.077301045334025, 11783.06343932841628 ], [ 40714.08314696123125, 11783.055557023302754 ], [ 40714.088192126437207, 11783.047139673682977 ], [ 40714.092387953249272, 11783.038268343236268 ], [ 40714.095694033574546, 11783.029028467724856 ], [ 40714.098078528040787, 11783.019509032201313 ], [ 40714.099518472670752, 11783.009801714033529 ], [ 40714.099999999998545, 11783.0 ], [ 40714.099999999998545, 11766.04142135623988 ], [ 40730.04142135623988, 11750.1 ], [ 40747.0, 11750.1 ], [ 40747.010178491444094, 11750.099480642900744 ], [ 40747.020251257461496, 11750.097927966236966 ], [ 40747.030113670785795, 11750.095358097883945 ], [ 40747.039663289135206, 11750.091797731427505 ], [ 40747.048800919270434, 11750.08728384889946 ], [ 40747.057431647321209, 11750.08186333663798 ], [ 40747.065465824707644, 11750.075592498276819 ], [ 40747.072819999266358, 11750.068536469900209 ], [ 40763.043207265051024, 11733.1 ], [ 40795.95857864376012, 11733.1 ], [ 40812.856403437515837, 11749.997824793750624 ], [ 40795.931463530097972, 11765.927180000730004 ], [ 40795.924407501726819, 11765.934534175294175 ], [ 40795.918136663363839, 11765.942568352675153 ], [ 40795.912716151098721, 11765.951199080731385 ], [ 40795.908202268576133, 11765.960336710864794 ], [ 40795.904641902117874, 11765.969886329216024 ], [ 40795.902072033764853, 11765.979748742540323 ], [ 40795.900519357099256, 11765.989821508552268 ], [ 40795.900000000001455, 11766.0 ], [ 40795.900000000001455, 11783.0 ], [ 40795.900481527329248, 11783.009801714033529 ], [ 40795.901921471959213, 11783.019509032201313 ], [ 40795.904305966425454, 11783.029028467724856 ], [ 40795.907612046750728, 11783.038268343236268 ], [ 40795.911807873562793, 11783.047139673682977 ], [ 40795.91685303876875, 11783.055557023302754 ], [ 40795.922698954665975, 11783.06343932841628 ], [ 40795.929289321880788, 11783.070710678119212 ], [ 40795.936560671580082, 11783.077301045335844 ], [ 40795.944442976695427, 11783.083146961229431 ], [ 40795.952860326317023, 11783.088192126435388 ], [ 40795.961731656760094, 11783.092387953251091 ], [ 40795.970971532275144, 11783.095694033572727 ], [ 40795.980490967798687, 11783.098078528040787 ], [ 40795.990198285966471, 11783.099518472667114 ], [ 40796.0, 11783.1 ], [ 40828.960342280872283, 11783.1 ], [ 40845.900000000001455, 11799.043207265061938 ], [ 40845.900000000001455, 11881.0 ], [ 40845.900481527329248, 11881.009801714033529 ], [ 40845.901921471959213, 11881.019509032201313 ], [ 40845.904305966425454, 11881.029028467724856 ], [ 40845.907612046750728, 11881.038268343236268 ], [ 40845.911807873562793, 11881.047139673682977 ], [ 40845.91685303876875, 11881.055557023302754 ], [ 40845.922698954665975, 11881.06343932841628 ], [ 40845.929289321880788, 11881.070710678119212 ], [ 40845.936560671580082, 11881.077301045335844 ], [ 40845.944442976695427, 11881.083146961229431 ], [ 40845.952860326317023, 11881.088192126435388 ], [ 40845.961731656760094, 11881.092387953251091 ], [ 40845.970971532275144, 11881.095694033572727 ], [ 40845.980490967798687, 11881.098078528040787 ], [ 40845.990198285966471, 11881.099518472667114 ], [ 40846.0, 11881.1 ], [ 40861.956792734948976, 11881.1 ], [ 40877.900000000001455, 11898.03965771912226 ], [ 40877.900000000001455, 11914.0 ], [ 40877.900481527329248, 11914.009801714033529 ], [ 40877.901921471959213, 11914.019509032201313 ], [ 40877.904305966425454, 11914.029028467724856 ], [ 40877.907612046750728, 11914.038268343236268 ], [ 40877.911807873562793, 11914.047139673682977 ], [ 40877.91685303876875, 11914.055557023302754 ], [ 40877.922698954665975, 11914.06343932841628 ], [ 40877.929289321880788, 11914.070710678119212 ], [ 40894.900000000001455, 11931.04142135623988 ], [ 40894.900000000001455, 11947.0 ], [ 40894.900445124585531, 11947.009424796069652 ], [ 40894.90177653561841, 11947.01876568796979 ], [ 40894.903982380230445, 11947.027939518489802 ], [ 40894.907043020903075, 11947.036864617679385 ], [ 40894.910931210302806, 11947.045461529914974 ], [ 40894.915612333868921, 11947.053653721259252 ], [ 40894.921044717928453, 11947.061368260796371 ], [ 40894.927180000733642, 11947.068536469900209 ], [ 40910.900000000001455, 11964.03965771912226 ], [ 40910.900000000001455, 11997.0 ], [ 40910.900519357099256, 11997.010178491447732 ], [ 40910.902072033764853, 11997.020251257459677 ], [ 40910.904641902117874, 11997.030113670783976 ], [ 40910.908202268576133, 11997.039663289135206 ], [ 40910.912716151098721, 11997.048800919268615 ], [ 40910.918136663363839, 11997.057431647324847 ], [ 40910.924407501726819, 11997.065465824705825 ], [ 40910.931463530097972, 11997.072819999269996 ], [ 40927.929256863499177, 12013.070743136589954 ], [ 40943.927180000733642, 12030.068536469900209 ], [ 40943.931463530097972, 12030.072819999269996 ], [ 40960.900000000001455, 12046.043207265061938 ], [ 40960.900000000001455, 12062.0 ], [ 40960.900481527329248, 12062.009801714033529 ], [ 40960.901921471959213, 12062.019509032201313 ], [ 40960.904305966425454, 12062.029028467724856 ], [ 40960.907612046750728, 12062.038268343236268 ], [ 40960.911807873562793, 12062.047139673682977 ], [ 40960.91685303876875, 12062.055557023302754 ], [ 40960.922698954665975, 12062.06343932841628 ], [ 40960.929289321880788, 12062.070710678119212 ], [ 40960.936560671580082, 12062.077301045335844 ], [ 40960.944442976695427, 12062.083146961229431 ], [ 40960.952860326317023, 12062.088192126435388 ], [ 40960.961731656760094, 12062.092387953251091 ], [ 40960.970971532275144, 12062.095694033572727 ], [ 40960.980490967798687, 12062.098078528040787 ], [ 40960.990198285966471, 12062.099518472667114 ], [ 40961.0, 12062.1 ], [ 40993.956792734948976, 12062.1 ], [ 41009.900000000001455, 12079.03965771912226 ], [ 41009.900000000001455, 12095.0 ], [ 41009.900481527329248, 12095.009801714033529 ], [ 41009.901921471959213, 12095.019509032201313 ], [ 41009.904305966425454, 12095.029028467724856 ], [ 41009.907612046750728, 12095.038268343236268 ], [ 41009.911807873562793, 12095.047139673682977 ], [ 41009.91685303876875, 12095.055557023302754 ], [ 41009.922698954665975, 12095.06343932841628 ], [ 41009.929289321880788, 12095.070710678119212 ], [ 41026.900000000001455, 12112.04142135623988 ], [ 41026.900000000001455, 12161.0 ], [ 41026.900445124585531, 12161.009424796069652 ], [ 41026.90177653561841, 12161.01876568796979 ], [ 41026.903982380230445, 12161.027939518489802 ], [ 41026.907043020903075, 12161.036864617679385 ], [ 41026.910931210302806, 12161.045461529914974 ], [ 41026.915612333868921, 12161.053653721259252 ], [ 41026.921044717928453, 12161.061368260796371 ], [ 41026.927180000733642, 12161.068536469900209 ], [ 41042.927180000733642, 12178.068536469900209 ], [ 41042.934534175292356, 12178.075592498276819 ], [ 41042.942568352678791, 12178.08186333663798 ], [ 41042.951199080729566, 12178.08728384889946 ], [ 41042.960336710864794, 12178.091797731427505 ], [ 41042.969886329214205, 12178.095358097883945 ], [ 41042.979748742538504, 12178.097927966236966 ], [ 41042.989821508555906, 12178.099480642900744 ], [ 41043.0, 12178.1 ], [ 41060.0, 12178.1 ], [ 41060.009801714033529, 12178.099518472667114 ], [ 41060.019509032201313, 12178.098078528040787 ], [ 41060.029028467724856, 12178.095694033572727 ], [ 41060.038268343239906, 12178.092387953251091 ], [ 41060.047139673682977, 12178.088192126435388 ], [ 41060.055557023304573, 12178.083146961229431 ], [ 41060.063439328419918, 12178.077301045335844 ], [ 41060.070710678119212, 12178.070710678119212 ], [ 41060.077301045334025, 12178.06343932841628 ], [ 41060.08314696123125, 12178.055557023302754 ], [ 41060.088192126437207, 12178.047139673682977 ], [ 41060.092387953249272, 12178.038268343236268 ], [ 41060.095694033574546, 12178.029028467724856 ], [ 41060.098078528040787, 12178.019509032201313 ], [ 41060.099518472670752, 12178.009801714033529 ], [ 41060.099999999998545, 12178.0 ], [ 41060.099999999998545, 12161.04142135623988 ], [ 41076.04142135623988, 12145.1 ], [ 41091.960342280872283, 12145.1 ], [ 41108.929256863499177, 12161.070743136589954 ], [ 41124.927180000733642, 12178.068536469900209 ], [ 41124.934534175292356, 12178.075592498276819 ], [ 41124.942568352678791, 12178.08186333663798 ], [ 41124.951199080729566, 12178.08728384889946 ], [ 41124.960336710864794, 12178.091797731427505 ], [ 41124.969886329214205, 12178.095358097883945 ], [ 41124.979748742538504, 12178.097927966236966 ], [ 41124.989821508555906, 12178.099480642900744 ], [ 41125.0, 12178.1 ], [ 41190.960342280872283, 12178.1 ], [ 41207.931463530097972, 12194.072819999269996 ], [ 41207.938631739205448, 12194.078955282071547 ], [ 41207.946346278738929, 12194.084387666131079 ], [ 41207.954538470083207, 12194.089068789695375 ], [ 41207.963135382320615, 12194.092956979100563 ], [ 41207.972060481508379, 12194.096017619771374 ], [ 41207.981234312028391, 12194.09822346438159 ], [ 41207.990575203933986, 12194.099554875416288 ], [ 41208.0, 12194.1 ], [ 41256.956792734948976, 12194.1 ], [ 41272.900000000001455, 12211.03965771912226 ], [ 41272.900000000001455, 12243.0 ], [ 41272.900481527329248, 12243.009801714033529 ], [ 41272.901921471959213, 12243.019509032201313 ], [ 41272.904305966425454, 12243.029028467724856 ], [ 41272.907612046750728, 12243.038268343236268 ], [ 41272.911807873562793, 12243.047139673682977 ], [ 41272.91685303876875, 12243.055557023302754 ], [ 41272.922698954665975, 12243.06343932841628 ], [ 41272.929289321880788, 12243.070710678119212 ], [ 41272.936560671580082, 12243.077301045335844 ], [ 41272.944442976695427, 12243.083146961229431 ], [ 41272.952860326317023, 12243.088192126435388 ], [ 41272.961731656760094, 12243.092387953251091 ], [ 41272.970971532275144, 12243.095694033572727 ], [ 41272.980490967798687, 12243.098078528040787 ], [ 41272.990198285966471, 12243.099518472667114 ], [ 41273.0, 12243.1 ], [ 41323.0, 12243.1 ], [ 41323.009801714033529, 12243.099518472667114 ], [ 41323.019509032201313, 12243.098078528040787 ], [ 41323.029028467724856, 12243.095694033572727 ], [ 41323.038268343239906, 12243.092387953251091 ], [ 41323.047139673682977, 12243.088192126435388 ], [ 41323.055557023304573, 12243.083146961229431 ], [ 41323.063439328419918, 12243.077301045335844 ], [ 41323.070710678119212, 12243.070710678119212 ], [ 41323.077301045334025, 12243.06343932841628 ], [ 41323.08314696123125, 12243.055557023302754 ], [ 41323.088192126437207, 12243.047139673682977 ], [ 41323.092387953249272, 12243.038268343236268 ], [ 41323.095694033574546, 12243.029028467724856 ], [ 41323.098078528040787, 12243.019509032201313 ], [ 41323.099518472670752, 12243.009801714033529 ], [ 41323.099999999998545, 12243.0 ], [ 41323.099999999998545, 12227.04142135623988 ], [ 41339.04142135623988, 12211.1 ], [ 41356.0, 12211.1 ], [ 41356.010178491444094, 12211.099480642900744 ], [ 41356.020251257461496, 12211.097927966236966 ], [ 41356.030113670785795, 12211.095358097883945 ], [ 41356.039663289135206, 12211.091797731427505 ], [ 41356.048800919270434, 12211.08728384889946 ], [ 41356.057431647321209, 12211.08186333663798 ], [ 41356.065465824707644, 12211.075592498276819 ], [ 41356.072819999266358, 12211.068536469900209 ], [ 41372.043207265051024, 12194.1 ], [ 41438.0, 12194.1 ], [ 41438.009801714033529, 12194.099518472667114 ], [ 41438.019509032201313, 12194.098078528040787 ], [ 41438.029028467724856, 12194.095694033572727 ], [ 41438.038268343239906, 12194.092387953251091 ], [ 41438.047139673682977, 12194.088192126435388 ], [ 41438.055557023304573, 12194.083146961229431 ], [ 41438.063439328419918, 12194.077301045335844 ], [ 41438.070710678119212, 12194.070710678119212 ], [ 41454.04142135623988, 12178.1 ], [ 41471.0, 12178.1 ], [ 41471.009801714033529, 12178.099518472667114 ], [ 41471.019509032201313, 12178.098078528040787 ], [ 41471.029028467724856, 12178.095694033572727 ], [ 41471.038268343239906, 12178.092387953251091 ], [ 41471.047139673682977, 12178.088192126435388 ], [ 41471.055557023304573, 12178.083146961229431 ], [ 41471.063439328419918, 12178.077301045335844 ], [ 41471.070710678119212, 12178.070710678119212 ], [ 41471.077301045334025, 12178.06343932841628 ], [ 41471.08314696123125, 12178.055557023302754 ], [ 41471.088192126437207, 12178.047139673682977 ], [ 41471.092387953249272, 12178.038268343236268 ], [ 41471.095694033574546, 12178.029028467724856 ], [ 41471.098078528040787, 12178.019509032201313 ], [ 41471.099518472670752, 12178.009801714033529 ], [ 41471.099999999998545, 12178.0 ], [ 41471.099999999998545, 12161.04142135623988 ], [ 41487.070710678119212, 12145.070710678119212 ], [ 41487.077301045334025, 12145.06343932841628 ], [ 41487.08314696123125, 12145.055557023302754 ], [ 41487.088192126437207, 12145.047139673682977 ], [ 41487.092387953249272, 12145.038268343236268 ], [ 41487.095694033574546, 12145.029028467724856 ], [ 41487.098078528040787, 12145.019509032201313 ], [ 41487.099518472670752, 12145.009801714033529 ], [ 41487.099999999998545, 12145.0 ], [ 41487.099999999998545, 12095.043207265061938 ], [ 41504.039657719127717, 12079.1 ], [ 41520.0, 12079.1 ], [ 41520.009801714033529, 12079.099518472667114 ], [ 41520.019509032201313, 12079.098078528040787 ], [ 41520.029028467724856, 12079.095694033572727 ], [ 41520.038268343239906, 12079.092387953251091 ], [ 41520.047139673682977, 12079.088192126435388 ], [ 41520.055557023304573, 12079.083146961229431 ], [ 41520.063439328419918, 12079.077301045335844 ], [ 41520.070710678119212, 12079.070710678119212 ], [ 41520.077301045334025, 12079.06343932841628 ], [ 41520.08314696123125, 12079.055557023302754 ], [ 41520.088192126437207, 12079.047139673682977 ], [ 41520.092387953249272, 12079.038268343236268 ], [ 41520.095694033574546, 12079.029028467724856 ], [ 41520.098078528040787, 12079.019509032201313 ], [ 41520.099518472670752, 12079.009801714033529 ], [ 41520.099999999998545, 12079.0 ], [ 41520.099999999998545, 12062.043207265061938 ], [ 41537.039657719127717, 12046.1 ], [ 41586.0, 12046.1 ], [ 41586.009801714033529, 12046.099518472667114 ], [ 41586.019509032201313, 12046.098078528040787 ], [ 41586.029028467724856, 12046.095694033572727 ], [ 41586.038268343239906, 12046.092387953251091 ], [ 41586.047139673682977, 12046.088192126435388 ], [ 41586.055557023304573, 12046.083146961229431 ], [ 41586.063439328419918, 12046.077301045335844 ], [ 41586.070710678119212, 12046.070710678119212 ], [ 41586.077301045334025, 12046.06343932841628 ], [ 41586.08314696123125, 12046.055557023302754 ], [ 41586.088192126437207, 12046.047139673682977 ], [ 41586.092387953249272, 12046.038268343236268 ], [ 41586.095694033574546, 12046.029028467724856 ], [ 41586.098078528040787, 12046.019509032201313 ], [ 41586.099518472670752, 12046.009801714033529 ], [ 41586.099999999998545, 12046.0 ], [ 41586.099999999998545, 12030.04142135623988 ], [ 41603.04142135623988, 12013.1 ], [ 41634.95857864376012, 12013.1 ], [ 41651.900000000001455, 12030.04142135623988 ], [ 41651.900000000001455, 12062.0 ], [ 41651.900445124585531, 12062.009424796069652 ], [ 41651.90177653561841, 12062.01876568796979 ], [ 41651.903982380230445, 12062.027939518489802 ], [ 41651.907043020903075, 12062.036864617679385 ], [ 41651.910931210302806, 12062.045461529914974 ], [ 41651.915612333868921, 12062.053653721259252 ], [ 41651.921044717928453, 12062.061368260796371 ], [ 41651.927180000733642, 12062.068536469900209 ], [ 41667.927180000733642, 12079.068536469900209 ], [ 41667.934534175292356, 12079.075592498276819 ], [ 41667.942568352678791, 12079.08186333663798 ], [ 41667.951199080729566, 12079.08728384889946 ], [ 41667.960336710864794, 12079.091797731427505 ], [ 41667.969886329214205, 12079.095358097883945 ], [ 41667.979748742538504, 12079.097927966236966 ], [ 41667.989821508555906, 12079.099480642900744 ], [ 41668.0, 12079.1 ], [ 41701.0, 12079.1 ], [ 41701.009801714033529, 12079.099518472667114 ], [ 41701.019509032201313, 12079.098078528040787 ], [ 41701.029028467724856, 12079.095694033572727 ], [ 41701.038268343239906, 12079.092387953251091 ], [ 41701.047139673682977, 12079.088192126435388 ], [ 41701.055557023304573, 12079.083146961229431 ], [ 41701.063439328419918, 12079.077301045335844 ], [ 41701.070710678119212, 12079.070710678119212 ], [ 41701.077301045334025, 12079.06343932841628 ], [ 41701.08314696123125, 12079.055557023302754 ], [ 41701.088192126437207, 12079.047139673682977 ], [ 41701.092387953249272, 12079.038268343236268 ], [ 41701.095694033574546, 12079.029028467724856 ], [ 41701.098078528040787, 12079.019509032201313 ], [ 41701.099518472670752, 12079.009801714033529 ], [ 41701.099999999998545, 12079.0 ], [ 41701.099999999998545, 12062.043207265061938 ], [ 41718.039657719127717, 12046.1 ], [ 41733.960342280872283, 12046.1 ], [ 41750.900000000001455, 12062.043207265061938 ], [ 41750.900000000001455, 12112.0 ], [ 41750.900481527329248, 12112.009801714033529 ], [ 41750.901921471959213, 12112.019509032201313 ], [ 41750.904305966425454, 12112.029028467724856 ], [ 41750.907612046750728, 12112.038268343236268 ], [ 41750.911807873562793, 12112.047139673682977 ], [ 41750.91685303876875, 12112.055557023302754 ], [ 41750.922698954665975, 12112.06343932841628 ], [ 41750.929289321880788, 12112.070710678119212 ], [ 41766.900000000001455, 12128.04142135623988 ], [ 41766.900000000001455, 12144.95857864376012 ], [ 41750.929289321880788, 12160.929289321880788 ], [ 41750.922698954665975, 12160.93656067158372 ], [ 41750.91685303876875, 12160.944442976697246 ], [ 41750.911807873562793, 12160.952860326317023 ], [ 41750.907612046750728, 12160.961731656763732 ], [ 41750.904305966425454, 12160.970971532275144 ], [ 41750.901921471959213, 12160.980490967798687 ], [ 41750.900481527329248, 12160.990198285966471 ], [ 41750.900000000001455, 12161.0 ], [ 41750.900000000001455, 12226.956792734938062 ], [ 41733.931463530097972, 12242.927180000730004 ], [ 41733.924407501726819, 12242.934534175294175 ], [ 41733.918136663363839, 12242.942568352675153 ], [ 41733.912716151098721, 12242.951199080731385 ], [ 41733.908202268576133, 12242.960336710864794 ], [ 41733.904641902117874, 12242.969886329216024 ], [ 41733.902072033764853, 12242.979748742540323 ], [ 41733.900519357099256, 12242.989821508552268 ], [ 41733.900000000001455, 12243.0 ], [ 41733.900000000001455, 12260.0 ], [ 41733.900481527329248, 12260.009801714033529 ], [ 41733.901921471959213, 12260.019509032201313 ], [ 41733.904305966425454, 12260.029028467724856 ], [ 41733.907612046750728, 12260.038268343236268 ], [ 41733.911807873562793, 12260.047139673682977 ], [ 41733.91685303876875, 12260.055557023302754 ], [ 41733.922698954665975, 12260.06343932841628 ], [ 41733.929289321880788, 12260.070710678119212 ], [ 41733.936560671580082, 12260.077301045335844 ], [ 41733.944442976695427, 12260.083146961229431 ], [ 41733.952860326317023, 12260.088192126435388 ], [ 41733.961731656760094, 12260.092387953251091 ], [ 41733.970971532275144, 12260.095694033572727 ], [ 41733.980490967798687, 12260.098078528040787 ], [ 41733.990198285966471, 12260.099518472667114 ], [ 41734.0, 12260.1 ], [ 41750.95857864376012, 12260.1 ], [ 41766.900000000001455, 12276.04142135623988 ], [ 41766.900000000001455, 12326.0 ], [ 41766.900519357099256, 12326.010178491447732 ], [ 41766.902072033764853, 12326.020251257459677 ], [ 41766.904641902117874, 12326.030113670783976 ], [ 41766.908202268576133, 12326.039663289135206 ], [ 41766.912716151098721, 12326.048800919268615 ], [ 41766.918136663363839, 12326.057431647324847 ], [ 41766.924407501726819, 12326.065465824705825 ], [ 41766.931463530097972, 12326.072819999269996 ], [ 41783.900000000001455, 12342.043207265061938 ], [ 41783.900000000001455, 12359.0 ], [ 41783.900481527329248, 12359.009801714033529 ], [ 41783.901921471959213, 12359.019509032201313 ], [ 41783.904305966425454, 12359.029028467724856 ], [ 41783.907612046750728, 12359.038268343236268 ], [ 41783.911807873562793, 12359.047139673682977 ], [ 41783.91685303876875, 12359.055557023302754 ], [ 41783.922698954665975, 12359.06343932841628 ], [ 41783.929289321880788, 12359.070710678119212 ], [ 41832.929289321880788, 12408.070710678119212 ], [ 41832.936560671580082, 12408.077301045335844 ], [ 41832.944442976695427, 12408.083146961229431 ], [ 41832.952860326317023, 12408.088192126435388 ], [ 41832.961731656760094, 12408.092387953251091 ], [ 41832.970971532275144, 12408.095694033572727 ], [ 41832.980490967798687, 12408.098078528040787 ], [ 41832.990198285966471, 12408.099518472667114 ], [ 41833.0, 12408.1 ], [ 41865.95857864376012, 12408.1 ], [ 41898.929289321880788, 12441.070710678119212 ], [ 41898.936560671580082, 12441.077301045335844 ], [ 41898.944442976695427, 12441.083146961229431 ], [ 41898.952860326317023, 12441.088192126435388 ], [ 41898.961731656760094, 12441.092387953251091 ], [ 41898.970971532275144, 12441.095694033572727 ], [ 41898.980490967798687, 12441.098078528040787 ], [ 41898.990198285966471, 12441.099518472667114 ], [ 41899.0, 12441.1 ], [ 41914.960342280872283, 12441.1 ], [ 41931.929256863499177, 12457.070743136589954 ], [ 41947.927180000733642, 12474.068536469900209 ], [ 41947.931463530097972, 12474.072819999269996 ], [ 41964.929256863499177, 12490.070743136589954 ], [ 41980.927180000733642, 12507.068536469900209 ], [ 41980.934534175292356, 12507.075592498276819 ], [ 41980.942568352678791, 12507.08186333663798 ], [ 41980.951199080729566, 12507.08728384889946 ], [ 41980.960336710864794, 12507.091797731427505 ], [ 41980.969886329214205, 12507.095358097883945 ], [ 41980.979748742538504, 12507.097927966236966 ], [ 41980.989821508555906, 12507.099480642900744 ], [ 41981.0, 12507.1 ], [ 42013.95857864376012, 12507.1 ], [ 42029.929289321880788, 12523.070710678119212 ], [ 42029.936560671580082, 12523.077301045335844 ], [ 42029.944442976695427, 12523.083146961229431 ], [ 42029.952860326317023, 12523.088192126435388 ], [ 42029.961731656760094, 12523.092387953251091 ], [ 42029.970971532275144, 12523.095694033572727 ], [ 42029.980490967798687, 12523.098078528040787 ], [ 42029.990198285966471, 12523.099518472667114 ], [ 42030.0, 12523.1 ], [ 42047.0, 12523.1 ], [ 42047.009801714033529, 12523.099518472667114 ], [ 42047.019509032201313, 12523.098078528040787 ], [ 42047.029028467724856, 12523.095694033572727 ], [ 42047.038268343239906, 12523.092387953251091 ], [ 42047.047139673682977, 12523.088192126435388 ], [ 42047.055557023304573, 12523.083146961229431 ], [ 42047.063439328419918, 12523.077301045335844 ], [ 42047.070710678119212, 12523.070710678119212 ], [ 42063.002110289395205, 12507.13931106684322 ], [ 42079.931463530097972, 12523.072819999269996 ], [ 42079.938631739205448, 12523.078955282071547 ], [ 42079.946346278738929, 12523.084387666131079 ], [ 42079.954538470083207, 12523.089068789695375 ], [ 42079.963135382320615, 12523.092956979100563 ], [ 42079.972060481508379, 12523.096017619771374 ], [ 42079.981234312028391, 12523.09822346438159 ], [ 42079.990575203933986, 12523.099554875416288 ], [ 42080.0, 12523.1 ], [ 42113.0, 12523.1 ], [ 42113.009801714033529, 12523.099518472667114 ], [ 42113.019509032201313, 12523.098078528040787 ], [ 42113.029028467724856, 12523.095694033572727 ], [ 42113.038268343239906, 12523.092387953251091 ], [ 42113.047139673682977, 12523.088192126435388 ], [ 42113.055557023304573, 12523.083146961229431 ], [ 42113.063439328419918, 12523.077301045335844 ], [ 42113.070710678119212, 12523.070710678119212 ], [ 42129.04142135623988, 12507.1 ], [ 42146.0, 12507.1 ], [ 42146.010178491444094, 12507.099480642900744 ], [ 42146.020251257461496, 12507.097927966236966 ], [ 42146.030113670785795, 12507.095358097883945 ], [ 42146.039663289135206, 12507.091797731427505 ], [ 42146.048800919270434, 12507.08728384889946 ], [ 42146.057431647321209, 12507.08186333663798 ], [ 42146.065465824707644, 12507.075592498276819 ], [ 42146.072819999266358, 12507.068536469900209 ], [ 42162.043207265051024, 12490.1 ], [ 42194.956792734948976, 12490.1 ], [ 42210.86068893315678, 12506.997889710602976 ], [ 42194.929289321880788, 12522.929289321880788 ], [ 42194.927180000733642, 12522.931463530099791 ], [ 42178.927180000733642, 12539.931463530099791 ], [ 42178.921044717928453, 12539.938631739203629 ], [ 42178.915612333868921, 12539.946346278740748 ], [ 42178.910931210302806, 12539.954538470085026 ], [ 42178.907043020903075, 12539.963135382320615 ], [ 42178.903982380230445, 12539.972060481510198 ], [ 42178.90177653561841, 12539.98123431203021 ], [ 42178.900445124585531, 12539.990575203930348 ], [ 42178.900000000001455, 12540.0 ], [ 42178.900000000001455, 12573.0 ], [ 42178.900481527329248, 12573.009801714033529 ], [ 42178.901921471959213, 12573.019509032201313 ], [ 42178.904305966425454, 12573.029028467724856 ], [ 42178.907612046750728, 12573.038268343236268 ], [ 42178.911807873562793, 12573.047139673682977 ], [ 42178.91685303876875, 12573.055557023302754 ], [ 42178.922698954665975, 12573.06343932841628 ], [ 42178.929289321880788, 12573.070710678119212 ], [ 42178.936560671580082, 12573.077301045335844 ], [ 42178.944442976695427, 12573.083146961229431 ], [ 42178.952860326317023, 12573.088192126435388 ], [ 42178.961731656760094, 12573.092387953251091 ], [ 42178.970971532275144, 12573.095694033572727 ], [ 42178.980490967798687, 12573.098078528040787 ], [ 42178.990198285966471, 12573.099518472667114 ], [ 42179.0, 12573.1 ], [ 42211.0, 12573.1 ], [ 42211.009801714033529, 12573.099518472667114 ], [ 42211.019509032201313, 12573.098078528040787 ], [ 42211.029028467724856, 12573.095694033572727 ], [ 42211.038268343239906, 12573.092387953251091 ], [ 42211.047139673682977, 12573.088192126435388 ], [ 42211.055557023304573, 12573.083146961229431 ], [ 42211.063439328419918, 12573.077301045335844 ], [ 42211.070710678119212, 12573.070710678119212 ], [ 42228.04142135623988, 12556.1 ], [ 42244.0, 12556.1 ], [ 42244.009424796066014, 12556.099554875416288 ], [ 42244.018765687971609, 12556.09822346438159 ], [ 42244.027939518491621, 12556.096017619771374 ], [ 42244.036864617679385, 12556.092956979100563 ], [ 42244.045461529916793, 12556.089068789695375 ], [ 42244.053653721261071, 12556.084387666131079 ], [ 42244.061368260794552, 12556.078955282071547 ], [ 42244.068536469902028, 12556.072819999269996 ], [ 42261.068536469902028, 12540.072819999269996 ], [ 42261.072819999266358, 12540.068536469900209 ], [ 42277.043207265051024, 12523.1 ], [ 42294.0, 12523.1 ], [ 42294.009801714033529, 12523.099518472667114 ], [ 42294.019509032201313, 12523.098078528040787 ], [ 42294.029028467724856, 12523.095694033572727 ], [ 42294.038268343239906, 12523.092387953251091 ], [ 42294.047139673682977, 12523.088192126435388 ], [ 42294.055557023304573, 12523.083146961229431 ], [ 42294.063439328419918, 12523.077301045335844 ], [ 42294.070710678119212, 12523.070710678119212 ], [ 42294.077301045334025, 12523.06343932841628 ], [ 42294.08314696123125, 12523.055557023302754 ], [ 42294.088192126437207, 12523.047139673682977 ], [ 42294.092387953249272, 12523.038268343236268 ], [ 42294.095694033574546, 12523.029028467724856 ], [ 42294.098078528040787, 12523.019509032201313 ], [ 42294.099518472670752, 12523.009801714033529 ], [ 42294.099999999998545, 12523.0 ], [ 42294.099999999998545, 12507.03965771912226 ], [ 42310.070743136500823, 12490.070743136589954 ], [ 42327.068536469902028, 12474.072819999269996 ], [ 42327.075592498273181, 12474.065465824705825 ], [ 42327.081863336636161, 12474.057431647324847 ], [ 42327.087283848901279, 12474.048800919268615 ], [ 42327.091797731423867, 12474.039663289135206 ], [ 42327.095358097882126, 12474.030113670783976 ], [ 42327.097927966235147, 12474.020251257459677 ], [ 42327.099480642900744, 12474.010178491447732 ], [ 42327.099999999998545, 12474.0 ], [ 42327.099999999998545, 12441.0 ], [ 42327.099518472670752, 12440.990198285966471 ], [ 42327.098078528040787, 12440.980490967798687 ], [ 42327.095694033574546, 12440.970971532275144 ], [ 42327.092387953249272, 12440.961731656763732 ], [ 42327.088192126437207, 12440.952860326317023 ], [ 42327.08314696123125, 12440.944442976697246 ], [ 42327.077301045334025, 12440.93656067158372 ], [ 42327.070710678119212, 12440.929289321880788 ], [ 42310.143596562484163, 12424.002175206249376 ], [ 42327.039657719127717, 12408.1 ], [ 42342.960342280872283, 12408.1 ], [ 42359.931463530097972, 12424.072819999269996 ], [ 42359.938631739205448, 12424.078955282071547 ], [ 42359.946346278738929, 12424.084387666131079 ], [ 42359.954538470083207, 12424.089068789695375 ], [ 42359.963135382320615, 12424.092956979100563 ], [ 42359.972060481508379, 12424.096017619771374 ], [ 42359.981234312028391, 12424.09822346438159 ], [ 42359.990575203933986, 12424.099554875416288 ], [ 42360.0, 12424.1 ], [ 42376.0, 12424.1 ], [ 42376.009424796066014, 12424.099554875416288 ], [ 42376.018765687971609, 12424.09822346438159 ], [ 42376.027939518491621, 12424.096017619771374 ], [ 42376.036864617679385, 12424.092956979100563 ], [ 42376.045461529916793, 12424.089068789695375 ], [ 42376.053653721261071, 12424.084387666131079 ], [ 42376.061368260794552, 12424.078955282071547 ], [ 42376.068536469902028, 12424.072819999269996 ], [ 42393.068536469902028, 12408.072819999269996 ], [ 42393.075426990413689, 12408.065656447644869 ], [ 42393.081572324350418, 12408.05784423825753 ], [ 42393.08691175844433, 12408.049460552409073 ], [ 42393.09139254134061, 12408.040588217350887 ], [ 42393.094970404818014, 12408.031314887975896 ], [ 42393.097610001110297, 12408.021732180832259 ], [ 42393.099285252123082, 12408.011934768990614 ], [ 42393.099979607097339, 12408.0020194467088 ], [ 42393.099686206092883, 12407.992084173152762 ], [ 42393.098407947793021, 12407.982227104597769 ], [ 42393.096157460844552, 12407.972545624686973 ], [ 42393.092956979096925, 12407.963135382322434 ], [ 42393.088838121955632, 12407.954089346692854 ], [ 42393.083841581974411, 12407.945496888782145 ], [ 42393.078016722829489, 12407.93744289841743 ], [ 42393.071421091670345, 12407.930006945596688 ], [ 42393.064119850510906, 12407.923262494370647 ], [ 42393.056185132518294, 12407.917276177047825 ], [ 42393.047695329318231, 12407.912107135893166 ], [ 42393.038734316563932, 12407.907806438835905 ], [ 42393.029390625248197, 12407.904416574932839 ], [ 42393.019756567053264, 12407.9019710345965 ], [ 42393.009927322389558, 12407.900493978724626 ], [ 42393.0, 12407.9 ], [ 42376.04142135623988, 12407.9 ], [ 42360.099999999998545, 12391.95857864376012 ], [ 42360.099999999998545, 12359.0 ], [ 42360.099518472670752, 12358.990198285966471 ], [ 42360.098078528040787, 12358.980490967798687 ], [ 42360.095694033574546, 12358.970971532275144 ], [ 42360.092387953249272, 12358.961731656763732 ], [ 42360.088192126437207, 12358.952860326317023 ], [ 42360.08314696123125, 12358.944442976697246 ], [ 42360.077301045334025, 12358.93656067158372 ], [ 42360.070710678119212, 12358.929289321880788 ], [ 42343.143596562484163, 12342.002175206249376 ], [ 42360.039657719127717, 12326.1 ], [ 42392.95857864376012, 12326.1 ], [ 42408.928218193883367, 12342.069639550121792 ], [ 42424.900000000001455, 12359.03965771912226 ], [ 42424.900000000001455, 12375.0 ], [ 42424.900481527329248, 12375.009801714033529 ], [ 42424.901921471959213, 12375.019509032201313 ], [ 42424.904305966425454, 12375.029028467724856 ], [ 42424.907612046750728, 12375.038268343236268 ], [ 42424.911807873562793, 12375.047139673682977 ], [ 42424.91685303876875, 12375.055557023302754 ], [ 42424.922698954665975, 12375.06343932841628 ], [ 42424.929289321880788, 12375.070710678119212 ], [ 42424.936560671580082, 12375.077301045335844 ], [ 42424.944442976695427, 12375.083146961229431 ], [ 42424.952860326317023, 12375.088192126435388 ], [ 42424.961731656760094, 12375.092387953251091 ], [ 42424.970971532275144, 12375.095694033572727 ], [ 42424.980490967798687, 12375.098078528040787 ], [ 42424.990198285966471, 12375.099518472667114 ], [ 42425.0, 12375.1 ], [ 42442.0, 12375.1 ], [ 42442.009801714033529, 12375.099518472667114 ], [ 42442.019509032201313, 12375.098078528040787 ], [ 42442.029028467724856, 12375.095694033572727 ], [ 42442.038268343239906, 12375.092387953251091 ], [ 42442.047139673682977, 12375.088192126435388 ], [ 42442.055557023304573, 12375.083146961229431 ], [ 42442.063439328419918, 12375.077301045335844 ], [ 42442.070710678119212, 12375.070710678119212 ], [ 42458.04142135623988, 12359.1 ], [ 42490.960342280872283, 12359.1 ], [ 42507.931463530097972, 12375.072819999269996 ], [ 42507.938631739205448, 12375.078955282071547 ], [ 42507.946346278738929, 12375.084387666131079 ], [ 42507.954538470083207, 12375.089068789695375 ], [ 42507.963135382320615, 12375.092956979100563 ], [ 42507.972060481508379, 12375.096017619771374 ], [ 42507.981234312028391, 12375.09822346438159 ], [ 42507.990575203933986, 12375.099554875416288 ], [ 42508.0, 12375.1 ], [ 42574.0, 12375.1 ], [ 42574.009801714033529, 12375.099518472667114 ], [ 42574.019509032201313, 12375.098078528040787 ], [ 42574.029028467724856, 12375.095694033572727 ], [ 42574.038268343239906, 12375.092387953251091 ], [ 42574.047139673682977, 12375.088192126435388 ], [ 42574.055557023304573, 12375.083146961229431 ], [ 42574.063439328419918, 12375.077301045335844 ], [ 42574.070710678119212, 12375.070710678119212 ], [ 42590.04142135623988, 12359.1 ], [ 42622.95857864376012, 12359.1 ], [ 42638.929289321880788, 12375.070710678119212 ], [ 42638.936560671580082, 12375.077301045335844 ], [ 42638.944442976695427, 12375.083146961229431 ], [ 42638.952860326317023, 12375.088192126435388 ], [ 42638.961731656760094, 12375.092387953251091 ], [ 42638.970971532275144, 12375.095694033572727 ], [ 42638.980490967798687, 12375.098078528040787 ], [ 42638.990198285966471, 12375.099518472667114 ], [ 42639.0, 12375.1 ], [ 42688.956792734948976, 12375.1 ], [ 42704.927180000733642, 12392.068536469900209 ], [ 42704.934534175292356, 12392.075592498276819 ], [ 42704.942568352678791, 12392.08186333663798 ], [ 42704.951199080729566, 12392.08728384889946 ], [ 42704.960336710864794, 12392.091797731427505 ], [ 42704.969886329214205, 12392.095358097883945 ], [ 42704.979748742538504, 12392.097927966236966 ], [ 42704.989821508555906, 12392.099480642900744 ], [ 42705.0, 12392.1 ], [ 42771.0, 12392.1 ], [ 42771.010178491444094, 12392.099480642900744 ], [ 42771.020251257461496, 12392.097927966236966 ], [ 42771.030113670785795, 12392.095358097883945 ], [ 42771.039663289135206, 12392.091797731427505 ], [ 42771.048800919270434, 12392.08728384889946 ], [ 42771.057431647321209, 12392.08186333663798 ], [ 42771.065465824707644, 12392.075592498276819 ], [ 42771.072819999266358, 12392.068536469900209 ], [ 42787.043207265051024, 12375.1 ], [ 42820.0, 12375.1 ], [ 42820.009424796066014, 12375.099554875416288 ], [ 42820.018765687971609, 12375.09822346438159 ], [ 42820.027939518491621, 12375.096017619771374 ], [ 42820.036864617679385, 12375.092956979100563 ], [ 42820.045461529916793, 12375.089068789695375 ], [ 42820.053653721261071, 12375.084387666131079 ], [ 42820.061368260794552, 12375.078955282071547 ], [ 42820.068536469902028, 12375.072819999269996 ], [ 42837.039657719127717, 12359.1 ], [ 42853.0, 12359.1 ], [ 42853.009801714033529, 12359.099518472667114 ], [ 42853.019509032201313, 12359.098078528040787 ], [ 42853.029028467724856, 12359.095694033572727 ], [ 42853.038268343239906, 12359.092387953251091 ], [ 42853.047139673682977, 12359.088192126435388 ], [ 42853.055557023304573, 12359.083146961229431 ], [ 42853.063439328419918, 12359.077301045335844 ], [ 42853.070710678119212, 12359.070710678119212 ], [ 42853.077301045334025, 12359.06343932841628 ], [ 42853.08314696123125, 12359.055557023302754 ], [ 42853.088192126437207, 12359.047139673682977 ], [ 42853.092387953249272, 12359.038268343236268 ], [ 42853.095694033574546, 12359.029028467724856 ], [ 42853.098078528040787, 12359.019509032201313 ], [ 42853.099518472670752, 12359.009801714033529 ], [ 42853.099999999998545, 12359.0 ], [ 42853.099999999998545, 12342.043207265061938 ], [ 42870.068536469902028, 12326.072819999269996 ], [ 42870.075592498273181, 12326.065465824705825 ], [ 42870.081863336636161, 12326.057431647324847 ], [ 42870.087283848901279, 12326.048800919268615 ], [ 42870.091797731423867, 12326.039663289135206 ], [ 42870.095358097882126, 12326.030113670783976 ], [ 42870.097927966235147, 12326.020251257459677 ], [ 42870.099480642900744, 12326.010178491447732 ], [ 42870.099999999998545, 12326.0 ], [ 42870.099999999998545, 12243.04142135623988 ], [ 42886.04142135623988, 12227.1 ], [ 42903.0, 12227.1 ], [ 42903.009801714033529, 12227.099518472667114 ], [ 42903.019509032201313, 12227.098078528040787 ], [ 42903.029028467724856, 12227.095694033572727 ], [ 42903.038268343239906, 12227.092387953251091 ], [ 42903.047139673682977, 12227.088192126435388 ], [ 42903.055557023304573, 12227.083146961229431 ], [ 42903.063439328419918, 12227.077301045335844 ], [ 42903.070710678119212, 12227.070710678119212 ], [ 42903.077301045334025, 12227.06343932841628 ], [ 42903.08314696123125, 12227.055557023302754 ], [ 42903.088192126437207, 12227.047139673682977 ], [ 42903.092387953249272, 12227.038268343236268 ], [ 42903.095694033574546, 12227.029028467724856 ], [ 42903.098078528040787, 12227.019509032201313 ], [ 42903.099518472670752, 12227.009801714033529 ], [ 42903.099999999998545, 12227.0 ], [ 42903.099999999998545, 12211.03965771912226 ], [ 42919.043207265051024, 12194.1 ], [ 42936.0, 12194.1 ], [ 42936.009801714033529, 12194.099518472667114 ], [ 42936.019509032201313, 12194.098078528040787 ], [ 42936.029028467724856, 12194.095694033572727 ], [ 42936.038268343239906, 12194.092387953251091 ], [ 42936.047139673682977, 12194.088192126435388 ], [ 42936.055557023304573, 12194.083146961229431 ], [ 42936.063439328419918, 12194.077301045335844 ], [ 42936.070710678119212, 12194.070710678119212 ], [ 42936.077301045334025, 12194.06343932841628 ], [ 42936.08314696123125, 12194.055557023302754 ], [ 42936.088192126437207, 12194.047139673682977 ], [ 42936.092387953249272, 12194.038268343236268 ], [ 42936.095694033574546, 12194.029028467724856 ], [ 42936.098078528040787, 12194.019509032201313 ], [ 42936.099518472670752, 12194.009801714033529 ], [ 42936.099999999998545, 12194.0 ], [ 42936.099999999998545, 12128.0 ], [ 42936.099480642900744, 12127.989821508552268 ], [ 42936.097927966235147, 12127.979748742540323 ], [ 42936.095358097882126, 12127.969886329216024 ], [ 42936.091797731423867, 12127.960336710864794 ], [ 42936.087283848901279, 12127.951199080731385 ], [ 42936.081863336636161, 12127.942568352675153 ], [ 42936.075592498273181, 12127.934534175294175 ], [ 42936.068536469902028, 12127.927180000730004 ], [ 42919.099999999998545, 12111.956792734938062 ], [ 42919.099999999998545, 12095.0 ], [ 42919.099518472670752, 12094.990198285966471 ], [ 42919.098078528040787, 12094.980490967798687 ], [ 42919.095694033574546, 12094.970971532275144 ], [ 42919.092387953249272, 12094.961731656763732 ], [ 42919.088192126437207, 12094.952860326317023 ], [ 42919.08314696123125, 12094.944442976697246 ], [ 42919.077301045334025, 12094.93656067158372 ], [ 42919.070710678119212, 12094.929289321880788 ], [ 42903.13931106684322, 12078.997889710602976 ], [ 42919.043207265051024, 12062.1 ], [ 42935.956792734948976, 12062.1 ], [ 42951.927180000733642, 12079.068536469900209 ], [ 42951.931463530097972, 12079.072819999269996 ], [ 42968.931463530097972, 12095.072819999269996 ], [ 42968.938631739205448, 12095.078955282071547 ], [ 42968.946346278738929, 12095.084387666131079 ], [ 42968.954538470083207, 12095.089068789695375 ], [ 42968.963135382320615, 12095.092956979100563 ], [ 42968.972060481508379, 12095.096017619771374 ], [ 42968.981234312028391, 12095.09822346438159 ], [ 42968.990575203933986, 12095.099554875416288 ], [ 42969.0, 12095.1 ], [ 42984.956792734948976, 12095.1 ], [ 43000.927180000733642, 12112.068536469900209 ], [ 43000.934534175292356, 12112.075592498276819 ], [ 43000.942568352678791, 12112.08186333663798 ], [ 43000.951199080729566, 12112.08728384889946 ], [ 43000.960336710864794, 12112.091797731427505 ], [ 43000.969886329214205, 12112.095358097883945 ], [ 43000.979748742538504, 12112.097927966236966 ], [ 43000.989821508555906, 12112.099480642900744 ], [ 43001.0, 12112.1 ], [ 43050.95857864376012, 12112.1 ], [ 43066.929289321880788, 12128.070710678119212 ], [ 43066.936560671580082, 12128.077301045335844 ], [ 43066.944442976695427, 12128.083146961229431 ], [ 43066.952860326317023, 12128.088192126435388 ], [ 43066.961731656760094, 12128.092387953251091 ], [ 43066.970971532275144, 12128.095694033572727 ], [ 43066.980490967798687, 12128.098078528040787 ], [ 43066.990198285966471, 12128.099518472667114 ], [ 43067.0, 12128.1 ], [ 43100.0, 12128.1 ], [ 43100.009424796066014, 12128.099554875416288 ], [ 43100.018765687971609, 12128.09822346438159 ], [ 43100.027939518491621, 12128.096017619771374 ], [ 43100.036864617679385, 12128.092956979100563 ], [ 43100.045461529916793, 12128.089068789695375 ], [ 43100.053653721261071, 12128.084387666131079 ], [ 43100.061368260794552, 12128.078955282071547 ], [ 43100.068536469902028, 12128.072819999269996 ], [ 43117.039657719127717, 12112.1 ], [ 43314.0, 12112.1 ], [ 43314.009801714033529, 12112.099518472667114 ], [ 43314.019509032201313, 12112.098078528040787 ], [ 43314.029028467724856, 12112.095694033572727 ], [ 43314.038268343239906, 12112.092387953251091 ], [ 43314.047139673682977, 12112.088192126435388 ], [ 43314.055557023304573, 12112.083146961229431 ], [ 43314.063439328419918, 12112.077301045335844 ], [ 43314.070710678119212, 12112.070710678119212 ], [ 43347.04142135623988, 12079.1 ], [ 43380.0, 12079.1 ], [ 43380.010178491444094, 12079.099480642900744 ], [ 43380.020251257461496, 12079.097927966236966 ], [ 43380.030113670785795, 12079.095358097883945 ], [ 43380.039663289135206, 12079.091797731427505 ], [ 43380.048800919270434, 12079.08728384889946 ], [ 43380.057431647321209, 12079.08186333663798 ], [ 43380.065465824707644, 12079.075592498276819 ], [ 43380.072819999266358, 12079.068536469900209 ], [ 43396.043207265051024, 12062.1 ], [ 43413.0, 12062.1 ], [ 43413.009801714033529, 12062.099518472667114 ], [ 43413.019509032201313, 12062.098078528040787 ], [ 43413.029028467724856, 12062.095694033572727 ], [ 43413.038268343239906, 12062.092387953251091 ], [ 43413.047139673682977, 12062.088192126435388 ], [ 43413.055557023304573, 12062.083146961229431 ], [ 43413.063439328419918, 12062.077301045335844 ], [ 43413.070710678119212, 12062.070710678119212 ], [ 43429.069639550027205, 12046.071781806207582 ], [ 43446.039657719127717, 12030.1 ], [ 43462.0, 12030.1 ], [ 43462.009801714033529, 12030.099518472667114 ], [ 43462.019509032201313, 12030.098078528040787 ], [ 43462.029028467724856, 12030.095694033572727 ], [ 43462.038268343239906, 12030.092387953251091 ], [ 43462.047139673682977, 12030.088192126435388 ], [ 43462.055557023304573, 12030.083146961229431 ], [ 43462.063439328419918, 12030.077301045335844 ], [ 43462.070710678119212, 12030.070710678119212 ], [ 43479.04142135623988, 12013.1 ], [ 43495.0, 12013.1 ], [ 43495.009424796066014, 12013.099554875416288 ], [ 43495.018765687971609, 12013.09822346438159 ], [ 43495.027939518491621, 12013.096017619771374 ], [ 43495.036864617679385, 12013.092956979100563 ], [ 43495.045461529916793, 12013.089068789695375 ], [ 43495.053653721261071, 12013.084387666131079 ], [ 43495.061368260794552, 12013.078955282071547 ], [ 43495.068536469902028, 12013.072819999269996 ], [ 43512.068536469902028, 11997.072819999269996 ], [ 43512.072819999266358, 11997.068536469900209 ], [ 43528.043207265051024, 11980.1 ], [ 43577.0, 11980.1 ], [ 43577.009424796066014, 11980.099554875416288 ], [ 43577.018765687971609, 11980.09822346438159 ], [ 43577.027939518491621, 11980.096017619771374 ], [ 43577.036864617679385, 11980.092956979100563 ], [ 43577.045461529916793, 11980.089068789695375 ], [ 43577.053653721261071, 11980.084387666131079 ], [ 43577.061368260794552, 11980.078955282071547 ], [ 43577.068536469902028, 11980.072819999269996 ], [ 43594.039657719127717, 11964.1 ], [ 43610.0, 11964.1 ], [ 43610.009801714033529, 11964.099518472667114 ], [ 43610.019509032201313, 11964.098078528040787 ], [ 43610.029028467724856, 11964.095694033572727 ], [ 43610.038268343239906, 11964.092387953251091 ], [ 43610.047139673682977, 11964.088192126435388 ], [ 43610.055557023304573, 11964.083146961229431 ], [ 43610.063439328419918, 11964.077301045335844 ], [ 43610.070710678119212, 11964.070710678119212 ], [ 43627.070710678119212, 11947.070710678119212 ], [ 43627.077301045334025, 11947.06343932841628 ], [ 43627.08314696123125, 11947.055557023302754 ], [ 43627.088192126437207, 11947.047139673682977 ], [ 43627.092387953249272, 11947.038268343236268 ], [ 43627.095694033574546, 11947.029028467724856 ], [ 43627.098078528040787, 11947.019509032201313 ], [ 43627.099518472670752, 11947.009801714033529 ], [ 43627.099999999998545, 11947.0 ], [ 43627.099999999998545, 11931.0 ], [ 43627.099518472670752, 11930.990198285966471 ], [ 43627.098078528040787, 11930.980490967798687 ], [ 43627.095694033574546, 11930.970971532275144 ], [ 43627.092387953249272, 11930.961731656763732 ], [ 43627.088192126437207, 11930.952860326317023 ], [ 43627.08314696123125, 11930.944442976697246 ], [ 43627.077301045334025, 11930.93656067158372 ], [ 43627.070710678119212, 11930.929289321880788 ], [ 43627.063439328419918, 11930.922698954664156 ], [ 43627.055557023304573, 11930.916853038770569 ], [ 43627.047139673682977, 11930.911807873564612 ], [ 43627.038268343239906, 11930.907612046748909 ], [ 43627.029028467724856, 11930.904305966427273 ], [ 43627.019509032201313, 11930.901921471959213 ], [ 43627.009801714033529, 11930.900481527332886 ], [ 43627.0, 11930.9 ], [ 43577.0, 11930.9 ], [ 43576.990198285966471, 11930.900481527332886 ], [ 43576.980490967798687, 11930.901921471959213 ], [ 43576.970971532275144, 11930.904305966427273 ], [ 43576.961731656760094, 11930.907612046748909 ], [ 43576.952860326317023, 11930.911807873564612 ], [ 43576.944442976695427, 11930.916853038770569 ], [ 43576.936560671580082, 11930.922698954664156 ], [ 43576.929289321880788, 11930.929289321880788 ], [ 43560.95857864376012, 11946.9 ], [ 43528.0, 11946.9 ], [ 43527.989821508555906, 11946.900519357099256 ], [ 43527.979748742538504, 11946.902072033763034 ], [ 43527.969886329214205, 11946.904641902116055 ], [ 43527.960336710864794, 11946.908202268572495 ], [ 43527.951199080729566, 11946.91271615110054 ], [ 43527.942568352678791, 11946.91813666336202 ], [ 43527.934534175292356, 11946.924407501723181 ], [ 43527.927180000733642, 11946.931463530099791 ], [ 43511.956792734948976, 11963.9 ], [ 43495.0, 11963.9 ], [ 43494.990198285966471, 11963.900481527332886 ], [ 43494.980490967798687, 11963.901921471959213 ], [ 43494.970971532275144, 11963.904305966427273 ], [ 43494.961731656760094, 11963.907612046748909 ], [ 43494.952860326317023, 11963.911807873564612 ], [ 43494.944442976695427, 11963.916853038770569 ], [ 43494.936560671580082, 11963.922698954664156 ], [ 43494.929289321880788, 11963.929289321880788 ], [ 43478.95857864376012, 11979.9 ], [ 43462.0, 11979.9 ], [ 43461.989821508555906, 11979.900519357099256 ], [ 43461.979748742538504, 11979.902072033763034 ], [ 43461.969886329214205, 11979.904641902116055 ], [ 43461.960336710864794, 11979.908202268572495 ], [ 43461.951199080729566, 11979.91271615110054 ], [ 43461.942568352678791, 11979.91813666336202 ], [ 43461.934534175292356, 11979.924407501723181 ], [ 43461.927180000733642, 11979.931463530099791 ], [ 43445.956792734948976, 11996.9 ], [ 43429.0, 11996.9 ], [ 43428.990198285966471, 11996.900481527332886 ], [ 43428.980490967798687, 11996.901921471959213 ], [ 43428.970971532275144, 11996.904305966427273 ], [ 43428.961731656760094, 11996.907612046748909 ], [ 43428.952860326317023, 11996.911807873564612 ], [ 43428.944442976695427, 11996.916853038770569 ], [ 43428.936560671580082, 11996.922698954664156 ], [ 43428.929289321880788, 11996.929289321880788 ], [ 43412.95857864376012, 12012.9 ], [ 43396.04142135623988, 12012.9 ], [ 43380.099999999998545, 11996.95857864376012 ], [ 43380.099999999998545, 11865.0 ], [ 43380.099518472670752, 11864.990198285966471 ], [ 43380.098078528040787, 11864.980490967798687 ], [ 43380.095694033574546, 11864.970971532275144 ], [ 43380.092387953249272, 11864.961731656763732 ], [ 43380.088192126437207, 11864.952860326317023 ], [ 43380.08314696123125, 11864.944442976697246 ], [ 43380.077301045334025, 11864.93656067158372 ], [ 43380.070710678119212, 11864.929289321880788 ], [ 43363.099999999998545, 11847.95857864376012 ], [ 43363.099999999998545, 11799.043207265061938 ], [ 43380.039657719127717, 11783.1 ], [ 43428.960342280872283, 11783.1 ], [ 43445.931463530097972, 11799.072819999269996 ], [ 43445.938631739205448, 11799.078955282071547 ], [ 43445.946346278738929, 11799.084387666131079 ], [ 43445.954538470083207, 11799.089068789695375 ], [ 43445.963135382320615, 11799.092956979100563 ], [ 43445.972060481508379, 11799.096017619771374 ], [ 43445.981234312028391, 11799.09822346438159 ], [ 43445.990575203933986, 11799.099554875416288 ], [ 43446.0, 11799.1 ], [ 43462.0, 11799.1 ], [ 43462.009424796066014, 11799.099554875416288 ], [ 43462.018765687971609, 11799.09822346438159 ], [ 43462.027939518491621, 11799.096017619771374 ], [ 43462.036864617679385, 11799.092956979100563 ], [ 43462.045461529916793, 11799.089068789695375 ], [ 43462.053653721261071, 11799.084387666131079 ], [ 43462.061368260794552, 11799.078955282071547 ], [ 43462.068536469902028, 11799.072819999269996 ], [ 43479.039657719127717, 11783.1 ], [ 43527.95857864376012, 11783.1 ], [ 43543.900000000001455, 11799.04142135623988 ], [ 43543.900000000001455, 11816.0 ], [ 43543.900481527329248, 11816.009801714033529 ], [ 43543.901921471959213, 11816.019509032201313 ], [ 43543.904305966425454, 11816.029028467724856 ], [ 43543.907612046750728, 11816.038268343236268 ], [ 43543.911807873562793, 11816.047139673682977 ], [ 43543.91685303876875, 11816.055557023302754 ], [ 43543.922698954665975, 11816.06343932841628 ], [ 43543.929289321880788, 11816.070710678119212 ], [ 43543.936560671580082, 11816.077301045335844 ], [ 43543.944442976695427, 11816.083146961229431 ], [ 43543.952860326317023, 11816.088192126435388 ], [ 43543.961731656760094, 11816.092387953251091 ], [ 43543.970971532275144, 11816.095694033572727 ], [ 43543.980490967798687, 11816.098078528040787 ], [ 43543.990198285966471, 11816.099518472667114 ], [ 43544.0, 11816.1 ], [ 43561.0, 11816.1 ], [ 43561.010178491444094, 11816.099480642900744 ], [ 43561.020251257461496, 11816.097927966236966 ], [ 43561.030113670785795, 11816.095358097883945 ], [ 43561.039663289135206, 11816.091797731427505 ], [ 43561.048800919270434, 11816.08728384889946 ], [ 43561.057431647321209, 11816.08186333663798 ], [ 43561.065465824707644, 11816.075592498276819 ], [ 43561.072819999266358, 11816.068536469900209 ], [ 43577.002175206245738, 11799.143596562484163 ], [ 43609.929289321880788, 11832.070710678119212 ], [ 43609.936560671580082, 11832.077301045335844 ], [ 43609.944442976695427, 11832.083146961229431 ], [ 43609.952860326317023, 11832.088192126435388 ], [ 43609.961731656760094, 11832.092387953251091 ], [ 43609.970971532275144, 11832.095694033572727 ], [ 43609.980490967798687, 11832.098078528040787 ], [ 43609.990198285966471, 11832.099518472667114 ], [ 43610.0, 11832.1 ], [ 43643.0, 11832.1 ], [ 43643.009424796066014, 11832.099554875416288 ], [ 43643.018765687971609, 11832.09822346438159 ], [ 43643.027939518491621, 11832.096017619771374 ], [ 43643.036864617679385, 11832.092956979100563 ], [ 43643.045461529916793, 11832.089068789695375 ], [ 43643.053653721261071, 11832.084387666131079 ], [ 43643.061368260794552, 11832.078955282071547 ], [ 43643.068536469902028, 11832.072819999269996 ], [ 43660.039657719127717, 11816.1 ], [ 43676.0, 11816.1 ], [ 43676.009801714033529, 11816.099518472667114 ], [ 43676.019509032201313, 11816.098078528040787 ], [ 43676.029028467724856, 11816.095694033572727 ], [ 43676.038268343239906, 11816.092387953251091 ], [ 43676.047139673682977, 11816.088192126435388 ], [ 43676.055557023304573, 11816.083146961229431 ], [ 43676.063439328419918, 11816.077301045335844 ], [ 43676.070710678119212, 11816.070710678119212 ], [ 43676.077301045334025, 11816.06343932841628 ], [ 43676.08314696123125, 11816.055557023302754 ], [ 43676.088192126437207, 11816.047139673682977 ], [ 43676.092387953249272, 11816.038268343236268 ], [ 43676.095694033574546, 11816.029028467724856 ], [ 43676.098078528040787, 11816.019509032201313 ], [ 43676.099518472670752, 11816.009801714033529 ], [ 43676.099999999998545, 11816.0 ], [ 43676.099999999998545, 11799.043207265061938 ], [ 43693.068536469902028, 11783.072819999269996 ], [ 43693.075592498273181, 11783.065465824705825 ], [ 43693.081863336636161, 11783.057431647324847 ], [ 43693.087283848901279, 11783.048800919268615 ], [ 43693.091797731423867, 11783.039663289135206 ], [ 43693.095358097882126, 11783.030113670783976 ], [ 43693.097927966235147, 11783.020251257459677 ], [ 43693.099480642900744, 11783.010178491447732 ], [ 43693.099999999998545, 11783.0 ], [ 43693.099999999998545, 11766.0 ], [ 43693.099480642900744, 11765.989821508552268 ], [ 43693.097927966235147, 11765.979748742540323 ], [ 43693.095358097882126, 11765.969886329216024 ], [ 43693.091797731423867, 11765.960336710864794 ], [ 43693.087283848901279, 11765.951199080731385 ], [ 43693.081863336636161, 11765.942568352675153 ], [ 43693.075592498273181, 11765.934534175294175 ], [ 43693.068536469902028, 11765.927180000730004 ], [ 43676.143596562484163, 11749.997824793750624 ], [ 43693.070710678119212, 11733.070710678119212 ], [ 43693.077301045334025, 11733.06343932841628 ], [ 43693.08314696123125, 11733.055557023302754 ], [ 43693.088192126437207, 11733.047139673682977 ], [ 43693.092387953249272, 11733.038268343236268 ], [ 43693.095694033574546, 11733.029028467724856 ], [ 43693.098078528040787, 11733.019509032201313 ], [ 43693.099518472670752, 11733.009801714033529 ], [ 43693.099999999998545, 11733.0 ], [ 43693.099999999998545, 11667.04142135623988 ], [ 43709.070710678119212, 11651.070710678119212 ], [ 43709.077301045334025, 11651.06343932841628 ], [ 43709.08314696123125, 11651.055557023302754 ], [ 43709.088192126437207, 11651.047139673682977 ], [ 43709.092387953249272, 11651.038268343236268 ], [ 43709.095694033574546, 11651.029028467724856 ], [ 43709.098078528040787, 11651.019509032201313 ], [ 43709.099518472670752, 11651.009801714033529 ], [ 43709.099999999998545, 11651.0 ], [ 43709.099999999998545, 11585.043207265061938 ], [ 43725.997889710604795, 11569.13931106684322 ], [ 43741.900000000001455, 11585.04142135623988 ], [ 43741.900000000001455, 11635.0 ], [ 43741.900481527329248, 11635.009801714033529 ], [ 43741.901921471959213, 11635.019509032201313 ], [ 43741.904305966425454, 11635.029028467724856 ], [ 43741.907612046750728, 11635.038268343236268 ], [ 43741.911807873562793, 11635.047139673682977 ], [ 43741.91685303876875, 11635.055557023302754 ], [ 43741.922698954665975, 11635.06343932841628 ], [ 43741.929289321880788, 11635.070710678119212 ], [ 43757.900000000001455, 11651.04142135623988 ], [ 43757.900000000001455, 11700.0 ], [ 43757.900481527329248, 11700.009801714033529 ], [ 43757.901921471959213, 11700.019509032201313 ], [ 43757.904305966425454, 11700.029028467724856 ], [ 43757.907612046750728, 11700.038268343236268 ], [ 43757.911807873562793, 11700.047139673682977 ], [ 43757.91685303876875, 11700.055557023302754 ], [ 43757.922698954665975, 11700.06343932841628 ], [ 43757.929289321880788, 11700.070710678119212 ], [ 43774.900000000001455, 11717.04142135623988 ], [ 43774.900000000001455, 11750.0 ], [ 43774.900481527329248, 11750.009801714033529 ], [ 43774.901921471959213, 11750.019509032201313 ], [ 43774.904305966425454, 11750.029028467724856 ], [ 43774.907612046750728, 11750.038268343236268 ], [ 43774.911807873562793, 11750.047139673682977 ], [ 43774.91685303876875, 11750.055557023302754 ], [ 43774.922698954665975, 11750.06343932841628 ], [ 43774.929289321880788, 11750.070710678119212 ], [ 43790.929289321880788, 11766.070710678119212 ], [ 43790.936560671580082, 11766.077301045335844 ], [ 43790.944442976695427, 11766.083146961229431 ], [ 43790.952860326317023, 11766.088192126435388 ], [ 43790.961731656760094, 11766.092387953251091 ], [ 43790.970971532275144, 11766.095694033572727 ], [ 43790.980490967798687, 11766.098078528040787 ], [ 43790.990198285966471, 11766.099518472667114 ], [ 43791.0, 11766.1 ], [ 43808.0, 11766.1 ], [ 43808.009801714033529, 11766.099518472667114 ], [ 43808.019509032201313, 11766.098078528040787 ], [ 43808.029028467724856, 11766.095694033572727 ], [ 43808.038268343239906, 11766.092387953251091 ], [ 43808.047139673682977, 11766.088192126435388 ], [ 43808.055557023304573, 11766.083146961229431 ], [ 43808.063439328419918, 11766.077301045335844 ], [ 43808.070710678119212, 11766.070710678119212 ], [ 43808.077301045334025, 11766.06343932841628 ], [ 43808.08314696123125, 11766.055557023302754 ], [ 43808.088192126437207, 11766.047139673682977 ], [ 43808.092387953249272, 11766.038268343236268 ], [ 43808.095694033574546, 11766.029028467724856 ], [ 43808.098078528040787, 11766.019509032201313 ], [ 43808.099518472670752, 11766.009801714033529 ], [ 43808.099999999998545, 11766.0 ], [ 43808.099999999998545, 11717.0 ], [ 43808.099518472670752, 11716.990198285966471 ], [ 43808.098078528040787, 11716.980490967798687 ], [ 43808.095694033574546, 11716.970971532275144 ], [ 43808.092387953249272, 11716.961731656763732 ], [ 43808.088192126437207, 11716.952860326317023 ], [ 43808.08314696123125, 11716.944442976697246 ], [ 43808.077301045334025, 11716.93656067158372 ], [ 43808.070710678119212, 11716.929289321880788 ], [ 43791.099999999998545, 11699.95857864376012 ], [ 43791.099999999998545, 11536.0 ], [ 43791.099554875414469, 11535.990575203930348 ], [ 43791.09822346438159, 11535.98123431203021 ], [ 43791.096017619769555, 11535.972060481510198 ], [ 43791.092956979096925, 11535.963135382320615 ], [ 43791.089068789697194, 11535.954538470085026 ], [ 43791.084387666131079, 11535.946346278740748 ], [ 43791.078955282071547, 11535.938631739203629 ], [ 43791.072819999266358, 11535.931463530099791 ], [ 43775.099999999998545, 11518.96034228087774 ], [ 43775.099999999998545, 11503.03965771912226 ], [ 43791.072819999266358, 11486.068536469900209 ], [ 43791.078955282071547, 11486.061368260796371 ], [ 43791.084387666131079, 11486.053653721259252 ], [ 43791.089068789697194, 11486.045461529914974 ], [ 43791.092956979096925, 11486.036864617679385 ], [ 43791.096017619769555, 11486.027939518489802 ], [ 43791.09822346438159, 11486.01876568796979 ], [ 43791.099554875414469, 11486.009424796069652 ], [ 43791.099999999998545, 11486.0 ], [ 43791.099999999998545, 11272.0 ], [ 43791.099518472670752, 11271.990198285966471 ], [ 43791.098078528040787, 11271.980490967798687 ], [ 43791.095694033574546, 11271.970971532275144 ], [ 43791.092387953249272, 11271.961731656763732 ], [ 43791.088192126437207, 11271.952860326317023 ], [ 43791.08314696123125, 11271.944442976697246 ], [ 43791.077301045334025, 11271.93656067158372 ], [ 43791.070710678119212, 11271.929289321880788 ], [ 43775.070710678119212, 11255.929289321880788 ], [ 43775.068536469902028, 11255.927180000730004 ], [ 43758.070743136500823, 11239.929256863410046 ], [ 43742.099999999998545, 11222.96034228087774 ], [ 43742.099999999998545, 11190.0 ], [ 43742.099518472670752, 11189.990198285966471 ], [ 43742.098078528040787, 11189.980490967798687 ], [ 43742.095694033574546, 11189.970971532275144 ], [ 43742.092387953249272, 11189.961731656763732 ], [ 43742.088192126437207, 11189.952860326317023 ], [ 43742.08314696123125, 11189.944442976697246 ], [ 43742.077301045334025, 11189.93656067158372 ], [ 43742.070710678119212, 11189.929289321880788 ], [ 43709.099999999998545, 11156.95857864376012 ], [ 43709.099999999998545, 11091.043207265061938 ], [ 43726.039657719127717, 11075.1 ], [ 43742.0, 11075.1 ], [ 43742.009801714033529, 11075.099518472667114 ], [ 43742.019509032201313, 11075.098078528040787 ], [ 43742.029028467724856, 11075.095694033572727 ], [ 43742.038268343239906, 11075.092387953251091 ], [ 43742.047139673682977, 11075.088192126435388 ], [ 43742.055557023304573, 11075.083146961229431 ], [ 43742.063439328419918, 11075.077301045335844 ], [ 43742.070710678119212, 11075.070710678119212 ], [ 43742.077301045334025, 11075.06343932841628 ], [ 43742.08314696123125, 11075.055557023302754 ], [ 43742.088192126437207, 11075.047139673682977 ], [ 43742.092387953249272, 11075.038268343236268 ], [ 43742.095694033574546, 11075.029028467724856 ], [ 43742.098078528040787, 11075.019509032201313 ], [ 43742.099518472670752, 11075.009801714033529 ], [ 43742.099999999998545, 11075.0 ], [ 43742.099999999998545, 11059.03965771912226 ], [ 43758.043207265051024, 11042.1 ], [ 43774.956792734948976, 11042.1 ], [ 43790.900000000001455, 11059.03965771912226 ], [ 43790.900000000001455, 11075.0 ], [ 43790.900519357099256, 11075.010178491447732 ], [ 43790.902072033764853, 11075.020251257459677 ], [ 43790.904641902117874, 11075.030113670783976 ], [ 43790.908202268576133, 11075.039663289135206 ], [ 43790.912716151098721, 11075.048800919268615 ], [ 43790.918136663363839, 11075.057431647324847 ], [ 43790.924407501726819, 11075.065465824705825 ], [ 43790.931463530097972, 11075.072819999269996 ], [ 43807.929256863499177, 11091.070743136589954 ], [ 43823.927180000733642, 11108.068536469900209 ], [ 43823.931463530097972, 11108.072819999269996 ], [ 43840.931463530097972, 11124.072819999269996 ], [ 43840.938631739205448, 11124.078955282071547 ], [ 43840.946346278738929, 11124.084387666131079 ], [ 43840.954538470083207, 11124.089068789695375 ], [ 43840.963135382320615, 11124.092956979100563 ], [ 43840.972060481508379, 11124.096017619771374 ], [ 43840.981234312028391, 11124.09822346438159 ], [ 43840.990575203933986, 11124.099554875416288 ], [ 43841.0, 11124.1 ], [ 43856.95857864376012, 11124.1 ], [ 43873.929289321880788, 11141.070710678119212 ], [ 43873.936560671580082, 11141.077301045335844 ], [ 43873.944442976695427, 11141.083146961229431 ], [ 43873.952860326317023, 11141.088192126435388 ], [ 43873.961731656760094, 11141.092387953251091 ], [ 43873.970971532275144, 11141.095694033572727 ], [ 43873.980490967798687, 11141.098078528040787 ], [ 43873.990198285966471, 11141.099518472667114 ], [ 43874.0, 11141.1 ], [ 43889.960342280872283, 11141.1 ], [ 43906.931463530097972, 11157.072819999269996 ], [ 43906.938631739205448, 11157.078955282071547 ], [ 43906.946346278738929, 11157.084387666131079 ], [ 43906.954538470083207, 11157.089068789695375 ], [ 43906.963135382320615, 11157.092956979100563 ], [ 43906.972060481508379, 11157.096017619771374 ], [ 43906.981234312028391, 11157.09822346438159 ], [ 43906.990575203933986, 11157.099554875416288 ], [ 43907.0, 11157.1 ], [ 44038.0, 11157.1 ], [ 44038.009801714033529, 11157.099518472667114 ], [ 44038.019509032201313, 11157.098078528040787 ], [ 44038.029028467724856, 11157.095694033572727 ], [ 44038.038268343239906, 11157.092387953251091 ], [ 44038.047139673682977, 11157.088192126435388 ], [ 44038.055557023304573, 11157.083146961229431 ], [ 44038.063439328419918, 11157.077301045335844 ], [ 44038.070710678119212, 11157.070710678119212 ], [ 44038.077301045334025, 11157.06343932841628 ], [ 44038.08314696123125, 11157.055557023302754 ], [ 44038.088192126437207, 11157.047139673682977 ], [ 44038.092387953249272, 11157.038268343236268 ], [ 44038.095694033574546, 11157.029028467724856 ], [ 44038.098078528040787, 11157.019509032201313 ], [ 44038.099518472670752, 11157.009801714033529 ], [ 44038.099999999998545, 11157.0 ], [ 44038.099999999998545, 11124.0 ], [ 44038.099518472670752, 11123.990198285966471 ], [ 44038.098078528040787, 11123.980490967798687 ], [ 44038.095694033574546, 11123.970971532275144 ], [ 44038.092387953249272, 11123.961731656763732 ], [ 44038.088192126437207, 11123.952860326317023 ], [ 44038.08314696123125, 11123.944442976697246 ], [ 44038.077301045334025, 11123.93656067158372 ], [ 44038.070710678119212, 11123.929289321880788 ], [ 44005.143596562484163, 11091.002175206249376 ], [ 44022.068536469902028, 11075.072819999269996 ], [ 44022.075592498273181, 11075.065465824705825 ], [ 44022.081863336636161, 11075.057431647324847 ], [ 44022.087283848901279, 11075.048800919268615 ], [ 44022.091797731423867, 11075.039663289135206 ], [ 44022.095358097882126, 11075.030113670783976 ], [ 44022.097927966235147, 11075.020251257459677 ], [ 44022.099480642900744, 11075.010178491447732 ], [ 44022.099999999998545, 11075.0 ], [ 44022.099999999998545, 11042.0 ], [ 44022.099480642900744, 11041.989821508552268 ], [ 44022.097927966235147, 11041.979748742540323 ], [ 44022.095358097882126, 11041.969886329216024 ], [ 44022.091797731423867, 11041.960336710864794 ], [ 44022.087283848901279, 11041.951199080731385 ], [ 44022.081863336636161, 11041.942568352675153 ], [ 44022.075592498273181, 11041.934534175294175 ], [ 44022.068536469902028, 11041.927180000730004 ], [ 44005.068536469902028, 11025.927180000730004 ], [ 44005.061368260794552, 11025.921044717928453 ], [ 44005.053653721261071, 11025.915612333868921 ], [ 44005.045461529916793, 11025.910931210304625 ], [ 44005.036864617679385, 11025.907043020899437 ], [ 44005.027939518491621, 11025.903982380228626 ], [ 44005.018765687971609, 11025.90177653561841 ], [ 44005.009424796066014, 11025.900445124583712 ], [ 44005.0, 11025.9 ], [ 43989.04142135623988, 11025.9 ], [ 43972.070710678119212, 11008.929289321880788 ], [ 43972.063439328419918, 11008.922698954664156 ], [ 43972.055557023304573, 11008.916853038770569 ], [ 43972.047139673682977, 11008.911807873564612 ], [ 43972.038268343239906, 11008.907612046748909 ], [ 43972.029028467724856, 11008.904305966427273 ], [ 43972.019509032201313, 11008.901921471959213 ], [ 43972.009801714033529, 11008.900481527332886 ], [ 43972.0, 11008.9 ], [ 43939.04142135623988, 11008.9 ], [ 43923.071781806116633, 10992.930360449878208 ], [ 43907.13931106684322, 10976.002110289397024 ], [ 43923.04142135623988, 10960.1 ], [ 43956.0, 10960.1 ], [ 43956.010178491444094, 10960.099480642900744 ], [ 43956.020251257461496, 10960.097927966236966 ], [ 43956.030113670785795, 10960.095358097883945 ], [ 43956.039663289135206, 10960.091797731427505 ], [ 43956.048800919270434, 10960.08728384889946 ], [ 43956.057431647321209, 10960.08186333663798 ], [ 43956.065465824707644, 10960.075592498276819 ], [ 43956.072819999266358, 10960.068536469900209 ], [ 43972.072819999266358, 10943.068536469900209 ], [ 43972.078955282071547, 10943.061368260796371 ], [ 43972.084387666131079, 10943.053653721259252 ], [ 43972.089068789697194, 10943.045461529914974 ], [ 43972.092956979096925, 10943.036864617679385 ], [ 43972.096017619769555, 10943.027939518489802 ], [ 43972.09822346438159, 10943.01876568796979 ], [ 43972.099554875414469, 10943.009424796069652 ], [ 43972.099999999998545, 10943.0 ], [ 43972.099999999998545, 10894.043207265061938 ], [ 43989.068536469902028, 10878.072819999269996 ], [ 43989.075592498273181, 10878.065465824705825 ], [ 43989.081863336636161, 10878.057431647324847 ], [ 43989.087283848901279, 10878.048800919268615 ], [ 43989.091797731423867, 10878.039663289135206 ], [ 43989.095358097882126, 10878.030113670783976 ], [ 43989.097927966235147, 10878.020251257459677 ], [ 43989.099480642900744, 10878.010178491447732 ], [ 43989.099999999998545, 10878.0 ], [ 43989.099999999998545, 10861.04142135623988 ], [ 44005.070710678119212, 10845.070710678119212 ], [ 44005.077301045334025, 10845.06343932841628 ], [ 44005.08314696123125, 10845.055557023302754 ], [ 44005.088192126437207, 10845.047139673682977 ], [ 44005.092387953249272, 10845.038268343236268 ], [ 44005.095694033574546, 10845.029028467724856 ], [ 44005.098078528040787, 10845.019509032201313 ], [ 44005.099518472670752, 10845.009801714033529 ], [ 44005.099999999998545, 10845.0 ], [ 44005.099999999998545, 10828.043207265061938 ], [ 44022.068536469902028, 10812.072819999269996 ], [ 44022.075592498273181, 10812.065465824705825 ], [ 44022.081863336636161, 10812.057431647324847 ], [ 44022.087283848901279, 10812.048800919268615 ], [ 44022.091797731423867, 10812.039663289135206 ], [ 44022.095358097882126, 10812.030113670783976 ], [ 44022.097927966235147, 10812.020251257459677 ], [ 44022.099480642900744, 10812.010178491447732 ], [ 44022.099999999998545, 10812.0 ], [ 44022.099999999998545, 10779.0 ], [ 44022.099518472670752, 10778.990198285966471 ], [ 44022.098078528040787, 10778.980490967798687 ], [ 44022.095694033574546, 10778.970971532275144 ], [ 44022.092387953249272, 10778.961731656763732 ], [ 44022.088192126437207, 10778.952860326317023 ], [ 44022.08314696123125, 10778.944442976697246 ], [ 44022.077301045334025, 10778.93656067158372 ], [ 44022.070710678119212, 10778.929289321880788 ], [ 44022.063439328419918, 10778.922698954664156 ], [ 44022.055557023304573, 10778.916853038770569 ], [ 44022.047139673682977, 10778.911807873564612 ], [ 44022.038268343239906, 10778.907612046748909 ], [ 44022.029028467724856, 10778.904305966427273 ], [ 44022.019509032201313, 10778.901921471959213 ], [ 44022.009801714033529, 10778.900481527332886 ], [ 44022.0, 10778.9 ], [ 43989.04142135623988, 10778.9 ], [ 43972.143596562484163, 10762.002175206249376 ], [ 43989.068536469902028, 10746.072819999269996 ], [ 43989.075592498273181, 10746.065465824705825 ], [ 43989.081863336636161, 10746.057431647324847 ], [ 43989.087283848901279, 10746.048800919268615 ], [ 43989.091797731423867, 10746.039663289135206 ], [ 43989.095358097882126, 10746.030113670783976 ], [ 43989.097927966235147, 10746.020251257459677 ], [ 43989.099480642900744, 10746.010178491447732 ], [ 43989.099999999998545, 10746.0 ], [ 43989.099999999998545, 10729.04142135623988 ], [ 44005.070710678119212, 10713.070710678119212 ], [ 44005.077301045334025, 10713.06343932841628 ], [ 44005.08314696123125, 10713.055557023302754 ], [ 44005.088192126437207, 10713.047139673682977 ], [ 44005.092387953249272, 10713.038268343236268 ], [ 44005.095694033574546, 10713.029028467724856 ], [ 44005.098078528040787, 10713.019509032201313 ], [ 44005.099518472670752, 10713.009801714033529 ], [ 44005.099999999998545, 10713.0 ], [ 44005.099999999998545, 10664.04142135623988 ], [ 44022.070710678119212, 10647.070710678119212 ], [ 44022.077301045334025, 10647.06343932841628 ], [ 44022.08314696123125, 10647.055557023302754 ], [ 44022.088192126437207, 10647.047139673682977 ], [ 44022.092387953249272, 10647.038268343236268 ], [ 44022.095694033574546, 10647.029028467724856 ], [ 44022.098078528040787, 10647.019509032201313 ], [ 44022.099518472670752, 10647.009801714033529 ], [ 44022.099999999998545, 10647.0 ], [ 44022.099999999998545, 10631.03965771912226 ], [ 44038.070743136500823, 10614.070743136589954 ], [ 44055.068536469902028, 10598.072819999269996 ], [ 44055.075592498273181, 10598.065465824705825 ], [ 44055.081863336636161, 10598.057431647324847 ], [ 44055.087283848901279, 10598.048800919268615 ], [ 44055.091797731423867, 10598.039663289135206 ], [ 44055.095358097882126, 10598.030113670783976 ], [ 44055.097927966235147, 10598.020251257459677 ], [ 44055.099480642900744, 10598.010178491447732 ], [ 44055.099999999998545, 10598.0 ], [ 44055.099999999998545, 10581.04142135623988 ], [ 44088.070710678119212, 10548.070710678119212 ], [ 44088.077301045334025, 10548.06343932841628 ], [ 44088.08314696123125, 10548.055557023302754 ], [ 44088.088192126437207, 10548.047139673682977 ], [ 44088.092387953249272, 10548.038268343236268 ], [ 44088.095694033574546, 10548.029028467724856 ], [ 44088.098078528040787, 10548.019509032201313 ], [ 44088.099518472670752, 10548.009801714033529 ], [ 44088.099999999998545, 10548.0 ], [ 44088.099999999998545, 10499.0 ], [ 44088.099518472670752, 10498.990198285966471 ], [ 44088.098078528040787, 10498.980490967798687 ], [ 44088.095694033574546, 10498.970971532275144 ], [ 44088.092387953249272, 10498.961731656763732 ], [ 44088.088192126437207, 10498.952860326317023 ], [ 44088.08314696123125, 10498.944442976697246 ], [ 44088.077301045334025, 10498.93656067158372 ], [ 44088.070710678119212, 10498.929289321880788 ], [ 44088.063439328419918, 10498.922698954664156 ], [ 44088.055557023304573, 10498.916853038770569 ], [ 44088.047139673682977, 10498.911807873564612 ], [ 44088.038268343239906, 10498.907612046748909 ], [ 44088.029028467724856, 10498.904305966427273 ], [ 44088.019509032201313, 10498.901921471959213 ], [ 44088.009801714033529, 10498.900481527332886 ], [ 44088.0, 10498.9 ], [ 44071.0, 10498.9 ], [ 44070.990198285966471, 10498.900481527332886 ], [ 44070.980490967798687, 10498.901921471959213 ], [ 44070.970971532275144, 10498.904305966427273 ], [ 44070.961731656760094, 10498.907612046748909 ], [ 44070.952860326317023, 10498.911807873564612 ], [ 44070.944442976695427, 10498.916853038770569 ], [ 44070.936560671580082, 10498.922698954664156 ], [ 44070.929289321880788, 10498.929289321880788 ], [ 44054.997889710604795, 10514.86068893315678 ], [ 44038.099999999998545, 10498.956792734938062 ], [ 44038.099999999998545, 10417.0 ], [ 44038.099554875414469, 10416.990575203930348 ], [ 44038.09822346438159, 10416.98123431203021 ], [ 44038.096017619769555, 10416.972060481510198 ], [ 44038.092956979096925, 10416.963135382320615 ], [ 44038.089068789697194, 10416.954538470085026 ], [ 44038.084387666131079, 10416.946346278740748 ], [ 44038.078955282071547, 10416.938631739203629 ], [ 44038.072819999266358, 10416.931463530099791 ], [ 44022.13931106684322, 10400.002110289397024 ], [ 44038.070710678119212, 10384.070710678119212 ], [ 44038.077301045334025, 10384.06343932841628 ], [ 44038.08314696123125, 10384.055557023302754 ], [ 44038.088192126437207, 10384.047139673682977 ], [ 44038.092387953249272, 10384.038268343236268 ], [ 44038.095694033574546, 10384.029028467724856 ], [ 44038.098078528040787, 10384.019509032201313 ], [ 44038.099518472670752, 10384.009801714033529 ], [ 44038.099999999998545, 10384.0 ], [ 44038.099999999998545, 10351.0 ], [ 44038.099554875414469, 10350.990575203930348 ], [ 44038.09822346438159, 10350.98123431203021 ], [ 44038.096017619769555, 10350.972060481510198 ], [ 44038.092956979096925, 10350.963135382320615 ], [ 44038.089068789697194, 10350.954538470085026 ], [ 44038.084387666131079, 10350.946346278740748 ], [ 44038.078955282071547, 10350.938631739203629 ], [ 44038.072819999266358, 10350.931463530099791 ], [ 44022.099999999998545, 10333.96034228087774 ], [ 44022.099999999998545, 10318.0 ], [ 44022.099518472670752, 10317.990198285966471 ], [ 44022.098078528040787, 10317.980490967798687 ], [ 44022.095694033574546, 10317.970971532275144 ], [ 44022.092387953249272, 10317.961731656763732 ], [ 44022.088192126437207, 10317.952860326317023 ], [ 44022.08314696123125, 10317.944442976697246 ], [ 44022.077301045334025, 10317.93656067158372 ], [ 44022.070710678119212, 10317.929289321880788 ], [ 44022.063439328419918, 10317.922698954664156 ], [ 44022.055557023304573, 10317.916853038770569 ], [ 44022.047139673682977, 10317.911807873564612 ], [ 44022.038268343239906, 10317.907612046748909 ], [ 44022.029028467724856, 10317.904305966427273 ], [ 44022.019509032201313, 10317.901921471959213 ], [ 44022.009801714033529, 10317.900481527332886 ], [ 44022.0, 10317.9 ], [ 44005.04142135623988, 10317.9 ], [ 43989.13931106684322, 10301.997889710602976 ], [ 44005.070743136500823, 10285.070743136589954 ], [ 44022.068536469902028, 10269.072819999269996 ], [ 44022.075592498273181, 10269.065465824705825 ], [ 44022.081863336636161, 10269.057431647324847 ], [ 44022.087283848901279, 10269.048800919268615 ], [ 44022.091797731423867, 10269.039663289135206 ], [ 44022.095358097882126, 10269.030113670783976 ], [ 44022.097927966235147, 10269.020251257459677 ], [ 44022.099480642900744, 10269.010178491447732 ], [ 44022.099999999998545, 10269.0 ], [ 44022.099999999998545, 10186.04142135623988 ], [ 44038.070710678119212, 10170.070710678119212 ], [ 44038.077301045334025, 10170.06343932841628 ], [ 44038.08314696123125, 10170.055557023302754 ], [ 44038.088192126437207, 10170.047139673682977 ], [ 44038.092387953249272, 10170.038268343236268 ], [ 44038.095694033574546, 10170.029028467724856 ], [ 44038.098078528040787, 10170.019509032201313 ], [ 44038.099518472670752, 10170.009801714033529 ], [ 44038.099999999998545, 10170.0 ], [ 44038.099999999998545, 10153.043207265061938 ], [ 44055.039657719127717, 10137.1 ], [ 44088.0, 10137.1 ], [ 44088.009801714033529, 10137.099518472667114 ], [ 44088.019509032201313, 10137.098078528040787 ], [ 44088.029028467724856, 10137.095694033572727 ], [ 44088.038268343239906, 10137.092387953251091 ], [ 44088.047139673682977, 10137.088192126435388 ], [ 44088.055557023304573, 10137.083146961229431 ], [ 44088.063439328419918, 10137.077301045335844 ], [ 44088.070710678119212, 10137.070710678119212 ], [ 44088.077301045334025, 10137.06343932841628 ], [ 44088.08314696123125, 10137.055557023302754 ], [ 44088.088192126437207, 10137.047139673682977 ], [ 44088.092387953249272, 10137.038268343236268 ], [ 44088.095694033574546, 10137.029028467724856 ], [ 44088.098078528040787, 10137.019509032201313 ], [ 44088.099518472670752, 10137.009801714033529 ], [ 44088.099999999998545, 10137.0 ], [ 44088.099999999998545, 10022.03965771912226 ], [ 44104.072819999266358, 10005.068536469900209 ], [ 44104.078955282071547, 10005.061368260796371 ], [ 44104.084387666131079, 10005.053653721259252 ], [ 44104.089068789697194, 10005.045461529914974 ], [ 44104.092956979096925, 10005.036864617679385 ], [ 44104.096017619769555, 10005.027939518489802 ], [ 44104.09822346438159, 10005.01876568796979 ], [ 44104.099554875414469, 10005.009424796069652 ], [ 44104.099999999998545, 10005.0 ], [ 44104.099999999998545, 9841.0 ], [ 44104.099554875414469, 9840.990575203930348 ], [ 44104.09822346438159, 9840.98123431203021 ], [ 44104.096017619769555, 9840.972060481510198 ], [ 44104.092956979096925, 9840.963135382320615 ], [ 44104.089068789697194, 9840.954538470085026 ], [ 44104.084387666131079, 9840.946346278740748 ], [ 44104.078955282071547, 9840.938631739203629 ], [ 44104.072819999266358, 9840.931463530099791 ], [ 44088.099999999998545, 9823.96034228087774 ], [ 44088.099999999998545, 9791.0 ], [ 44088.099480642900744, 9790.989821508552268 ], [ 44088.097927966235147, 9790.979748742540323 ], [ 44088.095358097882126, 9790.969886329216024 ], [ 44088.091797731423867, 9790.960336710864794 ], [ 44088.087283848901279, 9790.951199080731385 ], [ 44088.081863336636161, 9790.942568352675153 ], [ 44088.075592498273181, 9790.934534175294175 ], [ 44088.068536469902028, 9790.927180000730004 ], [ 44071.099999999998545, 9774.956792734938062 ], [ 44071.099999999998545, 9758.0 ], [ 44071.099518472670752, 9757.990198285966471 ], [ 44071.098078528040787, 9757.980490967798687 ], [ 44071.095694033574546, 9757.970971532275144 ], [ 44071.092387953249272, 9757.961731656763732 ], [ 44071.088192126437207, 9757.952860326317023 ], [ 44071.08314696123125, 9757.944442976697246 ], [ 44071.077301045334025, 9757.93656067158372 ], [ 44071.070710678119212, 9757.929289321880788 ], [ 44071.063439328419918, 9757.922698954664156 ], [ 44071.055557023304573, 9757.916853038770569 ], [ 44071.047139673682977, 9757.911807873564612 ], [ 44071.038268343239906, 9757.907612046748909 ], [ 44071.029028467724856, 9757.904305966427273 ], [ 44071.019509032201313, 9757.901921471959213 ], [ 44071.009801714033529, 9757.900481527332886 ], [ 44071.0, 9757.899999999999636 ], [ 44055.039657719127717, 9757.899999999999636 ], [ 44038.145907719124807, 9742.0 ], [ 44055.068536469902028, 9726.072819999269996 ], [ 44055.072819999266358, 9726.068536469900209 ], [ 44071.072819999266358, 9709.068536469900209 ], [ 44071.078955282071547, 9709.061368260796371 ], [ 44071.084387666131079, 9709.053653721259252 ], [ 44071.089068789697194, 9709.045461529914974 ], [ 44071.092956979096925, 9709.036864617679385 ], [ 44071.096017619769555, 9709.027939518489802 ], [ 44071.09822346438159, 9709.01876568796979 ], [ 44071.099554875414469, 9709.009424796069652 ], [ 44071.099999999998545, 9709.0 ], [ 44071.099999999998545, 9660.04142135623988 ], [ 44088.070710678119212, 9643.070710678119212 ], [ 44088.077301045334025, 9643.06343932841628 ], [ 44088.08314696123125, 9643.055557023302754 ], [ 44088.088192126437207, 9643.047139673682977 ], [ 44088.092387953249272, 9643.038268343236268 ], [ 44088.095694033574546, 9643.029028467724856 ], [ 44088.098078528040787, 9643.019509032201313 ], [ 44088.099518472670752, 9643.009801714033529 ], [ 44088.099999999998545, 9643.0 ], [ 44088.099999999998545, 9610.04142135623988 ], [ 44104.070710678119212, 9594.070710678119212 ], [ 44104.077301045334025, 9594.06343932841628 ], [ 44104.08314696123125, 9594.055557023302754 ], [ 44104.088192126437207, 9594.047139673682977 ], [ 44104.092387953249272, 9594.038268343236268 ], [ 44104.095694033574546, 9594.029028467724856 ], [ 44104.098078528040787, 9594.019509032201313 ], [ 44104.099518472670752, 9594.009801714033529 ], [ 44104.099999999998545, 9594.0 ], [ 44104.099999999998545, 9561.04142135623988 ], [ 44120.070710678119212, 9545.070710678119212 ], [ 44120.077301045334025, 9545.06343932841628 ], [ 44120.08314696123125, 9545.055557023302754 ], [ 44120.088192126437207, 9545.047139673682977 ], [ 44120.092387953249272, 9545.038268343236268 ], [ 44120.095694033574546, 9545.029028467724856 ], [ 44120.098078528040787, 9545.019509032201313 ], [ 44120.099518472670752, 9545.009801714033529 ], [ 44120.099999999998545, 9545.0 ], [ 44120.099999999998545, 9495.043207265061938 ], [ 44137.068536469902028, 9479.072819999269996 ], [ 44137.075592498273181, 9479.065465824705825 ], [ 44137.081863336636161, 9479.057431647324847 ], [ 44137.087283848901279, 9479.048800919268615 ], [ 44137.091797731423867, 9479.039663289135206 ], [ 44137.095358097882126, 9479.030113670783976 ], [ 44137.097927966235147, 9479.020251257459677 ], [ 44137.099480642900744, 9479.010178491447732 ], [ 44137.099999999998545, 9479.0 ], [ 44137.099999999998545, 9462.04142135623988 ], [ 44153.070710678119212, 9446.070710678119212 ], [ 44153.077301045334025, 9446.06343932841628 ], [ 44153.08314696123125, 9446.055557023302754 ], [ 44153.088192126437207, 9446.047139673682977 ], [ 44153.092387953249272, 9446.038268343236268 ], [ 44153.095694033574546, 9446.029028467724856 ], [ 44153.098078528040787, 9446.019509032201313 ], [ 44153.099518472670752, 9446.009801714033529 ], [ 44153.099999999998545, 9446.0 ], [ 44153.099999999998545, 9396.043207265061938 ], [ 44170.068536469902028, 9380.072819999269996 ], [ 44170.075592498273181, 9380.065465824705825 ], [ 44170.081863336636161, 9380.057431647324847 ], [ 44170.087283848901279, 9380.048800919268615 ], [ 44170.091797731423867, 9380.039663289135206 ], [ 44170.095358097882126, 9380.030113670783976 ], [ 44170.097927966235147, 9380.020251257459677 ], [ 44170.099480642900744, 9380.010178491447732 ], [ 44170.099999999998545, 9380.0 ], [ 44170.099999999998545, 9347.04142135623988 ], [ 44186.070710678119212, 9331.070710678119212 ], [ 44186.077301045334025, 9331.06343932841628 ], [ 44186.08314696123125, 9331.055557023302754 ], [ 44186.088192126437207, 9331.047139673682977 ], [ 44186.092387953249272, 9331.038268343236268 ], [ 44186.095694033574546, 9331.029028467724856 ], [ 44186.098078528040787, 9331.019509032201313 ], [ 44186.099518472670752, 9331.009801714033529 ], [ 44186.099999999998545, 9331.0 ], [ 44186.099999999998545, 9314.043207265061938 ], [ 44203.068536469902028, 9298.072819999269996 ], [ 44203.075592498273181, 9298.065465824705825 ], [ 44203.081863336636161, 9298.057431647324847 ], [ 44203.087283848901279, 9298.048800919268615 ], [ 44203.091797731423867, 9298.039663289135206 ], [ 44203.095358097882126, 9298.030113670783976 ], [ 44203.097927966235147, 9298.020251257459677 ], [ 44203.099480642900744, 9298.010178491447732 ], [ 44203.099999999998545, 9298.0 ], [ 44203.099999999998545, 9281.04142135623988 ], [ 44219.002110289395205, 9265.13931106684322 ], [ 44235.931463530097972, 9281.072819999269996 ], [ 44235.938631739205448, 9281.078955282071547 ], [ 44235.946346278738929, 9281.084387666131079 ], [ 44235.954538470083207, 9281.089068789695375 ], [ 44235.963135382320615, 9281.092956979100563 ], [ 44235.972060481508379, 9281.096017619771374 ], [ 44235.981234312028391, 9281.09822346438159 ], [ 44235.990575203933986, 9281.099554875416288 ], [ 44236.0, 9281.100000000000364 ], [ 44252.0, 9281.100000000000364 ], [ 44252.009424796066014, 9281.099554875416288 ], [ 44252.018765687971609, 9281.09822346438159 ], [ 44252.027939518491621, 9281.096017619771374 ], [ 44252.036864617679385, 9281.092956979100563 ], [ 44252.045461529916793, 9281.089068789695375 ], [ 44252.053653721261071, 9281.084387666131079 ], [ 44252.061368260794552, 9281.078955282071547 ], [ 44252.068536469902028, 9281.072819999269996 ], [ 44269.068536469902028, 9265.072819999269996 ], [ 44269.075592498273181, 9265.065465824705825 ], [ 44269.081863336636161, 9265.057431647324847 ], [ 44269.087283848901279, 9265.048800919268615 ], [ 44269.091797731423867, 9265.039663289135206 ], [ 44269.095358097882126, 9265.030113670783976 ], [ 44269.097927966235147, 9265.020251257459677 ], [ 44269.099480642900744, 9265.010178491447732 ], [ 44269.099999999998545, 9265.0 ], [ 44269.099999999998545, 9248.0 ], [ 44269.099518472670752, 9247.990198285966471 ], [ 44269.098078528040787, 9247.980490967798687 ], [ 44269.095694033574546, 9247.970971532275144 ], [ 44269.092387953249272, 9247.961731656763732 ], [ 44269.088192126437207, 9247.952860326317023 ], [ 44269.08314696123125, 9247.944442976697246 ], [ 44269.077301045334025, 9247.93656067158372 ], [ 44269.070710678119212, 9247.929289321880788 ], [ 44269.063439328419918, 9247.922698954664156 ], [ 44269.055557023304573, 9247.916853038770569 ], [ 44269.047139673682977, 9247.911807873564612 ], [ 44269.038268343239906, 9247.907612046748909 ], [ 44269.029028467724856, 9247.904305966427273 ], [ 44269.019509032201313, 9247.901921471959213 ], [ 44269.009801714033529, 9247.900481527332886 ], [ 44269.0, 9247.899999999999636 ], [ 44252.04142135623988, 9247.899999999999636 ], [ 44236.099999999998545, 9231.95857864376012 ], [ 44236.099999999998545, 9182.04142135623988 ], [ 44252.069639550027205, 9166.071781806207582 ], [ 44269.068536469902028, 9150.072819999269996 ], [ 44269.075592498273181, 9150.065465824705825 ], [ 44269.081863336636161, 9150.057431647324847 ], [ 44269.087283848901279, 9150.048800919268615 ], [ 44269.091797731423867, 9150.039663289135206 ], [ 44269.095358097882126, 9150.030113670783976 ], [ 44269.097927966235147, 9150.020251257459677 ], [ 44269.099480642900744, 9150.010178491447732 ], [ 44269.099999999998545, 9150.0 ], [ 44269.099999999998545, 9051.03965771912226 ], [ 44285.070743136500823, 9034.070743136589954 ], [ 44302.068536469902028, 9018.072819999269996 ], [ 44302.072819999266358, 9018.068536469900209 ], [ 44318.072819999266358, 9001.068536469900209 ], [ 44318.078955282071547, 9001.061368260796371 ], [ 44318.084387666131079, 9001.053653721259252 ], [ 44318.089068789697194, 9001.045461529914974 ], [ 44318.092956979096925, 9001.036864617679385 ], [ 44318.096017619769555, 9001.027939518489802 ], [ 44318.09822346438159, 9001.01876568796979 ], [ 44318.099554875414469, 9001.009424796069652 ], [ 44318.099999999998545, 9001.0 ], [ 44318.099999999998545, 8969.03965771912226 ], [ 44334.070743136500823, 8952.070743136589954 ], [ 44351.068536469902028, 8936.072819999269996 ], [ 44351.075592498273181, 8936.065465824705825 ], [ 44351.081863336636161, 8936.057431647324847 ], [ 44351.087283848901279, 8936.048800919268615 ], [ 44351.091797731423867, 8936.039663289135206 ], [ 44351.095358097882126, 8936.030113670783976 ], [ 44351.097927966235147, 8936.020251257459677 ], [ 44351.099480642900744, 8936.010178491447732 ], [ 44351.099999999998545, 8936.0 ], [ 44351.099999999998545, 8919.0 ], [ 44351.099518472670752, 8918.990198285966471 ], [ 44351.098078528040787, 8918.980490967798687 ], [ 44351.095694033574546, 8918.970971532275144 ], [ 44351.092387953249272, 8918.961731656763732 ], [ 44351.088192126437207, 8918.952860326317023 ], [ 44351.08314696123125, 8918.944442976697246 ], [ 44351.077301045334025, 8918.93656067158372 ], [ 44351.070710678119212, 8918.929289321880788 ], [ 44351.063439328419918, 8918.922698954664156 ], [ 44351.055557023304573, 8918.916853038770569 ], [ 44351.047139673682977, 8918.911807873564612 ], [ 44351.038268343239906, 8918.907612046748909 ], [ 44351.029028467724856, 8918.904305966427273 ], [ 44351.019509032201313, 8918.901921471959213 ], [ 44351.009801714033529, 8918.900481527332886 ], [ 44351.0, 8918.899999999999636 ], [ 44334.04142135623988, 8918.899999999999636 ], [ 44318.099999999998545, 8902.95857864376012 ], [ 44318.099999999998545, 8837.0 ], [ 44318.099554875414469, 8836.990575203930348 ], [ 44318.09822346438159, 8836.98123431203021 ], [ 44318.096017619769555, 8836.972060481510198 ], [ 44318.092956979096925, 8836.963135382320615 ], [ 44318.089068789697194, 8836.954538470085026 ], [ 44318.084387666131079, 8836.946346278740748 ], [ 44318.078955282071547, 8836.938631739203629 ], [ 44318.072819999266358, 8836.931463530099791 ], [ 44302.099999999998545, 8819.96034228087774 ], [ 44302.099999999998545, 8689.03965771912226 ], [ 44318.072819999266358, 8672.068536469900209 ], [ 44318.078955282071547, 8672.061368260796371 ], [ 44318.084387666131079, 8672.053653721259252 ], [ 44318.089068789697194, 8672.045461529914974 ], [ 44318.092956979096925, 8672.036864617679385 ], [ 44318.096017619769555, 8672.027939518489802 ], [ 44318.09822346438159, 8672.01876568796979 ], [ 44318.099554875414469, 8672.009424796069652 ], [ 44318.099999999998545, 8672.0 ], [ 44318.099999999998545, 8623.03965771912226 ], [ 44334.072819999266358, 8606.068536469900209 ], [ 44334.078955282071547, 8606.061368260796371 ], [ 44334.084387666131079, 8606.053653721259252 ], [ 44334.089068789697194, 8606.045461529914974 ], [ 44334.092956979096925, 8606.036864617679385 ], [ 44334.096017619769555, 8606.027939518489802 ], [ 44334.09822346438159, 8606.01876568796979 ], [ 44334.099554875414469, 8606.009424796069652 ], [ 44334.099999999998545, 8606.0 ], [ 44334.099999999998545, 8590.043207265061938 ], [ 44351.068536469902028, 8574.072819999269996 ], [ 44351.072819999266358, 8574.068536469900209 ], [ 44367.072819999266358, 8557.068536469900209 ], [ 44367.078955282071547, 8557.061368260796371 ], [ 44367.084387666131079, 8557.053653721259252 ], [ 44367.089068789697194, 8557.045461529914974 ], [ 44367.092956979096925, 8557.036864617679385 ], [ 44367.096017619769555, 8557.027939518489802 ], [ 44367.09822346438159, 8557.01876568796979 ], [ 44367.099554875414469, 8557.009424796069652 ], [ 44367.099999999998545, 8557.0 ], [ 44367.099999999998545, 8491.043207265061938 ], [ 44384.068536469902028, 8475.072819999269996 ], [ 44384.075592498273181, 8475.065465824705825 ], [ 44384.081863336636161, 8475.057431647324847 ], [ 44384.087283848901279, 8475.048800919268615 ], [ 44384.091797731423867, 8475.039663289135206 ], [ 44384.095358097882126, 8475.030113670783976 ], [ 44384.097927966235147, 8475.020251257459677 ], [ 44384.099480642900744, 8475.010178491447732 ], [ 44384.099999999998545, 8475.0 ], [ 44384.099999999998545, 8376.04142135623988 ], [ 44417.070710678119212, 8343.070710678119212 ], [ 44417.077301045334025, 8343.06343932841628 ], [ 44417.08314696123125, 8343.055557023302754 ], [ 44417.088192126437207, 8343.047139673682977 ], [ 44417.092387953249272, 8343.038268343236268 ], [ 44417.095694033574546, 8343.029028467724856 ], [ 44417.098078528040787, 8343.019509032201313 ], [ 44417.099518472670752, 8343.009801714033529 ], [ 44417.099999999998545, 8343.0 ], [ 44417.099999999998545, 8261.0 ], [ 44417.099518472670752, 8260.990198285966471 ], [ 44417.098078528040787, 8260.980490967798687 ], [ 44417.095694033574546, 8260.970971532275144 ], [ 44417.092387953249272, 8260.961731656763732 ], [ 44417.088192126437207, 8260.952860326317023 ], [ 44417.08314696123125, 8260.944442976697246 ], [ 44417.077301045334025, 8260.93656067158372 ], [ 44417.070710678119212, 8260.929289321880788 ], [ 44400.099999999998545, 8243.95857864376012 ], [ 44400.099999999998545, 8228.043207265061938 ], [ 44417.068536469902028, 8212.072819999269996 ], [ 44417.075592498273181, 8212.065465824705825 ], [ 44417.081863336636161, 8212.057431647324847 ], [ 44417.087283848901279, 8212.048800919268615 ], [ 44417.091797731423867, 8212.039663289135206 ], [ 44417.095358097882126, 8212.030113670783976 ], [ 44417.097927966235147, 8212.020251257459677 ], [ 44417.099480642900744, 8212.010178491447732 ], [ 44417.099999999998545, 8212.0 ], [ 44417.099999999998545, 8195.04142135623988 ], [ 44450.070710678119212, 8162.070710678118303 ], [ 44450.077301045334025, 8162.06343932841628 ], [ 44450.08314696123125, 8162.055557023301844 ], [ 44450.088192126437207, 8162.047139673682068 ], [ 44450.092387953249272, 8162.038268343236268 ], [ 44450.095694033574546, 8162.029028467724856 ], [ 44450.098078528040787, 8162.019509032201313 ], [ 44450.099518472670752, 8162.009801714032619 ], [ 44450.099999999998545, 8162.0 ], [ 44450.099999999998545, 8146.03965771912226 ], [ 44466.072819999266358, 8129.068536469900209 ], [ 44466.078955282071547, 8129.061368260796371 ], [ 44466.084387666131079, 8129.053653721259252 ], [ 44466.089068789697194, 8129.045461529914974 ], [ 44466.092956979096925, 8129.036864617678475 ], [ 44466.096017619769555, 8129.027939518489802 ], [ 44466.09822346438159, 8129.018765687970699 ], [ 44466.099554875414469, 8129.009424796069652 ], [ 44466.099999999998545, 8129.0 ], [ 44466.099999999998545, 8113.0 ], [ 44466.099554875414469, 8112.990575203930348 ], [ 44466.09822346438159, 8112.981234312029301 ], [ 44466.096017619769555, 8112.972060481510198 ], [ 44466.092956979096925, 8112.963135382321525 ], [ 44466.089068789697194, 8112.954538470085026 ], [ 44466.084387666131079, 8112.946346278740748 ], [ 44466.078955282071547, 8112.938631739203629 ], [ 44466.072819999266358, 8112.931463530099791 ], [ 44450.099999999998545, 8095.96034228087774 ], [ 44450.099999999998545, 8047.03965771912226 ], [ 44466.043207265051024, 8030.100000000000364 ], [ 44482.956792734948976, 8030.100000000000364 ], [ 44498.927180000733642, 8047.068536469900209 ], [ 44498.934534175292356, 8047.075592498276819 ], [ 44498.942568352678791, 8047.081863336638889 ], [ 44498.951199080729566, 8047.087283848898551 ], [ 44498.960336710864794, 8047.091797731426595 ], [ 44498.969886329214205, 8047.095358097883036 ], [ 44498.979748742538504, 8047.097927966236966 ], [ 44498.989821508555906, 8047.099480642900744 ], [ 44499.0, 8047.100000000000364 ], [ 44532.0, 8047.100000000000364 ], [ 44532.010178491444094, 8047.099480642900744 ], [ 44532.020251257461496, 8047.097927966236966 ], [ 44532.030113670785795, 8047.095358097883036 ], [ 44532.039663289135206, 8047.091797731426595 ], [ 44532.048800919270434, 8047.087283848898551 ], [ 44532.057431647321209, 8047.081863336638889 ], [ 44532.065465824707644, 8047.075592498276819 ], [ 44532.072819999266358, 8047.068536469900209 ], [ 44548.072819999266358, 8030.068536469900209 ], [ 44548.078955282071547, 8030.061368260796371 ], [ 44548.084387666131079, 8030.053653721259252 ], [ 44548.089068789697194, 8030.045461529914974 ], [ 44548.092956979096925, 8030.036864617678475 ], [ 44548.096017619769555, 8030.027939518489802 ], [ 44548.09822346438159, 8030.018765687970699 ], [ 44548.099554875414469, 8030.009424796069652 ], [ 44548.099999999998545, 8030.0 ], [ 44548.099999999998545, 7998.0 ], [ 44548.099554875414469, 7997.990575203930348 ], [ 44548.09822346438159, 7997.981234312029301 ], [ 44548.096017619769555, 7997.972060481510198 ], [ 44548.092956979096925, 7997.963135382321525 ], [ 44548.089068789697194, 7997.954538470085026 ], [ 44548.084387666131079, 7997.946346278740748 ], [ 44548.078955282071547, 7997.938631739203629 ], [ 44548.072819999266358, 7997.931463530099791 ], [ 44532.072819999266358, 7980.931463530099791 ], [ 44532.068536469902028, 7980.927180000730914 ], [ 44515.099999999998545, 7964.956792734938972 ], [ 44515.099999999998545, 7915.043207265061028 ], [ 44532.068536469902028, 7899.072819999269086 ], [ 44532.072819999266358, 7899.068536469900209 ], [ 44548.072819999266358, 7882.068536469900209 ], [ 44548.078955282071547, 7882.061368260796371 ], [ 44548.084387666131079, 7882.053653721259252 ], [ 44548.089068789697194, 7882.045461529914974 ], [ 44548.092956979096925, 7882.036864617678475 ], [ 44548.096017619769555, 7882.027939518489802 ], [ 44548.09822346438159, 7882.018765687970699 ], [ 44548.099554875414469, 7882.009424796069652 ], [ 44548.099999999998545, 7882.0 ], [ 44548.099999999998545, 7849.043207265061028 ], [ 44565.068536469902028, 7833.072819999269086 ], [ 44565.075592498273181, 7833.065465824704916 ], [ 44565.081863336636161, 7833.057431647323938 ], [ 44565.087283848901279, 7833.048800919267705 ], [ 44565.091797731423867, 7833.039663289134296 ], [ 44565.095358097882126, 7833.030113670783976 ], [ 44565.097927966235147, 7833.020251257458767 ], [ 44565.099480642900744, 7833.010178491447732 ], [ 44565.099999999998545, 7833.0 ], [ 44565.099999999998545, 7784.0 ], [ 44565.099518472670752, 7783.990198285967381 ], [ 44565.098078528040787, 7783.980490967798687 ], [ 44565.095694033574546, 7783.970971532275144 ], [ 44565.092387953249272, 7783.961731656763732 ], [ 44565.088192126437207, 7783.952860326317932 ], [ 44565.08314696123125, 7783.944442976698156 ], [ 44565.077301045334025, 7783.93656067158372 ], [ 44565.070710678119212, 7783.929289321881697 ], [ 44548.070710678119212, 7766.929289321881697 ], [ 44548.063439328419918, 7766.922698954664156 ], [ 44548.055557023304573, 7766.916853038769659 ], [ 44548.047139673682977, 7766.911807873565522 ], [ 44548.038268343239906, 7766.907612046748909 ], [ 44548.029028467724856, 7766.904305966427273 ], [ 44548.019509032201313, 7766.901921471960122 ], [ 44548.009801714033529, 7766.900481527332886 ], [ 44548.0, 7766.899999999999636 ], [ 44532.039657719127717, 7766.899999999999636 ], [ 44515.070743136508099, 7750.929256863417322 ], [ 44499.13931106684322, 7734.002110289397024 ], [ 44515.070710678119212, 7718.070710678118303 ], [ 44515.077301045334025, 7718.06343932841628 ], [ 44515.08314696123125, 7718.055557023301844 ], [ 44515.088192126437207, 7718.047139673682068 ], [ 44515.092387953249272, 7718.038268343236268 ], [ 44515.095694033574546, 7718.029028467724856 ], [ 44515.098078528040787, 7718.019509032201313 ], [ 44515.099518472670752, 7718.009801714032619 ], [ 44515.099999999998545, 7718.0 ], [ 44515.099999999998545, 7586.0 ], [ 44515.099518472670752, 7585.990198285967381 ], [ 44515.098078528040787, 7585.980490967798687 ], [ 44515.095694033574546, 7585.970971532275144 ], [ 44515.092387953249272, 7585.961731656763732 ], [ 44515.088192126437207, 7585.952860326317932 ], [ 44515.08314696123125, 7585.944442976698156 ], [ 44515.077301045334025, 7585.93656067158372 ], [ 44515.070710678119212, 7585.929289321881697 ], [ 44499.099999999998545, 7569.95857864376103 ], [ 44499.099999999998545, 7553.0 ], [ 44499.099518472670752, 7552.990198285967381 ], [ 44499.098078528040787, 7552.980490967798687 ], [ 44499.095694033574546, 7552.970971532275144 ], [ 44499.092387953249272, 7552.961731656763732 ], [ 44499.088192126437207, 7552.952860326317932 ], [ 44499.08314696123125, 7552.944442976698156 ], [ 44499.077301045334025, 7552.93656067158372 ], [ 44499.070710678119212, 7552.929289321881697 ], [ 44483.099999999998545, 7536.95857864376103 ], [ 44483.099999999998545, 7520.04142135623897 ], [ 44499.04142135623988, 7504.100000000000364 ], [ 44515.0, 7504.100000000000364 ], [ 44515.009801714033529, 7504.099518472667114 ], [ 44515.019509032201313, 7504.098078528039878 ], [ 44515.029028467724856, 7504.095694033572727 ], [ 44515.038268343239906, 7504.092387953251091 ], [ 44515.047139673682977, 7504.088192126434478 ], [ 44515.055557023304573, 7504.083146961230341 ], [ 44515.063439328419918, 7504.077301045335844 ], [ 44515.070710678119212, 7504.070710678118303 ], [ 44532.04142135623988, 7487.100000000000364 ], [ 44548.0, 7487.100000000000364 ], [ 44548.009801714033529, 7487.099518472667114 ], [ 44548.019509032201313, 7487.098078528039878 ], [ 44548.029028467724856, 7487.095694033573636 ], [ 44548.038268343239906, 7487.092387953251091 ], [ 44548.047139673682977, 7487.088192126434478 ], [ 44548.055557023304573, 7487.083146961230341 ], [ 44548.063439328419918, 7487.077301045335844 ], [ 44548.070710678119212, 7487.070710678118303 ], [ 44548.077301045334025, 7487.06343932841628 ], [ 44548.08314696123125, 7487.055557023301844 ], [ 44548.088192126437207, 7487.047139673682977 ], [ 44548.092387953249272, 7487.038268343236268 ], [ 44548.095694033574546, 7487.029028467725766 ], [ 44548.098078528040787, 7487.019509032201313 ], [ 44548.099518472670752, 7487.009801714032619 ], [ 44548.099999999998545, 7487.0 ], [ 44548.099999999998545, 7422.0 ], [ 44548.099518472670752, 7421.990198285967381 ], [ 44548.098078528040787, 7421.980490967798687 ], [ 44548.095694033574546, 7421.970971532274234 ], [ 44548.092387953249272, 7421.961731656763732 ], [ 44548.088192126437207, 7421.952860326317023 ], [ 44548.08314696123125, 7421.944442976698156 ], [ 44548.077301045334025, 7421.93656067158372 ], [ 44548.070710678119212, 7421.929289321881697 ], [ 44548.063439328419918, 7421.922698954664156 ], [ 44548.055557023304573, 7421.916853038769659 ], [ 44548.047139673682977, 7421.911807873565522 ], [ 44548.038268343239906, 7421.907612046748909 ], [ 44548.029028467724856, 7421.904305966426364 ], [ 44548.019509032201313, 7421.901921471960122 ], [ 44548.009801714033529, 7421.900481527332886 ], [ 44548.0, 7421.899999999999636 ], [ 44515.0, 7421.899999999999636 ], [ 44514.990198285966471, 7421.900481527332886 ], [ 44514.980490967798687, 7421.901921471960122 ], [ 44514.970971532275144, 7421.904305966427273 ], [ 44514.961731656760094, 7421.907612046748909 ], [ 44514.952860326317023, 7421.911807873565522 ], [ 44514.944442976695427, 7421.916853038769659 ], [ 44514.936560671580082, 7421.922698954664156 ], [ 44514.929289321880788, 7421.929289321881697 ], [ 44498.929289321880788, 7437.929289321881697 ], [ 44498.922698954665975, 7437.93656067158372 ], [ 44498.91685303876875, 7437.944442976698156 ], [ 44498.911807873562793, 7437.952860326317932 ], [ 44498.907612046750728, 7437.961731656763732 ], [ 44498.904305966425454, 7437.970971532275144 ], [ 44498.901921471959213, 7437.980490967798687 ], [ 44498.900481527329248, 7437.990198285967381 ], [ 44498.900000000001455, 7438.0 ], [ 44498.900000000001455, 7453.96034228087774 ], [ 44482.997824793754262, 7470.856403437515837 ], [ 44466.099999999998545, 7453.95857864376103 ], [ 44466.099999999998545, 7422.0 ], [ 44466.099518472670752, 7421.990198285967381 ], [ 44466.098078528040787, 7421.980490967798687 ], [ 44466.095694033574546, 7421.970971532274234 ], [ 44466.092387953249272, 7421.961731656763732 ], [ 44466.088192126437207, 7421.952860326317023 ], [ 44466.08314696123125, 7421.944442976698156 ], [ 44466.077301045334025, 7421.93656067158372 ], [ 44466.070710678119212, 7421.929289321881697 ], [ 44466.063439328419918, 7421.922698954664156 ], [ 44466.055557023304573, 7421.916853038769659 ], [ 44466.047139673682977, 7421.911807873565522 ], [ 44466.038268343239906, 7421.907612046748909 ], [ 44466.029028467724856, 7421.904305966426364 ], [ 44466.019509032201313, 7421.901921471960122 ], [ 44466.009801714033529, 7421.900481527332886 ], [ 44466.0, 7421.899999999999636 ], [ 44450.04142135623988, 7421.899999999999636 ], [ 44433.070710678119212, 7404.929289321881697 ], [ 44433.063439328419918, 7404.922698954664156 ], [ 44433.055557023304573, 7404.916853038769659 ], [ 44433.047139673682977, 7404.911807873565522 ], [ 44433.038268343239906, 7404.907612046748909 ], [ 44433.029028467724856, 7404.904305966427273 ], [ 44433.019509032201313, 7404.901921471960122 ], [ 44433.009801714033529, 7404.900481527332886 ], [ 44433.0, 7404.899999999999636 ], [ 44400.0, 7404.899999999999636 ], [ 44399.989821508555906, 7404.900519357099256 ], [ 44399.979748742538504, 7404.902072033763034 ], [ 44399.969886329214205, 7404.904641902116964 ], [ 44399.960336710864794, 7404.908202268573405 ], [ 44399.951199080729566, 7404.912716151101449 ], [ 44399.942568352678791, 7404.918136663361111 ], [ 44399.934534175292356, 7404.924407501723181 ], [ 44399.927180000733642, 7404.931463530099791 ], [ 44383.927180000733642, 7421.931463530099791 ], [ 44383.921044717928453, 7421.938631739203629 ], [ 44383.915612333868921, 7421.946346278740748 ], [ 44383.910931210302806, 7421.954538470085026 ], [ 44383.907043020903075, 7421.963135382321525 ], [ 44383.903982380230445, 7421.972060481510198 ], [ 44383.90177653561841, 7421.981234312029301 ], [ 44383.900445124585531, 7421.990575203930348 ], [ 44383.900000000001455, 7422.0 ], [ 44383.900000000001455, 7437.956792734938972 ], [ 44366.931463530097972, 7453.927180000730914 ], [ 44366.924407501726819, 7453.934534175295084 ], [ 44366.918136663363839, 7453.942568352676062 ], [ 44366.912716151098721, 7453.951199080732295 ], [ 44366.908202268576133, 7453.960336710865704 ], [ 44366.904641902117874, 7453.969886329216024 ], [ 44366.902072033764853, 7453.979748742541233 ], [ 44366.900519357099256, 7453.989821508552268 ], [ 44366.900000000001455, 7454.0 ], [ 44366.900000000001455, 7470.95857864376103 ], [ 44334.002175206245738, 7503.856403437515837 ], [ 44318.099999999998545, 7486.96034228087774 ], [ 44318.099999999998545, 7471.0 ], [ 44318.099554875414469, 7470.990575203930348 ], [ 44318.09822346438159, 7470.981234312029301 ], [ 44318.096017619769555, 7470.972060481510198 ], [ 44318.092956979096925, 7470.963135382321525 ], [ 44318.089068789697194, 7470.954538470085026 ], [ 44318.084387666131079, 7470.946346278740748 ], [ 44318.078955282071547, 7470.938631739203629 ], [ 44318.072819999266358, 7470.931463530099791 ], [ 44302.072819999266358, 7453.931463530099791 ], [ 44302.068536469902028, 7453.927180000730914 ], [ 44285.099999999998545, 7437.956792734938972 ], [ 44285.099999999998545, 7422.0 ], [ 44285.099518472670752, 7421.990198285967381 ], [ 44285.098078528040787, 7421.980490967798687 ], [ 44285.095694033574546, 7421.970971532274234 ], [ 44285.092387953249272, 7421.961731656763732 ], [ 44285.088192126437207, 7421.952860326317023 ], [ 44285.08314696123125, 7421.944442976698156 ], [ 44285.077301045334025, 7421.93656067158372 ], [ 44285.070710678119212, 7421.929289321881697 ], [ 44285.063439328419918, 7421.922698954664156 ], [ 44285.055557023304573, 7421.916853038769659 ], [ 44285.047139673682977, 7421.911807873565522 ], [ 44285.038268343239906, 7421.907612046748909 ], [ 44285.029028467724856, 7421.904305966426364 ], [ 44285.019509032201313, 7421.901921471960122 ], [ 44285.009801714033529, 7421.900481527332886 ], [ 44285.0, 7421.899999999999636 ], [ 44269.04142135623988, 7421.899999999999636 ], [ 44252.070710678119212, 7404.929289321881697 ], [ 44252.063439328419918, 7404.922698954664156 ], [ 44252.055557023304573, 7404.916853038769659 ], [ 44252.047139673682977, 7404.911807873565522 ], [ 44252.038268343239906, 7404.907612046748909 ], [ 44252.029028467724856, 7404.904305966427273 ], [ 44252.019509032201313, 7404.901921471960122 ], [ 44252.009801714033529, 7404.900481527332886 ], [ 44252.0, 7404.899999999999636 ], [ 44236.0, 7404.899999999999636 ], [ 44235.990198285966471, 7404.900481527332886 ], [ 44235.980490967798687, 7404.901921471960122 ], [ 44235.970971532275144, 7404.904305966427273 ], [ 44235.961731656760094, 7404.907612046748909 ], [ 44235.952860326317023, 7404.911807873565522 ], [ 44235.944442976695427, 7404.916853038769659 ], [ 44235.936560671580082, 7404.922698954664156 ], [ 44235.929289321880788, 7404.929289321881697 ], [ 44218.929289321880788, 7421.929289321881697 ], [ 44218.922698954665975, 7421.93656067158372 ], [ 44218.91685303876875, 7421.944442976698156 ], [ 44218.911807873562793, 7421.952860326317932 ], [ 44218.907612046750728, 7421.961731656763732 ], [ 44218.904305966425454, 7421.970971532275144 ], [ 44218.901921471959213, 7421.980490967798687 ], [ 44218.900481527329248, 7421.990198285967381 ], [ 44218.900000000001455, 7422.0 ], [ 44218.900000000001455, 7437.95857864376103 ], [ 44202.95857864376012, 7453.899999999999636 ], [ 44186.04142135623988, 7453.899999999999636 ], [ 44170.099999999998545, 7437.95857864376103 ], [ 44170.099999999998545, 7422.03965771912226 ], [ 44186.072819999266358, 7405.068536469900209 ], [ 44186.078955282071547, 7405.061368260796371 ], [ 44186.084387666131079, 7405.053653721259252 ], [ 44186.089068789697194, 7405.045461529914974 ], [ 44186.092956979096925, 7405.036864617678475 ], [ 44186.096017619769555, 7405.027939518489802 ], [ 44186.09822346438159, 7405.018765687970699 ], [ 44186.099554875414469, 7405.009424796069652 ], [ 44186.099999999998545, 7405.0 ], [ 44186.099999999998545, 7372.043207265061028 ], [ 44203.068536469902028, 7356.072819999269086 ], [ 44203.072819999266358, 7356.068536469900209 ], [ 44219.070743136508099, 7339.070743136582678 ], [ 44236.068536469902028, 7323.072819999269086 ], [ 44236.075592498273181, 7323.065465824704916 ], [ 44236.081863336636161, 7323.057431647323938 ], [ 44236.087283848901279, 7323.048800919267705 ], [ 44236.091797731423867, 7323.039663289134296 ], [ 44236.095358097882126, 7323.030113670783976 ], [ 44236.097927966235147, 7323.020251257458767 ], [ 44236.099480642900744, 7323.010178491447732 ], [ 44236.099999999998545, 7323.0 ], [ 44236.099999999998545, 7290.03965771912226 ], [ 44252.072819999266358, 7273.068536469900209 ], [ 44252.078955282071547, 7273.061368260796371 ], [ 44252.084387666131079, 7273.053653721259252 ], [ 44252.089068789697194, 7273.045461529914974 ], [ 44252.092956979096925, 7273.036864617678475 ], [ 44252.096017619769555, 7273.027939518489802 ], [ 44252.09822346438159, 7273.018765687970699 ], [ 44252.099554875414469, 7273.009424796069652 ], [ 44252.099999999998545, 7273.0 ], [ 44252.099999999998545, 7257.043207265061028 ], [ 44269.068536469902028, 7241.072819999269086 ], [ 44269.072819999266358, 7241.068536469900209 ], [ 44285.070743136508099, 7224.070743136582678 ], [ 44302.068536469902028, 7208.072819999269086 ], [ 44302.072819999266358, 7208.068536469900209 ], [ 44318.072819999266358, 7191.068536469900209 ], [ 44318.078955282071547, 7191.061368260796371 ], [ 44318.084387666131079, 7191.053653721259252 ], [ 44318.089068789697194, 7191.045461529914974 ], [ 44318.092956979096925, 7191.036864617678475 ], [ 44318.096017619769555, 7191.027939518489802 ], [ 44318.09822346438159, 7191.018765687970699 ], [ 44318.099554875414469, 7191.009424796069652 ], [ 44318.099999999998545, 7191.0 ], [ 44318.099999999998545, 7175.0 ], [ 44318.099554875414469, 7174.990575203930348 ], [ 44318.09822346438159, 7174.981234312029301 ], [ 44318.096017619769555, 7174.972060481510198 ], [ 44318.092956979096925, 7174.963135382321525 ], [ 44318.089068789697194, 7174.954538470085026 ], [ 44318.084387666131079, 7174.946346278740748 ], [ 44318.078955282071547, 7174.938631739203629 ], [ 44318.072819999266358, 7174.931463530099791 ], [ 44302.13931106684322, 7158.002110289397024 ], [ 44318.070710678119212, 7142.070710678118303 ], [ 44318.072819999266358, 7142.068536469900209 ], [ 44334.070743136508099, 7125.070743136582678 ], [ 44351.068536469902028, 7109.072819999269086 ], [ 44351.072819999266358, 7109.068536469900209 ], [ 44367.070743136508099, 7092.070743136582678 ], [ 44384.068536469902028, 7076.072819999269086 ], [ 44384.070710678119212, 7076.070710678118303 ], [ 44400.04142135623988, 7060.100000000000364 ], [ 44417.0, 7060.100000000000364 ], [ 44417.010178491444094, 7060.099480642900744 ], [ 44417.020251257461496, 7060.097927966236966 ], [ 44417.030113670785795, 7060.095358097883036 ], [ 44417.039663289135206, 7060.091797731426595 ], [ 44417.048800919270434, 7060.087283848898551 ], [ 44417.057431647321209, 7060.081863336638889 ], [ 44417.065465824707644, 7060.075592498276819 ], [ 44417.072819999266358, 7060.068536469900209 ], [ 44433.072819999266358, 7043.068536469900209 ], [ 44433.078955282071547, 7043.061368260796371 ], [ 44433.084387666131079, 7043.053653721259252 ], [ 44433.089068789697194, 7043.045461529914974 ], [ 44433.092956979096925, 7043.036864617678475 ], [ 44433.096017619769555, 7043.027939518489802 ], [ 44433.09822346438159, 7043.018765687970699 ], [ 44433.099554875414469, 7043.009424796069652 ], [ 44433.099999999998545, 7043.0 ], [ 44433.099999999998545, 7027.04142135623897 ], [ 44450.04142135623988, 7010.100000000000364 ], [ 44466.0, 7010.100000000000364 ], [ 44466.009424796066014, 7010.099554875415379 ], [ 44466.018765687971609, 7010.098223464380681 ], [ 44466.027939518491621, 7010.096017619771374 ], [ 44466.036864617679385, 7010.092956979100563 ], [ 44466.045461529916793, 7010.089068789695375 ], [ 44466.053653721261071, 7010.084387666131079 ], [ 44466.061368260794552, 7010.078955282070638 ], [ 44466.068536469902028, 7010.072819999269086 ], [ 44483.068536469902028, 6994.072819999269086 ], [ 44483.075592498273181, 6994.065465824704916 ], [ 44483.081863336636161, 6994.057431647323938 ], [ 44483.087283848901279, 6994.048800919267705 ], [ 44483.091797731423867, 6994.039663289134296 ], [ 44483.095358097882126, 6994.030113670783976 ], [ 44483.097927966235147, 6994.020251257458767 ], [ 44483.099480642900744, 6994.010178491447732 ], [ 44483.099999999998545, 6994.0 ], [ 44483.099999999998545, 6977.04142135623897 ], [ 44499.0, 6961.141421356237515 ], [ 44514.929289321880788, 6977.070710678118303 ], [ 44514.936560671580082, 6977.077301045335844 ], [ 44514.944442976695427, 6977.083146961230341 ], [ 44514.952860326317023, 6977.088192126434478 ], [ 44514.961731656760094, 6977.092387953251091 ], [ 44514.970971532275144, 6977.095694033572727 ], [ 44514.980490967798687, 6977.098078528039878 ], [ 44514.990198285966471, 6977.099518472667114 ], [ 44515.0, 6977.100000000000364 ], [ 44565.0, 6977.100000000000364 ], [ 44565.009801714033529, 6977.099518472667114 ], [ 44565.019509032201313, 6977.098078528039878 ], [ 44565.029028467724856, 6977.095694033573636 ], [ 44565.038268343239906, 6977.092387953251091 ], [ 44565.047139673682977, 6977.088192126434478 ], [ 44565.055557023304573, 6977.083146961230341 ], [ 44565.063439328419918, 6977.077301045335844 ], [ 44565.070710678119212, 6977.070710678118303 ], [ 44565.077301045334025, 6977.06343932841628 ], [ 44565.08314696123125, 6977.055557023301844 ], [ 44565.088192126437207, 6977.047139673682977 ], [ 44565.092387953249272, 6977.038268343236268 ], [ 44565.095694033574546, 6977.029028467725766 ], [ 44565.098078528040787, 6977.019509032201313 ], [ 44565.099518472670752, 6977.009801714032619 ], [ 44565.099999999998545, 6977.0 ], [ 44565.099999999998545, 6944.04142135623897 ], [ 44581.04142135623988, 6928.100000000000364 ], [ 44597.95857864376012, 6928.100000000000364 ], [ 44613.929289321880788, 6944.070710678118303 ], [ 44613.936560671580082, 6944.077301045335844 ], [ 44613.944442976695427, 6944.083146961230341 ], [ 44613.952860326317023, 6944.088192126434478 ], [ 44613.961731656760094, 6944.092387953251091 ], [ 44613.970971532275144, 6944.095694033572727 ], [ 44613.980490967798687, 6944.098078528039878 ], [ 44613.990198285966471, 6944.099518472667114 ], [ 44614.0, 6944.100000000000364 ], [ 44631.0, 6944.100000000000364 ], [ 44631.009801714033529, 6944.099518472667114 ], [ 44631.019509032201313, 6944.098078528039878 ], [ 44631.029028467724856, 6944.095694033572727 ], [ 44631.038268343239906, 6944.092387953251091 ], [ 44631.047139673682977, 6944.088192126434478 ], [ 44631.055557023304573, 6944.083146961230341 ], [ 44631.063439328419918, 6944.077301045335844 ], [ 44631.070710678119212, 6944.070710678118303 ], [ 44647.070710678119212, 6928.070710678118303 ], [ 44647.077301045334025, 6928.06343932841628 ], [ 44647.08314696123125, 6928.055557023301844 ], [ 44647.088192126437207, 6928.047139673682068 ], [ 44647.092387953249272, 6928.038268343236268 ], [ 44647.095694033574546, 6928.029028467724856 ], [ 44647.098078528040787, 6928.019509032201313 ], [ 44647.099518472670752, 6928.009801714032619 ], [ 44647.099999999998545, 6928.0 ], [ 44647.099999999998545, 6911.043207265061028 ], [ 44664.068536469902028, 6895.072819999269086 ], [ 44664.075592498273181, 6895.065465824704916 ], [ 44664.081863336636161, 6895.057431647323938 ], [ 44664.087283848901279, 6895.048800919267705 ], [ 44664.091797731423867, 6895.039663289134296 ], [ 44664.095358097882126, 6895.030113670783976 ], [ 44664.097927966235147, 6895.020251257458767 ], [ 44664.099480642900744, 6895.010178491447732 ], [ 44664.099999999998545, 6895.0 ], [ 44664.099999999998545, 6878.0 ], [ 44664.099518472670752, 6877.990198285967381 ], [ 44664.098078528040787, 6877.980490967798687 ], [ 44664.095694033574546, 6877.970971532274234 ], [ 44664.092387953249272, 6877.961731656763732 ], [ 44664.088192126437207, 6877.952860326317023 ], [ 44664.08314696123125, 6877.944442976698156 ], [ 44664.077301045334025, 6877.93656067158372 ], [ 44664.070710678119212, 6877.929289321881697 ], [ 44664.063439328419918, 6877.922698954664156 ], [ 44664.055557023304573, 6877.916853038769659 ], [ 44664.047139673682977, 6877.911807873565522 ], [ 44664.038268343239906, 6877.907612046748909 ], [ 44664.029028467724856, 6877.904305966426364 ], [ 44664.019509032201313, 6877.901921471960122 ], [ 44664.009801714033529, 6877.900481527332886 ], [ 44664.0, 6877.899999999999636 ], [ 44631.039657719127717, 6877.899999999999636 ], [ 44614.099999999998545, 6861.956792734938972 ], [ 44614.099999999998545, 6846.0 ], [ 44614.099518472670752, 6845.990198285967381 ], [ 44614.098078528040787, 6845.980490967798687 ], [ 44614.095694033574546, 6845.970971532274234 ], [ 44614.092387953249272, 6845.961731656763732 ], [ 44614.088192126437207, 6845.952860326317023 ], [ 44614.08314696123125, 6845.944442976698156 ], [ 44614.077301045334025, 6845.93656067158372 ], [ 44614.070710678119212, 6845.929289321881697 ], [ 44614.063439328419918, 6845.922698954664156 ], [ 44614.055557023304573, 6845.916853038769659 ], [ 44614.047139673682977, 6845.911807873565522 ], [ 44614.038268343239906, 6845.907612046748909 ], [ 44614.029028467724856, 6845.904305966426364 ], [ 44614.019509032201313, 6845.901921471960122 ], [ 44614.009801714033529, 6845.900481527332886 ], [ 44614.0, 6845.899999999999636 ], [ 44581.043207265051024, 6845.899999999999636 ], [ 44565.072819999266358, 6828.931463530099791 ], [ 44565.065465824707644, 6828.924407501723181 ], [ 44565.057431647321209, 6828.918136663361111 ], [ 44565.048800919270434, 6828.912716151101449 ], [ 44565.039663289135206, 6828.908202268573405 ], [ 44565.030113670785795, 6828.904641902116964 ], [ 44565.020251257461496, 6828.902072033763034 ], [ 44565.010178491444094, 6828.900519357099256 ], [ 44565.0, 6828.899999999999636 ], [ 44548.04142135623988, 6828.899999999999636 ], [ 44532.070710678119212, 6812.929289321881697 ], [ 44532.063439328419918, 6812.922698954664156 ], [ 44532.055557023304573, 6812.916853038769659 ], [ 44532.047139673682977, 6812.911807873565522 ], [ 44532.038268343239906, 6812.907612046748909 ], [ 44532.029028467724856, 6812.904305966427273 ], [ 44532.019509032201313, 6812.901921471960122 ], [ 44532.009801714033529, 6812.900481527332886 ], [ 44532.0, 6812.899999999999636 ], [ 44515.0, 6812.899999999999636 ], [ 44514.990198285966471, 6812.900481527332886 ], [ 44514.980490967798687, 6812.901921471960122 ], [ 44514.970971532275144, 6812.904305966427273 ], [ 44514.961731656760094, 6812.907612046748909 ], [ 44514.952860326317023, 6812.911807873565522 ], [ 44514.944442976695427, 6812.916853038769659 ], [ 44514.936560671580082, 6812.922698954664156 ], [ 44514.929289321880788, 6812.929289321881697 ], [ 44498.95857864376012, 6828.899999999999636 ], [ 44483.039657719127717, 6828.899999999999636 ], [ 44466.099999999998545, 6812.956792734938972 ], [ 44466.099999999998545, 6730.043207265061028 ], [ 44483.068536469902028, 6714.072819999269086 ], [ 44483.075592498273181, 6714.065465824704916 ], [ 44483.081863336636161, 6714.057431647323938 ], [ 44483.087283848901279, 6714.048800919267705 ], [ 44483.091797731423867, 6714.039663289134296 ], [ 44483.095358097882126, 6714.030113670783976 ], [ 44483.097927966235147, 6714.020251257458767 ], [ 44483.099480642900744, 6714.010178491447732 ], [ 44483.099999999998545, 6714.0 ], [ 44483.099999999998545, 6697.0 ], [ 44483.099480642900744, 6696.989821508552268 ], [ 44483.097927966235147, 6696.979748742541233 ], [ 44483.095358097882126, 6696.969886329216024 ], [ 44483.091797731423867, 6696.960336710865704 ], [ 44483.087283848901279, 6696.951199080732295 ], [ 44483.081863336636161, 6696.942568352676062 ], [ 44483.075592498273181, 6696.934534175295084 ], [ 44483.068536469902028, 6696.927180000730914 ], [ 44466.099999999998545, 6680.956792734938972 ], [ 44466.099999999998545, 6665.0 ], [ 44466.099554875414469, 6664.990575203930348 ], [ 44466.09822346438159, 6664.981234312029301 ], [ 44466.096017619769555, 6664.972060481510198 ], [ 44466.092956979096925, 6664.963135382321525 ], [ 44466.089068789697194, 6664.954538470085026 ], [ 44466.084387666131079, 6664.946346278740748 ], [ 44466.078955282071547, 6664.938631739203629 ], [ 44466.072819999266358, 6664.931463530099791 ], [ 44450.072819999266358, 6647.931463530099791 ], [ 44450.065465824707644, 6647.924407501723181 ], [ 44450.057431647321209, 6647.918136663361111 ], [ 44450.048800919270434, 6647.912716151101449 ], [ 44450.039663289135206, 6647.908202268573405 ], [ 44450.030113670785795, 6647.904641902116964 ], [ 44450.020251257461496, 6647.902072033763034 ], [ 44450.010178491444094, 6647.900519357099256 ], [ 44450.0, 6647.899999999999636 ], [ 44433.04142135623988, 6647.899999999999636 ], [ 44384.099999999998545, 6598.95857864376103 ], [ 44384.099999999998545, 6582.0 ], [ 44384.099480642900744, 6581.989821508552268 ], [ 44384.097927966235147, 6581.979748742541233 ], [ 44384.095358097882126, 6581.969886329216024 ], [ 44384.091797731423867, 6581.960336710865704 ], [ 44384.087283848901279, 6581.951199080732295 ], [ 44384.081863336636161, 6581.942568352676062 ], [ 44384.075592498273181, 6581.934534175295084 ], [ 44384.068536469902028, 6581.927180000730914 ], [ 44367.143596562484163, 6565.997824793751533 ], [ 44384.070710678119212, 6549.070710678118303 ], [ 44384.077301045334025, 6549.06343932841628 ], [ 44384.08314696123125, 6549.055557023301844 ], [ 44384.088192126437207, 6549.047139673682068 ], [ 44384.092387953249272, 6549.038268343236268 ], [ 44384.095694033574546, 6549.029028467724856 ], [ 44384.098078528040787, 6549.019509032201313 ], [ 44384.099518472670752, 6549.009801714032619 ], [ 44384.099999999998545, 6549.0 ], [ 44384.099999999998545, 6533.0 ], [ 44384.099518472670752, 6532.990198285967381 ], [ 44384.098078528040787, 6532.980490967798687 ], [ 44384.095694033574546, 6532.970971532275144 ], [ 44384.092387953249272, 6532.961731656763732 ], [ 44384.088192126437207, 6532.952860326317932 ], [ 44384.08314696123125, 6532.944442976698156 ], [ 44384.077301045334025, 6532.93656067158372 ], [ 44384.070710678119212, 6532.929289321881697 ], [ 44367.070710678119212, 6515.929289321881697 ], [ 44367.063439328419918, 6515.922698954664156 ], [ 44367.055557023304573, 6515.916853038769659 ], [ 44367.047139673682977, 6515.911807873565522 ], [ 44367.038268343239906, 6515.907612046748909 ], [ 44367.029028467724856, 6515.904305966427273 ], [ 44367.019509032201313, 6515.901921471960122 ], [ 44367.009801714033529, 6515.900481527332886 ], [ 44367.0, 6515.899999999999636 ], [ 44334.0, 6515.899999999999636 ], [ 44333.989821508555906, 6515.900519357099256 ], [ 44333.979748742538504, 6515.902072033763034 ], [ 44333.969886329214205, 6515.904641902116964 ], [ 44333.960336710864794, 6515.908202268573405 ], [ 44333.951199080729566, 6515.912716151101449 ], [ 44333.942568352678791, 6515.918136663361111 ], [ 44333.934534175292356, 6515.924407501723181 ], [ 44333.927180000733642, 6515.931463530099791 ], [ 44317.927180000733642, 6532.931463530099791 ], [ 44317.921044717928453, 6532.938631739203629 ], [ 44317.915612333868921, 6532.946346278740748 ], [ 44317.910931210302806, 6532.954538470085026 ], [ 44317.907043020903075, 6532.963135382321525 ], [ 44317.903982380230445, 6532.972060481510198 ], [ 44317.90177653561841, 6532.981234312029301 ], [ 44317.900445124585531, 6532.990575203930348 ], [ 44317.900000000001455, 6533.0 ], [ 44317.900000000001455, 6581.96034228087774 ], [ 44301.997824793754262, 6598.856403437515837 ], [ 44285.099999999998545, 6581.95857864376103 ], [ 44285.099999999998545, 6484.0 ], [ 44285.099554875414469, 6483.990575203930348 ], [ 44285.09822346438159, 6483.981234312029301 ], [ 44285.096017619769555, 6483.972060481510198 ], [ 44285.092956979096925, 6483.963135382321525 ], [ 44285.089068789697194, 6483.954538470085026 ], [ 44285.084387666131079, 6483.946346278740748 ], [ 44285.078955282071547, 6483.938631739203629 ], [ 44285.072819999266358, 6483.931463530099791 ], [ 44269.099999999998545, 6466.96034228087774 ], [ 44269.099999999998545, 6451.03965771912226 ], [ 44285.072819999266358, 6434.068536469900209 ], [ 44285.078955282071547, 6434.061368260796371 ], [ 44285.084387666131079, 6434.053653721259252 ], [ 44285.089068789697194, 6434.045461529914974 ], [ 44285.092956979096925, 6434.036864617678475 ], [ 44285.096017619769555, 6434.027939518489802 ], [ 44285.09822346438159, 6434.018765687970699 ], [ 44285.099554875414469, 6434.009424796069652 ], [ 44285.099999999998545, 6434.0 ], [ 44285.099999999998545, 6270.0 ], [ 44285.099554875414469, 6269.990575203930348 ], [ 44285.09822346438159, 6269.981234312029301 ], [ 44285.096017619769555, 6269.972060481510198 ], [ 44285.092956979096925, 6269.963135382321525 ], [ 44285.089068789697194, 6269.954538470085026 ], [ 44285.084387666131079, 6269.946346278740748 ], [ 44285.078955282071547, 6269.938631739203629 ], [ 44285.072819999266358, 6269.931463530099791 ], [ 44269.072819999266358, 6252.931463530099791 ], [ 44269.068536469902028, 6252.927180000730914 ], [ 44252.143596562484163, 6236.997824793751533 ], [ 44269.070710678119212, 6220.070710678118303 ], [ 44269.077301045334025, 6220.06343932841628 ], [ 44269.08314696123125, 6220.055557023301844 ], [ 44269.088192126437207, 6220.047139673682068 ], [ 44269.092387953249272, 6220.038268343236268 ], [ 44269.095694033574546, 6220.029028467724856 ], [ 44269.098078528040787, 6220.019509032201313 ], [ 44269.099518472670752, 6220.009801714032619 ], [ 44269.099999999998545, 6220.0 ], [ 44269.099999999998545, 6154.0 ], [ 44269.099518472670752, 6153.990198285967381 ], [ 44269.098078528040787, 6153.980490967798687 ], [ 44269.095694033574546, 6153.970971532274234 ], [ 44269.092387953249272, 6153.961731656763732 ], [ 44269.088192126437207, 6153.952860326317023 ], [ 44269.08314696123125, 6153.944442976698156 ], [ 44269.077301045334025, 6153.93656067158372 ], [ 44269.070710678119212, 6153.929289321881697 ], [ 44269.063439328419918, 6153.922698954664156 ], [ 44269.055557023304573, 6153.916853038769659 ], [ 44269.047139673682977, 6153.911807873565522 ], [ 44269.038268343239906, 6153.907612046748909 ], [ 44269.029028467724856, 6153.904305966426364 ], [ 44269.019509032201313, 6153.901921471960122 ], [ 44269.009801714033529, 6153.900481527332886 ], [ 44269.0, 6153.899999999999636 ], [ 44236.039657719127717, 6153.899999999999636 ], [ 44219.070743136508099, 6137.929256863417322 ], [ 44203.13931106684322, 6121.002110289397024 ], [ 44219.070710678119212, 6105.070710678118303 ], [ 44219.077301045334025, 6105.06343932841628 ], [ 44219.08314696123125, 6105.055557023301844 ], [ 44219.088192126437207, 6105.047139673682068 ], [ 44219.092387953249272, 6105.038268343236268 ], [ 44219.095694033574546, 6105.029028467724856 ], [ 44219.098078528040787, 6105.019509032201313 ], [ 44219.099518472670752, 6105.009801714032619 ], [ 44219.099999999998545, 6105.0 ], [ 44219.099999999998545, 6089.0 ], [ 44219.099518472670752, 6088.990198285967381 ], [ 44219.098078528040787, 6088.980490967798687 ], [ 44219.095694033574546, 6088.970971532274234 ], [ 44219.092387953249272, 6088.961731656763732 ], [ 44219.088192126437207, 6088.952860326317023 ], [ 44219.08314696123125, 6088.944442976698156 ], [ 44219.077301045334025, 6088.93656067158372 ], [ 44219.070710678119212, 6088.929289321881697 ], [ 44219.063439328419918, 6088.922698954664156 ], [ 44219.055557023304573, 6088.916853038769659 ], [ 44219.047139673682977, 6088.911807873565522 ], [ 44219.038268343239906, 6088.907612046748909 ], [ 44219.029028467724856, 6088.904305966426364 ], [ 44219.019509032201313, 6088.901921471960122 ], [ 44219.009801714033529, 6088.900481527332886 ], [ 44219.0, 6088.899999999999636 ], [ 44186.043207265051024, 6088.899999999999636 ], [ 44170.099999999998545, 6071.96034228087774 ], [ 44170.099999999998545, 6006.0 ], [ 44170.099518472670752, 6005.990198285967381 ], [ 44170.098078528040787, 6005.980490967798687 ], [ 44170.095694033574546, 6005.970971532274234 ], [ 44170.092387953249272, 6005.961731656763732 ], [ 44170.088192126437207, 6005.952860326317023 ], [ 44170.08314696123125, 6005.944442976698156 ], [ 44170.077301045334025, 6005.93656067158372 ], [ 44170.070710678119212, 6005.929289321881697 ], [ 44170.063439328419918, 6005.922698954664156 ], [ 44170.055557023304573, 6005.916853038769659 ], [ 44170.047139673682977, 6005.911807873565522 ], [ 44170.038268343239906, 6005.907612046748909 ], [ 44170.029028467724856, 6005.904305966426364 ], [ 44170.019509032201313, 6005.901921471960122 ], [ 44170.009801714033529, 6005.900481527332886 ], [ 44170.0, 6005.899999999999636 ], [ 44137.039657719127717, 6005.899999999999636 ], [ 44120.070743136508099, 5989.929256863417322 ], [ 44104.099999999998545, 5972.96034228087774 ], [ 44104.099999999998545, 5924.0 ], [ 44104.099518472670752, 5923.990198285967381 ], [ 44104.098078528040787, 5923.980490967798687 ], [ 44104.095694033574546, 5923.970971532274234 ], [ 44104.092387953249272, 5923.961731656763732 ], [ 44104.088192126437207, 5923.952860326317023 ], [ 44104.08314696123125, 5923.944442976698156 ], [ 44104.077301045334025, 5923.93656067158372 ], [ 44104.070710678119212, 5923.929289321881697 ], [ 44104.063439328419918, 5923.922698954664156 ], [ 44104.055557023304573, 5923.916853038769659 ], [ 44104.047139673682977, 5923.911807873565522 ], [ 44104.038268343239906, 5923.907612046748909 ], [ 44104.029028467724856, 5923.904305966426364 ], [ 44104.019509032201313, 5923.901921471960122 ], [ 44104.009801714033529, 5923.900481527332886 ], [ 44104.0, 5923.899999999999636 ], [ 44038.04142135623988, 5923.899999999999636 ], [ 44022.099999999998545, 5907.95857864376103 ], [ 44022.099999999998545, 5842.0 ], [ 44022.099518472670752, 5841.990198285967381 ], [ 44022.098078528040787, 5841.980490967798687 ], [ 44022.095694033574546, 5841.970971532275144 ], [ 44022.092387953249272, 5841.961731656763732 ], [ 44022.088192126437207, 5841.952860326317932 ], [ 44022.08314696123125, 5841.944442976698156 ], [ 44022.077301045334025, 5841.93656067158372 ], [ 44022.070710678119212, 5841.929289321881697 ], [ 44005.099999999998545, 5824.95857864376103 ], [ 44005.099999999998545, 5776.0 ], [ 44005.099554875414469, 5775.990575203930348 ], [ 44005.09822346438159, 5775.981234312029301 ], [ 44005.096017619769555, 5775.972060481510198 ], [ 44005.092956979096925, 5775.963135382321525 ], [ 44005.089068789697194, 5775.954538470085026 ], [ 44005.084387666131079, 5775.946346278740748 ], [ 44005.078955282071547, 5775.938631739203629 ], [ 44005.072819999266358, 5775.931463530099791 ], [ 43989.072819999266358, 5758.931463530099791 ], [ 43989.065465824707644, 5758.924407501723181 ], [ 43989.057431647321209, 5758.918136663361111 ], [ 43989.048800919270434, 5758.912716151101449 ], [ 43989.039663289135206, 5758.908202268573405 ], [ 43989.030113670785795, 5758.904641902116964 ], [ 43989.020251257461496, 5758.902072033763034 ], [ 43989.010178491444094, 5758.900519357099256 ], [ 43989.0, 5758.899999999999636 ], [ 43972.04142135623988, 5758.899999999999636 ], [ 43956.070710678119212, 5742.929289321881697 ], [ 43956.063439328419918, 5742.922698954664156 ], [ 43956.055557023304573, 5742.916853038769659 ], [ 43956.047139673682977, 5742.911807873565522 ], [ 43956.038268343239906, 5742.907612046748909 ], [ 43956.029028467724856, 5742.904305966427273 ], [ 43956.019509032201313, 5742.901921471960122 ], [ 43956.009801714033529, 5742.900481527332886 ], [ 43956.0, 5742.899999999999636 ], [ 43890.0, 5742.899999999999636 ], [ 43889.990198285966471, 5742.900481527332886 ], [ 43889.980490967798687, 5742.901921471960122 ], [ 43889.970971532275144, 5742.904305966427273 ], [ 43889.961731656760094, 5742.907612046748909 ], [ 43889.952860326317023, 5742.911807873565522 ], [ 43889.944442976695427, 5742.916853038769659 ], [ 43889.936560671580082, 5742.922698954664156 ], [ 43889.929289321880788, 5742.929289321881697 ], [ 43856.929289321880788, 5775.929289321881697 ], [ 43856.922698954665975, 5775.93656067158372 ], [ 43856.91685303876875, 5775.944442976698156 ], [ 43856.911807873562793, 5775.952860326317932 ], [ 43856.907612046750728, 5775.961731656763732 ], [ 43856.904305966425454, 5775.970971532275144 ], [ 43856.901921471959213, 5775.980490967798687 ], [ 43856.900481527329248, 5775.990198285967381 ], [ 43856.900000000001455, 5776.0 ], [ 43856.900000000001455, 5791.96034228087774 ], [ 43840.997824793754262, 5808.856403437515837 ], [ 43808.13931106684322, 5775.997889710602976 ], [ 43824.072819999266358, 5759.068536469900209 ], [ 43824.078955282071547, 5759.061368260796371 ], [ 43824.084387666131079, 5759.053653721259252 ], [ 43824.089068789697194, 5759.045461529914974 ], [ 43824.092956979096925, 5759.036864617678475 ], [ 43824.096017619769555, 5759.027939518489802 ], [ 43824.09822346438159, 5759.018765687970699 ], [ 43824.099554875414469, 5759.009424796069652 ], [ 43824.099999999998545, 5759.0 ], [ 43824.099999999998545, 5677.0 ], [ 43824.099518472670752, 5676.990198285967381 ], [ 43824.098078528040787, 5676.980490967798687 ], [ 43824.095694033574546, 5676.970971532275144 ], [ 43824.092387953249272, 5676.961731656763732 ], [ 43824.088192126437207, 5676.952860326317932 ], [ 43824.08314696123125, 5676.944442976698156 ], [ 43824.077301045334025, 5676.93656067158372 ], [ 43824.070710678119212, 5676.929289321881697 ], [ 43791.070710678119212, 5643.929289321881697 ], [ 43791.063439328419918, 5643.922698954664156 ], [ 43791.055557023304573, 5643.916853038769659 ], [ 43791.047139673682977, 5643.911807873565522 ], [ 43791.038268343239906, 5643.907612046748909 ], [ 43791.029028467724856, 5643.904305966427273 ], [ 43791.019509032201313, 5643.901921471960122 ], [ 43791.009801714033529, 5643.900481527332886 ], [ 43791.0, 5643.899999999999636 ], [ 43742.0, 5643.899999999999636 ], [ 43741.989821508555906, 5643.900519357099256 ], [ 43741.979748742538504, 5643.902072033763034 ], [ 43741.969886329214205, 5643.904641902116964 ], [ 43741.960336710864794, 5643.908202268573405 ], [ 43741.951199080729566, 5643.912716151101449 ], [ 43741.942568352678791, 5643.918136663361111 ], [ 43741.934534175292356, 5643.924407501723181 ], [ 43741.927180000733642, 5643.931463530099791 ], [ 43725.927180000733642, 5660.931463530099791 ], [ 43725.921044717928453, 5660.938631739203629 ], [ 43725.915612333868921, 5660.946346278740748 ], [ 43725.910931210302806, 5660.954538470085026 ], [ 43725.907043020903075, 5660.963135382321525 ], [ 43725.903982380230445, 5660.972060481510198 ], [ 43725.90177653561841, 5660.981234312029301 ], [ 43725.900445124585531, 5660.990575203930348 ], [ 43725.900000000001455, 5661.0 ], [ 43725.900000000001455, 5676.95857864376103 ], [ 43692.997889710604795, 5709.860688933157689 ], [ 43676.068536469902028, 5693.927180000730914 ], [ 43676.061368260794552, 5693.921044717929362 ], [ 43676.053653721261071, 5693.915612333868921 ], [ 43676.045461529916793, 5693.910931210304625 ], [ 43676.036864617679385, 5693.907043020899437 ], [ 43676.027939518491621, 5693.903982380228626 ], [ 43676.018765687971609, 5693.901776535619319 ], [ 43676.009424796066014, 5693.900445124584621 ], [ 43676.0, 5693.899999999999636 ], [ 43643.0, 5693.899999999999636 ], [ 43642.990198285966471, 5693.900481527332886 ], [ 43642.980490967798687, 5693.901921471960122 ], [ 43642.970971532275144, 5693.904305966427273 ], [ 43642.961731656760094, 5693.907612046748909 ], [ 43642.952860326317023, 5693.911807873565522 ], [ 43642.944442976695427, 5693.916853038769659 ], [ 43642.936560671580082, 5693.922698954664156 ], [ 43642.929289321880788, 5693.929289321881697 ], [ 43593.95857864376012, 5742.899999999999636 ], [ 43561.039657719127717, 5742.899999999999636 ], [ 43544.068536469902028, 5726.927180000730914 ], [ 43544.061368260794552, 5726.921044717929362 ], [ 43544.053653721261071, 5726.915612333868921 ], [ 43544.045461529916793, 5726.910931210304625 ], [ 43544.036864617679385, 5726.907043020899437 ], [ 43544.027939518491621, 5726.903982380228626 ], [ 43544.018765687971609, 5726.901776535619319 ], [ 43544.009424796066014, 5726.900445124584621 ], [ 43544.0, 5726.899999999999636 ], [ 43495.0, 5726.899999999999636 ], [ 43494.990198285966471, 5726.900481527332886 ], [ 43494.980490967798687, 5726.901921471960122 ], [ 43494.970971532275144, 5726.904305966426364 ], [ 43494.961731656760094, 5726.907612046748909 ], [ 43494.952860326317023, 5726.911807873565522 ], [ 43494.944442976695427, 5726.916853038769659 ], [ 43494.936560671580082, 5726.922698954664156 ], [ 43494.929289321880788, 5726.929289321881697 ], [ 43494.922698954665975, 5726.93656067158372 ], [ 43494.91685303876875, 5726.944442976698156 ], [ 43494.911807873562793, 5726.952860326317023 ], [ 43494.907612046750728, 5726.961731656763732 ], [ 43494.904305966425454, 5726.970971532274234 ], [ 43494.901921471959213, 5726.980490967798687 ], [ 43494.900481527329248, 5726.990198285967381 ], [ 43494.900000000001455, 5727.0 ], [ 43494.900000000001455, 5758.96034228087774 ], [ 43478.929256863491901, 5775.929256863417322 ], [ 43461.931463530097972, 5791.927180000730914 ], [ 43461.924407501726819, 5791.934534175295084 ], [ 43461.918136663363839, 5791.942568352676062 ], [ 43461.912716151098721, 5791.951199080732295 ], [ 43461.908202268576133, 5791.960336710865704 ], [ 43461.904641902117874, 5791.969886329216024 ], [ 43461.902072033764853, 5791.979748742541233 ], [ 43461.900519357099256, 5791.989821508552268 ], [ 43461.900000000001455, 5792.0 ], [ 43461.900000000001455, 5809.0 ], [ 43461.900481527329248, 5809.009801714032619 ], [ 43461.901921471959213, 5809.019509032201313 ], [ 43461.904305966425454, 5809.029028467725766 ], [ 43461.907612046750728, 5809.038268343236268 ], [ 43461.911807873562793, 5809.047139673682977 ], [ 43461.91685303876875, 5809.055557023301844 ], [ 43461.922698954665975, 5809.06343932841628 ], [ 43461.929289321880788, 5809.070710678118303 ], [ 43461.936560671580082, 5809.077301045335844 ], [ 43461.944442976695427, 5809.083146961230341 ], [ 43461.952860326317023, 5809.088192126434478 ], [ 43461.961731656760094, 5809.092387953251091 ], [ 43461.970971532275144, 5809.095694033573636 ], [ 43461.980490967798687, 5809.098078528039878 ], [ 43461.990198285966471, 5809.099518472667114 ], [ 43462.0, 5809.100000000000364 ], [ 43495.0, 5809.100000000000364 ], [ 43495.009801714033529, 5809.099518472667114 ], [ 43495.019509032201313, 5809.098078528039878 ], [ 43495.029028467724856, 5809.095694033573636 ], [ 43495.038268343239906, 5809.092387953251091 ], [ 43495.047139673682977, 5809.088192126434478 ], [ 43495.055557023304573, 5809.083146961230341 ], [ 43495.063439328419918, 5809.077301045335844 ], [ 43495.070710678119212, 5809.070710678118303 ], [ 43495.077301045334025, 5809.06343932841628 ], [ 43495.08314696123125, 5809.055557023301844 ], [ 43495.088192126437207, 5809.047139673682977 ], [ 43495.092387953249272, 5809.038268343236268 ], [ 43495.095694033574546, 5809.029028467725766 ], [ 43495.098078528040787, 5809.019509032201313 ], [ 43495.099518472670752, 5809.009801714032619 ], [ 43495.099999999998545, 5809.0 ], [ 43495.099999999998545, 5792.043207265061028 ], [ 43512.039657719127717, 5776.100000000000364 ], [ 43527.95857864376012, 5776.100000000000364 ], [ 43560.900000000001455, 5809.04142135623897 ], [ 43560.900000000001455, 5841.956792734938972 ], [ 43543.931463530097972, 5857.927180000730914 ], [ 43543.924407501726819, 5857.934534175295084 ], [ 43543.918136663363839, 5857.942568352676062 ], [ 43543.912716151098721, 5857.951199080732295 ], [ 43543.908202268576133, 5857.960336710865704 ], [ 43543.904641902117874, 5857.969886329216024 ], [ 43543.902072033764853, 5857.979748742541233 ], [ 43543.900519357099256, 5857.989821508552268 ], [ 43543.900000000001455, 5858.0 ], [ 43543.900000000001455, 5891.0 ], [ 43543.900481527329248, 5891.009801714032619 ], [ 43543.901921471959213, 5891.019509032201313 ], [ 43543.904305966425454, 5891.029028467724856 ], [ 43543.907612046750728, 5891.038268343236268 ], [ 43543.911807873562793, 5891.047139673682068 ], [ 43543.91685303876875, 5891.055557023301844 ], [ 43543.922698954665975, 5891.06343932841628 ], [ 43543.929289321880788, 5891.070710678118303 ], [ 43576.900000000001455, 5924.04142135623897 ], [ 43576.900000000001455, 5940.0 ], [ 43576.900481527329248, 5940.009801714032619 ], [ 43576.901921471959213, 5940.019509032201313 ], [ 43576.904305966425454, 5940.029028467725766 ], [ 43576.907612046750728, 5940.038268343236268 ], [ 43576.911807873562793, 5940.047139673682977 ], [ 43576.91685303876875, 5940.055557023301844 ], [ 43576.922698954665975, 5940.06343932841628 ], [ 43576.929289321880788, 5940.070710678118303 ], [ 43576.936560671580082, 5940.077301045335844 ], [ 43576.944442976695427, 5940.083146961230341 ], [ 43576.952860326317023, 5940.088192126434478 ], [ 43576.961731656760094, 5940.092387953251091 ], [ 43576.970971532275144, 5940.095694033573636 ], [ 43576.980490967798687, 5940.098078528039878 ], [ 43576.990198285966471, 5940.099518472667114 ], [ 43577.0, 5940.100000000000364 ], [ 43593.956792734948976, 5940.100000000000364 ], [ 43609.900000000001455, 5957.03965771912226 ], [ 43609.900000000001455, 5973.0 ], [ 43609.900481527329248, 5973.009801714032619 ], [ 43609.901921471959213, 5973.019509032201313 ], [ 43609.904305966425454, 5973.029028467724856 ], [ 43609.907612046750728, 5973.038268343236268 ], [ 43609.911807873562793, 5973.047139673682068 ], [ 43609.91685303876875, 5973.055557023301844 ], [ 43609.922698954665975, 5973.06343932841628 ], [ 43609.929289321880788, 5973.070710678118303 ], [ 43626.900000000001455, 5990.04142135623897 ], [ 43626.900000000001455, 6022.956792734938972 ], [ 43609.960342280872283, 6038.899999999999636 ], [ 43561.0, 6038.899999999999636 ], [ 43560.990198285966471, 6038.900481527332886 ], [ 43560.980490967798687, 6038.901921471960122 ], [ 43560.970971532275144, 6038.904305966427273 ], [ 43560.961731656760094, 6038.907612046748909 ], [ 43560.952860326317023, 6038.911807873565522 ], [ 43560.944442976695427, 6038.916853038769659 ], [ 43560.936560671580082, 6038.922698954664156 ], [ 43560.929289321880788, 6038.929289321881697 ], [ 43543.95857864376012, 6055.899999999999636 ], [ 43528.0, 6055.899999999999636 ], [ 43527.990198285966471, 6055.900481527332886 ], [ 43527.980490967798687, 6055.901921471960122 ], [ 43527.970971532275144, 6055.904305966427273 ], [ 43527.961731656760094, 6055.907612046748909 ], [ 43527.952860326317023, 6055.911807873565522 ], [ 43527.944442976695427, 6055.916853038769659 ], [ 43527.936560671580082, 6055.922698954664156 ], [ 43527.929289321880788, 6055.929289321881697 ], [ 43511.929289321880788, 6071.929289321881697 ], [ 43511.922698954665975, 6071.93656067158372 ], [ 43511.91685303876875, 6071.944442976698156 ], [ 43511.911807873562793, 6071.952860326317932 ], [ 43511.907612046750728, 6071.961731656763732 ], [ 43511.904305966425454, 6071.970971532275144 ], [ 43511.901921471959213, 6071.980490967798687 ], [ 43511.900481527329248, 6071.990198285967381 ], [ 43511.900000000001455, 6072.0 ], [ 43511.900000000001455, 6089.0 ], [ 43511.900481527329248, 6089.009801714032619 ], [ 43511.901921471959213, 6089.019509032201313 ], [ 43511.904305966425454, 6089.029028467725766 ], [ 43511.907612046750728, 6089.038268343236268 ], [ 43511.911807873562793, 6089.047139673682977 ], [ 43511.91685303876875, 6089.055557023301844 ], [ 43511.922698954665975, 6089.06343932841628 ], [ 43511.929289321880788, 6089.070710678118303 ], [ 43511.936560671580082, 6089.077301045335844 ], [ 43511.944442976695427, 6089.083146961230341 ], [ 43511.952860326317023, 6089.088192126434478 ], [ 43511.961731656760094, 6089.092387953251091 ], [ 43511.970971532275144, 6089.095694033573636 ], [ 43511.980490967798687, 6089.098078528039878 ], [ 43511.990198285966471, 6089.099518472667114 ], [ 43512.0, 6089.100000000000364 ], [ 43560.95857864376012, 6089.100000000000364 ], [ 43576.929289321880788, 6105.070710678118303 ], [ 43576.936560671580082, 6105.077301045335844 ], [ 43576.944442976695427, 6105.083146961230341 ], [ 43576.952860326317023, 6105.088192126434478 ], [ 43576.961731656760094, 6105.092387953251091 ], [ 43576.970971532275144, 6105.095694033572727 ], [ 43576.980490967798687, 6105.098078528039878 ], [ 43576.990198285966471, 6105.099518472667114 ], [ 43577.0, 6105.100000000000364 ], [ 43609.960342280872283, 6105.100000000000364 ], [ 43626.900000000001455, 6121.043207265061028 ], [ 43626.900000000001455, 6138.0 ], [ 43626.900481527329248, 6138.009801714032619 ], [ 43626.901921471959213, 6138.019509032201313 ], [ 43626.904305966425454, 6138.029028467724856 ], [ 43626.907612046750728, 6138.038268343236268 ], [ 43626.911807873562793, 6138.047139673682068 ], [ 43626.91685303876875, 6138.055557023301844 ], [ 43626.922698954665975, 6138.06343932841628 ], [ 43626.929289321880788, 6138.070710678118303 ], [ 43642.86068893315678, 6154.002110289397024 ], [ 43626.927180000733642, 6170.931463530099791 ], [ 43626.921044717928453, 6170.938631739203629 ], [ 43626.915612333868921, 6170.946346278740748 ], [ 43626.910931210302806, 6170.954538470085026 ], [ 43626.907043020903075, 6170.963135382321525 ], [ 43626.903982380230445, 6170.972060481510198 ], [ 43626.90177653561841, 6170.981234312029301 ], [ 43626.900445124585531, 6170.990575203930348 ], [ 43626.900000000001455, 6171.0 ], [ 43626.900000000001455, 6285.956792734938972 ], [ 43609.931463530097972, 6301.927180000730914 ], [ 43609.927180000733642, 6301.931463530099791 ], [ 43593.929256863491901, 6318.929256863417322 ], [ 43576.931463530097972, 6334.927180000730914 ], [ 43576.924407501726819, 6334.934534175295084 ], [ 43576.918136663363839, 6334.942568352676062 ], [ 43576.912716151098721, 6334.951199080732295 ], [ 43576.908202268576133, 6334.960336710865704 ], [ 43576.904641902117874, 6334.969886329216024 ], [ 43576.902072033764853, 6334.979748742541233 ], [ 43576.900519357099256, 6334.989821508552268 ], [ 43576.900000000001455, 6335.0 ], [ 43576.900000000001455, 6466.96034228087774 ], [ 43560.929256863491901, 6483.929256863417322 ], [ 43543.931463530097972, 6499.927180000730914 ], [ 43543.924407501726819, 6499.934534175295084 ], [ 43543.918136663363839, 6499.942568352676062 ], [ 43543.912716151098721, 6499.951199080732295 ], [ 43543.908202268576133, 6499.960336710865704 ], [ 43543.904641902117874, 6499.969886329216024 ], [ 43543.902072033764853, 6499.979748742541233 ], [ 43543.900519357099256, 6499.989821508552268 ], [ 43543.900000000001455, 6500.0 ], [ 43543.900000000001455, 6515.96034228087774 ], [ 43527.928218193868815, 6532.930360449893669 ], [ 43511.929289321880788, 6548.929289321881697 ], [ 43511.922698954665975, 6548.93656067158372 ], [ 43511.91685303876875, 6548.944442976698156 ], [ 43511.911807873562793, 6548.952860326317932 ], [ 43511.907612046750728, 6548.961731656763732 ], [ 43511.904305966425454, 6548.970971532275144 ], [ 43511.901921471959213, 6548.980490967798687 ], [ 43511.900481527329248, 6548.990198285967381 ], [ 43511.900000000001455, 6549.0 ], [ 43511.900000000001455, 6615.0 ], [ 43511.900445124585531, 6615.009424796069652 ], [ 43511.90177653561841, 6615.018765687970699 ], [ 43511.903982380230445, 6615.027939518489802 ], [ 43511.907043020903075, 6615.036864617678475 ], [ 43511.910931210302806, 6615.045461529914974 ], [ 43511.915612333868921, 6615.053653721259252 ], [ 43511.921044717928453, 6615.061368260796371 ], [ 43511.927180000733642, 6615.068536469900209 ], [ 43527.86068893315678, 6631.997889710602976 ], [ 43511.95857864376012, 6647.899999999999636 ], [ 43479.039657719127717, 6647.899999999999636 ], [ 43462.068536469902028, 6631.927180000730914 ], [ 43462.061368260794552, 6631.921044717929362 ], [ 43462.053653721261071, 6631.915612333868921 ], [ 43462.045461529916793, 6631.910931210304625 ], [ 43462.036864617679385, 6631.907043020899437 ], [ 43462.027939518491621, 6631.903982380228626 ], [ 43462.018765687971609, 6631.901776535619319 ], [ 43462.009424796066014, 6631.900445124584621 ], [ 43462.0, 6631.899999999999636 ], [ 43429.043207265051024, 6631.899999999999636 ], [ 43413.072819999266358, 6614.931463530099791 ], [ 43413.065465824707644, 6614.924407501723181 ], [ 43413.057431647321209, 6614.918136663361111 ], [ 43413.048800919270434, 6614.912716151101449 ], [ 43413.039663289135206, 6614.908202268573405 ], [ 43413.030113670785795, 6614.904641902116964 ], [ 43413.020251257461496, 6614.902072033763034 ], [ 43413.010178491444094, 6614.900519357099256 ], [ 43413.0, 6614.899999999999636 ], [ 43380.039657719127717, 6614.899999999999636 ], [ 43363.068536469902028, 6598.927180000730914 ], [ 43363.061368260794552, 6598.921044717929362 ], [ 43363.053653721261071, 6598.915612333868921 ], [ 43363.045461529916793, 6598.910931210304625 ], [ 43363.036864617679385, 6598.907043020899437 ], [ 43363.027939518491621, 6598.903982380228626 ], [ 43363.018765687971609, 6598.901776535619319 ], [ 43363.009424796066014, 6598.900445124584621 ], [ 43363.0, 6598.899999999999636 ], [ 43298.04142135623988, 6598.899999999999636 ], [ 43281.070710678119212, 6581.929289321881697 ], [ 43281.063439328419918, 6581.922698954664156 ], [ 43281.055557023304573, 6581.916853038769659 ], [ 43281.047139673682977, 6581.911807873565522 ], [ 43281.038268343239906, 6581.907612046748909 ], [ 43281.029028467724856, 6581.904305966427273 ], [ 43281.019509032201313, 6581.901921471960122 ], [ 43281.009801714033529, 6581.900481527332886 ], [ 43281.0, 6581.899999999999636 ], [ 43265.039657719127717, 6581.899999999999636 ], [ 43248.068536469902028, 6565.927180000730914 ], [ 43248.061368260794552, 6565.921044717929362 ], [ 43248.053653721261071, 6565.915612333868921 ], [ 43248.045461529916793, 6565.910931210304625 ], [ 43248.036864617679385, 6565.907043020899437 ], [ 43248.027939518491621, 6565.903982380228626 ], [ 43248.018765687971609, 6565.901776535619319 ], [ 43248.009424796066014, 6565.900445124584621 ], [ 43248.0, 6565.899999999999636 ], [ 43215.0, 6565.899999999999636 ], [ 43214.990198285966471, 6565.900481527332886 ], [ 43214.980490967798687, 6565.901921471960122 ], [ 43214.970971532275144, 6565.904305966427273 ], [ 43214.961731656760094, 6565.907612046748909 ], [ 43214.952860326317023, 6565.911807873565522 ], [ 43214.944442976695427, 6565.916853038769659 ], [ 43214.936560671580082, 6565.922698954664156 ], [ 43214.929289321880788, 6565.929289321881697 ], [ 43198.95857864376012, 6581.899999999999636 ], [ 43117.0, 6581.899999999999636 ], [ 43116.990198285966471, 6581.900481527332886 ], [ 43116.980490967798687, 6581.901921471960122 ], [ 43116.970971532275144, 6581.904305966427273 ], [ 43116.961731656760094, 6581.907612046748909 ], [ 43116.952860326317023, 6581.911807873565522 ], [ 43116.944442976695427, 6581.916853038769659 ], [ 43116.936560671580082, 6581.922698954664156 ], [ 43116.929289321880788, 6581.929289321881697 ], [ 43083.95857864376012, 6614.899999999999636 ], [ 43034.0, 6614.899999999999636 ], [ 43033.989821508555906, 6614.900519357099256 ], [ 43033.979748742538504, 6614.902072033763034 ], [ 43033.969886329214205, 6614.904641902116964 ], [ 43033.960336710864794, 6614.908202268573405 ], [ 43033.951199080729566, 6614.912716151101449 ], [ 43033.942568352678791, 6614.918136663361111 ], [ 43033.934534175292356, 6614.924407501723181 ], [ 43033.927180000733642, 6614.931463530099791 ], [ 43017.956792734948976, 6631.899999999999636 ], [ 42985.0, 6631.899999999999636 ], [ 42984.990198285966471, 6631.900481527332886 ], [ 42984.980490967798687, 6631.901921471960122 ], [ 42984.970971532275144, 6631.904305966427273 ], [ 42984.961731656760094, 6631.907612046748909 ], [ 42984.952860326317023, 6631.911807873565522 ], [ 42984.944442976695427, 6631.916853038769659 ], [ 42984.936560671580082, 6631.922698954664156 ], [ 42984.929289321880788, 6631.929289321881697 ], [ 42968.95857864376012, 6647.899999999999636 ], [ 42936.0, 6647.899999999999636 ], [ 42935.990198285966471, 6647.900481527332886 ], [ 42935.980490967798687, 6647.901921471960122 ], [ 42935.970971532275144, 6647.904305966427273 ], [ 42935.961731656760094, 6647.907612046748909 ], [ 42935.952860326317023, 6647.911807873565522 ], [ 42935.944442976695427, 6647.916853038769659 ], [ 42935.936560671580082, 6647.922698954664156 ], [ 42935.929289321880788, 6647.929289321881697 ], [ 42918.95857864376012, 6664.899999999999636 ], [ 42903.0, 6664.899999999999636 ], [ 42902.990575203933986, 6664.900445124584621 ], [ 42902.981234312028391, 6664.901776535619319 ], [ 42902.972060481508379, 6664.903982380228626 ], [ 42902.963135382320615, 6664.907043020899437 ], [ 42902.954538470083207, 6664.910931210304625 ], [ 42902.946346278738929, 6664.915612333868921 ], [ 42902.938631739205448, 6664.921044717929362 ], [ 42902.931463530097972, 6664.927180000730914 ], [ 42885.960342280872283, 6680.899999999999636 ], [ 42853.0, 6680.899999999999636 ], [ 42852.990198285966471, 6680.900481527332886 ], [ 42852.980490967798687, 6680.901921471960122 ], [ 42852.970971532275144, 6680.904305966427273 ], [ 42852.961731656760094, 6680.907612046748909 ], [ 42852.952860326317023, 6680.911807873565522 ], [ 42852.944442976695427, 6680.916853038769659 ], [ 42852.936560671580082, 6680.922698954664156 ], [ 42852.929289321880788, 6680.929289321881697 ], [ 42836.95857864376012, 6696.899999999999636 ], [ 42771.0, 6696.899999999999636 ], [ 42770.990198285966471, 6696.900481527332886 ], [ 42770.980490967798687, 6696.901921471960122 ], [ 42770.970971532275144, 6696.904305966426364 ], [ 42770.961731656760094, 6696.907612046748909 ], [ 42770.952860326317023, 6696.911807873565522 ], [ 42770.944442976695427, 6696.916853038769659 ], [ 42770.936560671580082, 6696.922698954664156 ], [ 42770.929289321880788, 6696.929289321881697 ], [ 42770.922698954665975, 6696.93656067158372 ], [ 42770.91685303876875, 6696.944442976698156 ], [ 42770.911807873562793, 6696.952860326317023 ], [ 42770.907612046750728, 6696.961731656763732 ], [ 42770.904305966425454, 6696.970971532274234 ], [ 42770.901921471959213, 6696.980490967798687 ], [ 42770.900481527329248, 6696.990198285967381 ], [ 42770.900000000001455, 6697.0 ], [ 42770.900000000001455, 6714.0 ], [ 42770.900481527329248, 6714.009801714032619 ], [ 42770.901921471959213, 6714.019509032201313 ], [ 42770.904305966425454, 6714.029028467725766 ], [ 42770.907612046750728, 6714.038268343236268 ], [ 42770.911807873562793, 6714.047139673682977 ], [ 42770.91685303876875, 6714.055557023301844 ], [ 42770.922698954665975, 6714.06343932841628 ], [ 42770.929289321880788, 6714.070710678118303 ], [ 42770.936560671580082, 6714.077301045335844 ], [ 42770.944442976695427, 6714.083146961230341 ], [ 42770.952860326317023, 6714.088192126434478 ], [ 42770.961731656760094, 6714.092387953251091 ], [ 42770.970971532275144, 6714.095694033573636 ], [ 42770.980490967798687, 6714.098078528039878 ], [ 42770.990198285966471, 6714.099518472667114 ], [ 42771.0, 6714.100000000000364 ], [ 42969.0, 6714.100000000000364 ], [ 42969.010178491444094, 6714.099480642900744 ], [ 42969.020251257461496, 6714.097927966236966 ], [ 42969.030113670785795, 6714.095358097883036 ], [ 42969.039663289135206, 6714.091797731426595 ], [ 42969.048800919270434, 6714.087283848898551 ], [ 42969.057431647321209, 6714.081863336638889 ], [ 42969.065465824707644, 6714.075592498276819 ], [ 42969.072819999266358, 6714.068536469900209 ], [ 42985.043207265051024, 6697.100000000000364 ], [ 43034.0, 6697.100000000000364 ], [ 43034.009424796066014, 6697.099554875415379 ], [ 43034.018765687971609, 6697.098223464380681 ], [ 43034.027939518491621, 6697.096017619771374 ], [ 43034.036864617679385, 6697.092956979100563 ], [ 43034.045461529916793, 6697.089068789695375 ], [ 43034.053653721261071, 6697.084387666131079 ], [ 43034.061368260794552, 6697.078955282070638 ], [ 43034.068536469902028, 6697.072819999269086 ], [ 43051.039657719127717, 6681.100000000000364 ], [ 43166.0, 6681.100000000000364 ], [ 43166.009801714033529, 6681.099518472667114 ], [ 43166.019509032201313, 6681.098078528039878 ], [ 43166.029028467724856, 6681.095694033572727 ], [ 43166.038268343239906, 6681.092387953251091 ], [ 43166.047139673682977, 6681.088192126434478 ], [ 43166.055557023304573, 6681.083146961230341 ], [ 43166.063439328419918, 6681.077301045335844 ], [ 43166.070710678119212, 6681.070710678118303 ], [ 43182.04142135623988, 6665.100000000000364 ], [ 43232.0, 6665.100000000000364 ], [ 43232.010178491444094, 6665.099480642900744 ], [ 43232.020251257461496, 6665.097927966236966 ], [ 43232.030113670785795, 6665.095358097883036 ], [ 43232.039663289135206, 6665.091797731426595 ], [ 43232.048800919270434, 6665.087283848898551 ], [ 43232.057431647321209, 6665.081863336638889 ], [ 43232.065465824707644, 6665.075592498276819 ], [ 43232.072819999266358, 6665.068536469900209 ], [ 43248.002175206245738, 6648.143596562484163 ], [ 43264.929289321880788, 6665.070710678118303 ], [ 43264.936560671580082, 6665.077301045335844 ], [ 43264.944442976695427, 6665.083146961230341 ], [ 43264.952860326317023, 6665.088192126434478 ], [ 43264.961731656760094, 6665.092387953251091 ], [ 43264.970971532275144, 6665.095694033572727 ], [ 43264.980490967798687, 6665.098078528039878 ], [ 43264.990198285966471, 6665.099518472667114 ], [ 43265.0, 6665.100000000000364 ], [ 43298.0, 6665.100000000000364 ], [ 43298.010178491444094, 6665.099480642900744 ], [ 43298.020251257461496, 6665.097927966236966 ], [ 43298.030113670785795, 6665.095358097883036 ], [ 43298.039663289135206, 6665.091797731426595 ], [ 43298.048800919270434, 6665.087283848898551 ], [ 43298.057431647321209, 6665.081863336638889 ], [ 43298.065465824707644, 6665.075592498276819 ], [ 43298.072819999266358, 6665.068536469900209 ], [ 43314.043207265051024, 6648.100000000000364 ], [ 43362.95857864376012, 6648.100000000000364 ], [ 43379.929289321880788, 6665.070710678118303 ], [ 43379.936560671580082, 6665.077301045335844 ], [ 43379.944442976695427, 6665.083146961230341 ], [ 43379.952860326317023, 6665.088192126434478 ], [ 43379.961731656760094, 6665.092387953251091 ], [ 43379.970971532275144, 6665.095694033572727 ], [ 43379.980490967798687, 6665.098078528039878 ], [ 43379.990198285966471, 6665.099518472667114 ], [ 43380.0, 6665.100000000000364 ], [ 43395.960342280872283, 6665.100000000000364 ], [ 43412.931463530097972, 6681.072819999269086 ], [ 43412.938631739205448, 6681.078955282070638 ], [ 43412.946346278738929, 6681.084387666131079 ], [ 43412.954538470083207, 6681.089068789695375 ], [ 43412.963135382320615, 6681.092956979100563 ], [ 43412.972060481508379, 6681.096017619771374 ], [ 43412.981234312028391, 6681.098223464380681 ], [ 43412.990575203933986, 6681.099554875415379 ], [ 43413.0, 6681.100000000000364 ], [ 43512.0, 6681.100000000000364 ], [ 43512.009801714033529, 6681.099518472667114 ], [ 43512.019509032201313, 6681.098078528039878 ], [ 43512.029028467724856, 6681.095694033572727 ], [ 43512.038268343239906, 6681.092387953251091 ], [ 43512.047139673682977, 6681.088192126434478 ], [ 43512.055557023304573, 6681.083146961230341 ], [ 43512.063439328419918, 6681.077301045335844 ], [ 43512.070710678119212, 6681.070710678118303 ], [ 43528.0, 6665.141421356237515 ], [ 43543.900000000001455, 6681.04142135623897 ], [ 43543.900000000001455, 6861.95857864376103 ], [ 43527.929289321880788, 6877.929289321881697 ], [ 43527.922698954665975, 6877.93656067158372 ], [ 43527.91685303876875, 6877.944442976698156 ], [ 43527.911807873562793, 6877.952860326317932 ], [ 43527.907612046750728, 6877.961731656763732 ], [ 43527.904305966425454, 6877.970971532275144 ], [ 43527.901921471959213, 6877.980490967798687 ], [ 43527.900481527329248, 6877.990198285967381 ], [ 43527.900000000001455, 6878.0 ], [ 43527.900000000001455, 6943.96034228087774 ], [ 43511.927180000733642, 6960.931463530099791 ], [ 43511.921044717928453, 6960.938631739203629 ], [ 43511.915612333868921, 6960.946346278740748 ], [ 43511.910931210302806, 6960.954538470085026 ], [ 43511.907043020903075, 6960.963135382321525 ], [ 43511.903982380230445, 6960.972060481510198 ], [ 43511.90177653561841, 6960.981234312029301 ], [ 43511.900445124585531, 6960.990575203930348 ], [ 43511.900000000001455, 6961.0 ], [ 43511.900000000001455, 7289.956792734938972 ], [ 43494.931463530097972, 7305.927180000730914 ], [ 43494.924407501726819, 7305.934534175295084 ], [ 43494.918136663363839, 7305.942568352676062 ], [ 43494.912716151098721, 7305.951199080732295 ], [ 43494.908202268576133, 7305.960336710865704 ], [ 43494.904641902117874, 7305.969886329216024 ], [ 43494.902072033764853, 7305.979748742541233 ], [ 43494.900519357099256, 7305.989821508552268 ], [ 43494.900000000001455, 7306.0 ], [ 43494.900000000001455, 7322.95857864376103 ], [ 43478.929289321880788, 7338.929289321881697 ], [ 43478.922698954665975, 7338.93656067158372 ], [ 43478.91685303876875, 7338.944442976698156 ], [ 43478.911807873562793, 7338.952860326317932 ], [ 43478.907612046750728, 7338.961731656763732 ], [ 43478.904305966425454, 7338.970971532275144 ], [ 43478.901921471959213, 7338.980490967798687 ], [ 43478.900481527329248, 7338.990198285967381 ], [ 43478.900000000001455, 7339.0 ], [ 43478.900000000001455, 7421.956792734938972 ], [ 43461.931463530097972, 7437.927180000730914 ], [ 43461.929289321880788, 7437.929289321881697 ], [ 43445.929289321880788, 7453.929289321881697 ], [ 43445.922698954665975, 7453.93656067158372 ], [ 43445.91685303876875, 7453.944442976698156 ], [ 43445.911807873562793, 7453.952860326317932 ], [ 43445.907612046750728, 7453.961731656763732 ], [ 43445.904305966425454, 7453.970971532275144 ], [ 43445.901921471959213, 7453.980490967798687 ], [ 43445.900481527329248, 7453.990198285967381 ], [ 43445.900000000001455, 7454.0 ], [ 43445.900000000001455, 7552.95857864376103 ], [ 43428.929289321880788, 7569.929289321881697 ], [ 43428.922698954665975, 7569.93656067158372 ], [ 43428.91685303876875, 7569.944442976698156 ], [ 43428.911807873562793, 7569.952860326317932 ], [ 43428.907612046750728, 7569.961731656763732 ], [ 43428.904305966425454, 7569.970971532275144 ], [ 43428.901921471959213, 7569.980490967798687 ], [ 43428.900481527329248, 7569.990198285967381 ], [ 43428.900000000001455, 7570.0 ], [ 43428.900000000001455, 7618.96034228087774 ], [ 43412.927180000733642, 7635.931463530099791 ], [ 43412.921044717928453, 7635.938631739203629 ], [ 43412.915612333868921, 7635.946346278740748 ], [ 43412.910931210302806, 7635.954538470085026 ], [ 43412.907043020903075, 7635.963135382321525 ], [ 43412.903982380230445, 7635.972060481510198 ], [ 43412.90177653561841, 7635.981234312029301 ], [ 43412.900445124585531, 7635.990575203930348 ], [ 43412.900000000001455, 7636.0 ], [ 43412.900000000001455, 7766.95857864376103 ], [ 43395.929289321880788, 7783.929289321881697 ], [ 43395.922698954665975, 7783.93656067158372 ], [ 43395.91685303876875, 7783.944442976698156 ], [ 43395.911807873562793, 7783.952860326317932 ], [ 43395.907612046750728, 7783.961731656763732 ], [ 43395.904305966425454, 7783.970971532275144 ], [ 43395.901921471959213, 7783.980490967798687 ], [ 43395.900481527329248, 7783.990198285967381 ], [ 43395.900000000001455, 7784.0 ], [ 43395.900000000001455, 7881.96034228087774 ], [ 43379.927180000733642, 7898.931463530099791 ], [ 43379.921044717928453, 7898.938631739203629 ], [ 43379.915612333868921, 7898.946346278740748 ], [ 43379.910931210302806, 7898.954538470085026 ], [ 43379.907043020903075, 7898.963135382321525 ], [ 43379.903982380230445, 7898.972060481510198 ], [ 43379.90177653561841, 7898.981234312029301 ], [ 43379.900445124585531, 7898.990575203930348 ], [ 43379.900000000001455, 7899.0 ], [ 43379.900000000001455, 7964.956792734938972 ], [ 43362.931463530097972, 7980.927180000730914 ], [ 43362.927180000733642, 7980.931463530099791 ], [ 43346.928218193868815, 7997.930360449893669 ], [ 43330.929289321880788, 8013.929289321881697 ], [ 43330.922698954665975, 8013.93656067158372 ], [ 43330.91685303876875, 8013.944442976698156 ], [ 43330.911807873562793, 8013.952860326317932 ], [ 43330.907612046750728, 8013.961731656763732 ], [ 43330.904305966425454, 8013.970971532275144 ], [ 43330.901921471959213, 8013.980490967798687 ], [ 43330.900481527329248, 8013.990198285967381 ], [ 43330.900000000001455, 8014.0 ], [ 43330.900000000001455, 8029.95857864376103 ], [ 43280.95857864376012, 8079.899999999999636 ], [ 43265.0, 8079.899999999999636 ], [ 43264.990575203933986, 8079.900445124584621 ], [ 43264.981234312028391, 8079.901776535619319 ], [ 43264.972060481508379, 8079.903982380228626 ], [ 43264.963135382320615, 8079.907043020899437 ], [ 43264.954538470083207, 8079.910931210304625 ], [ 43264.946346278738929, 8079.915612333868921 ], [ 43264.938631739205448, 8079.921044717929362 ], [ 43264.931463530097972, 8079.927180000730914 ], [ 43247.931463530097972, 8095.927180000730914 ], [ 43247.924407501726819, 8095.934534175295084 ], [ 43247.918136663363839, 8095.942568352676062 ], [ 43247.912716151098721, 8095.951199080732295 ], [ 43247.908202268576133, 8095.960336710865704 ], [ 43247.904641902117874, 8095.969886329216024 ], [ 43247.902072033764853, 8095.979748742541233 ], [ 43247.900519357099256, 8095.989821508552268 ], [ 43247.900000000001455, 8096.0 ], [ 43247.900000000001455, 8113.0 ], [ 43247.900519357099256, 8113.010178491447732 ], [ 43247.902072033764853, 8113.020251257458767 ], [ 43247.904641902117874, 8113.030113670783976 ], [ 43247.908202268576133, 8113.039663289134296 ], [ 43247.912716151098721, 8113.048800919267705 ], [ 43247.918136663363839, 8113.057431647323938 ], [ 43247.924407501726819, 8113.065465824704916 ], [ 43247.931463530097972, 8113.072819999269086 ], [ 43264.900000000001455, 8129.043207265061028 ], [ 43264.900000000001455, 8161.95857864376103 ], [ 43247.95857864376012, 8178.899999999999636 ], [ 43215.0, 8178.899999999999636 ], [ 43214.990198285966471, 8178.900481527332886 ], [ 43214.980490967798687, 8178.901921471960122 ], [ 43214.970971532275144, 8178.904305966427273 ], [ 43214.961731656760094, 8178.907612046748909 ], [ 43214.952860326317023, 8178.911807873565522 ], [ 43214.944442976695427, 8178.916853038769659 ], [ 43214.936560671580082, 8178.922698954664156 ], [ 43214.929289321880788, 8178.929289321881697 ], [ 43198.95857864376012, 8194.899999999999636 ], [ 42376.04142135623988, 8194.899999999999636 ], [ 42360.099999999998545, 8178.95857864376103 ], [ 42360.099999999998545, 8146.0 ], [ 42360.099518472670752, 8145.990198285967381 ], [ 42360.098078528040787, 8145.980490967798687 ], [ 42360.095694033574546, 8145.970971532275144 ], [ 42360.092387953249272, 8145.961731656763732 ], [ 42360.088192126437207, 8145.952860326317932 ], [ 42360.08314696123125, 8145.944442976698156 ], [ 42360.077301045334025, 8145.93656067158372 ], [ 42360.070710678119212, 8145.929289321881697 ], [ 42343.099999999998545, 8128.95857864376103 ], [ 42343.099999999998545, 8063.0 ], [ 42343.099518472670752, 8062.990198285967381 ], [ 42343.098078528040787, 8062.980490967798687 ], [ 42343.095694033574546, 8062.970971532275144 ], [ 42343.092387953249272, 8062.961731656763732 ], [ 42343.088192126437207, 8062.952860326317932 ], [ 42343.08314696123125, 8062.944442976698156 ], [ 42343.077301045334025, 8062.93656067158372 ], [ 42343.070710678119212, 8062.929289321881697 ], [ 42327.099999999998545, 8046.95857864376103 ], [ 42327.099999999998545, 8014.04142135623897 ], [ 42343.04142135623988, 7998.100000000000364 ], [ 42360.0, 7998.100000000000364 ], [ 42360.009801714033529, 7998.099518472667114 ], [ 42360.019509032201313, 7998.098078528039878 ], [ 42360.029028467724856, 7998.095694033573636 ], [ 42360.038268343239906, 7998.092387953251091 ], [ 42360.047139673682977, 7998.088192126434478 ], [ 42360.055557023304573, 7998.083146961230341 ], [ 42360.063439328419918, 7998.077301045335844 ], [ 42360.070710678119212, 7998.070710678118303 ], [ 42360.077301045334025, 7998.06343932841628 ], [ 42360.08314696123125, 7998.055557023301844 ], [ 42360.088192126437207, 7998.047139673682977 ], [ 42360.092387953249272, 7998.038268343236268 ], [ 42360.095694033574546, 7998.029028467725766 ], [ 42360.098078528040787, 7998.019509032201313 ], [ 42360.099518472670752, 7998.009801714032619 ], [ 42360.099999999998545, 7998.0 ], [ 42360.099999999998545, 7981.0 ], [ 42360.099518472670752, 7980.990198285967381 ], [ 42360.098078528040787, 7980.980490967798687 ], [ 42360.095694033574546, 7980.970971532274234 ], [ 42360.092387953249272, 7980.961731656763732 ], [ 42360.088192126437207, 7980.952860326317023 ], [ 42360.08314696123125, 7980.944442976698156 ], [ 42360.077301045334025, 7980.93656067158372 ], [ 42360.070710678119212, 7980.929289321881697 ], [ 42360.063439328419918, 7980.922698954664156 ], [ 42360.055557023304573, 7980.916853038769659 ], [ 42360.047139673682977, 7980.911807873565522 ], [ 42360.038268343239906, 7980.907612046748909 ], [ 42360.029028467724856, 7980.904305966426364 ], [ 42360.019509032201313, 7980.901921471960122 ], [ 42360.009801714033529, 7980.900481527332886 ], [ 42360.0, 7980.899999999999636 ], [ 42327.039657719127717, 7980.899999999999636 ], [ 42310.099999999998545, 7964.956792734938972 ], [ 42310.099999999998545, 7932.0 ], [ 42310.099554875414469, 7931.990575203930348 ], [ 42310.09822346438159, 7931.981234312029301 ], [ 42310.096017619769555, 7931.972060481510198 ], [ 42310.092956979096925, 7931.963135382321525 ], [ 42310.089068789697194, 7931.954538470085026 ], [ 42310.084387666131079, 7931.946346278740748 ], [ 42310.078955282071547, 7931.938631739203629 ], [ 42310.072819999266358, 7931.931463530099791 ], [ 42294.099999999998545, 7914.96034228087774 ], [ 42294.099999999998545, 7833.0 ], [ 42294.099480642900744, 7832.989821508552268 ], [ 42294.097927966235147, 7832.979748742541233 ], [ 42294.095358097882126, 7832.969886329216024 ], [ 42294.091797731423867, 7832.960336710865704 ], [ 42294.087283848901279, 7832.951199080732295 ], [ 42294.081863336636161, 7832.942568352676062 ], [ 42294.075592498273181, 7832.934534175295084 ], [ 42294.068536469902028, 7832.927180000730914 ], [ 42277.099999999998545, 7816.956792734938972 ], [ 42277.099999999998545, 7784.0 ], [ 42277.099554875414469, 7783.990575203930348 ], [ 42277.09822346438159, 7783.981234312029301 ], [ 42277.096017619769555, 7783.972060481510198 ], [ 42277.092956979096925, 7783.963135382321525 ], [ 42277.089068789697194, 7783.954538470085026 ], [ 42277.084387666131079, 7783.946346278740748 ], [ 42277.078955282071547, 7783.938631739203629 ], [ 42277.072819999266358, 7783.931463530099791 ], [ 42261.099999999998545, 7766.96034228087774 ], [ 42261.099999999998545, 7734.0 ], [ 42261.099480642900744, 7733.989821508552268 ], [ 42261.097927966235147, 7733.979748742541233 ], [ 42261.095358097882126, 7733.969886329216024 ], [ 42261.091797731423867, 7733.960336710865704 ], [ 42261.087283848901279, 7733.951199080732295 ], [ 42261.081863336636161, 7733.942568352676062 ], [ 42261.075592498273181, 7733.934534175295084 ], [ 42261.068536469902028, 7733.927180000730914 ], [ 42244.099999999998545, 7717.956792734938972 ], [ 42244.099999999998545, 7701.0 ], [ 42244.099518472670752, 7700.990198285967381 ], [ 42244.098078528040787, 7700.980490967798687 ], [ 42244.095694033574546, 7700.970971532275144 ], [ 42244.092387953249272, 7700.961731656763732 ], [ 42244.088192126437207, 7700.952860326317932 ], [ 42244.08314696123125, 7700.944442976698156 ], [ 42244.077301045334025, 7700.93656067158372 ], [ 42244.070710678119212, 7700.929289321881697 ], [ 42228.099999999998545, 7684.95857864376103 ], [ 42228.099999999998545, 7636.0 ], [ 42228.099518472670752, 7635.990198285967381 ], [ 42228.098078528040787, 7635.980490967798687 ], [ 42228.095694033574546, 7635.970971532275144 ], [ 42228.092387953249272, 7635.961731656763732 ], [ 42228.088192126437207, 7635.952860326317932 ], [ 42228.08314696123125, 7635.944442976698156 ], [ 42228.077301045334025, 7635.93656067158372 ], [ 42228.070710678119212, 7635.929289321881697 ], [ 42195.099999999998545, 7602.95857864376103 ], [ 42195.099999999998545, 7570.03965771912226 ], [ 42211.072819999266358, 7553.068536469900209 ], [ 42211.078955282071547, 7553.061368260796371 ], [ 42211.084387666131079, 7553.053653721259252 ], [ 42211.089068789697194, 7553.045461529914974 ], [ 42211.092956979096925, 7553.036864617678475 ], [ 42211.096017619769555, 7553.027939518489802 ], [ 42211.09822346438159, 7553.018765687970699 ], [ 42211.099554875414469, 7553.009424796069652 ], [ 42211.099999999998545, 7553.0 ], [ 42211.099999999998545, 7520.043207265061028 ], [ 42228.068536469902028, 7504.072819999269086 ], [ 42228.075592498273181, 7504.065465824704916 ], [ 42228.081863336636161, 7504.057431647323938 ], [ 42228.087283848901279, 7504.048800919267705 ], [ 42228.091797731423867, 7504.039663289134296 ], [ 42228.095358097882126, 7504.030113670783976 ], [ 42228.097927966235147, 7504.020251257458767 ], [ 42228.099480642900744, 7504.010178491447732 ], [ 42228.099999999998545, 7504.0 ], [ 42228.099999999998545, 7487.04142135623897 ], [ 42244.070710678119212, 7471.070710678118303 ], [ 42244.077301045334025, 7471.06343932841628 ], [ 42244.08314696123125, 7471.055557023301844 ], [ 42244.088192126437207, 7471.047139673682068 ], [ 42244.092387953249272, 7471.038268343236268 ], [ 42244.095694033574546, 7471.029028467724856 ], [ 42244.098078528040787, 7471.019509032201313 ], [ 42244.099518472670752, 7471.009801714032619 ], [ 42244.099999999998545, 7471.0 ], [ 42244.099999999998545, 7438.043207265061028 ], [ 42261.068536469902028, 7422.072819999269086 ], [ 42261.075592498273181, 7422.065465824704916 ], [ 42261.081863336636161, 7422.057431647323938 ], [ 42261.087283848901279, 7422.048800919267705 ], [ 42261.091797731423867, 7422.039663289134296 ], [ 42261.095358097882126, 7422.030113670783976 ], [ 42261.097927966235147, 7422.020251257458767 ], [ 42261.099480642900744, 7422.010178491447732 ], [ 42261.099999999998545, 7422.0 ], [ 42261.099999999998545, 7372.0 ], [ 42261.099518472670752, 7371.990198285967381 ], [ 42261.098078528040787, 7371.980490967798687 ], [ 42261.095694033574546, 7371.970971532274234 ], [ 42261.092387953249272, 7371.961731656763732 ], [ 42261.088192126437207, 7371.952860326317023 ], [ 42261.08314696123125, 7371.944442976698156 ], [ 42261.077301045334025, 7371.93656067158372 ], [ 42261.070710678119212, 7371.929289321880788 ], [ 42261.063439328412642, 7371.922698954663247 ], [ 42261.055557023304573, 7371.916853038769659 ], [ 42261.047139673682977, 7371.911807873564612 ], [ 42261.03826834323263, 7371.907612046748909 ], [ 42261.029028467724856, 7371.904305966426364 ], [ 42261.019509032201313, 7371.901921471959213 ], [ 42261.009801714033529, 7371.900481527332886 ], [ 42261.0, 7371.899999999999636 ], [ 42260.990198285966471, 7371.900481527332886 ], [ 42260.980490967798687, 7371.901921471960122 ], [ 42260.970971532275144, 7371.904305966427273 ], [ 42260.961731656760094, 7371.907612046748909 ], [ 42260.952860326317023, 7371.911807873565522 ], [ 42260.944442976695427, 7371.916853038769659 ], [ 42260.936560671580082, 7371.922698954664156 ], [ 42260.929289321880788, 7371.929289321881697 ], [ 42243.929289321880788, 7388.929289321881697 ], [ 42243.922698954665975, 7388.93656067158372 ], [ 42243.91685303876875, 7388.944442976698156 ], [ 42243.911807873562793, 7388.952860326317932 ], [ 42243.907612046750728, 7388.961731656763732 ], [ 42243.904305966425454, 7388.970971532275144 ], [ 42243.901921471959213, 7388.980490967798687 ], [ 42243.900481527329248, 7388.990198285967381 ], [ 42243.900000000001455, 7389.0 ], [ 42243.900000000001455, 7404.96034228087774 ], [ 42227.927180000733642, 7421.931463530099791 ], [ 42227.921044717928453, 7421.938631739203629 ], [ 42227.915612333868921, 7421.946346278740748 ], [ 42227.910931210302806, 7421.954538470085026 ], [ 42227.907043020903075, 7421.963135382321525 ], [ 42227.903982380230445, 7421.972060481510198 ], [ 42227.90177653561841, 7421.981234312029301 ], [ 42227.900445124585531, 7421.990575203930348 ], [ 42227.900000000001455, 7422.0 ], [ 42227.900000000001455, 7437.956792734938972 ], [ 42210.931463530097972, 7453.927180000730914 ], [ 42210.924407501726819, 7453.934534175295084 ], [ 42210.918136663363839, 7453.942568352676062 ], [ 42210.912716151098721, 7453.951199080732295 ], [ 42210.908202268576133, 7453.960336710865704 ], [ 42210.904641902117874, 7453.969886329216024 ], [ 42210.902072033764853, 7453.979748742541233 ], [ 42210.900519357099256, 7453.989821508552268 ], [ 42210.900000000001455, 7454.0 ], [ 42210.900000000001455, 7470.95857864376103 ], [ 42194.929289321880788, 7486.929289321881697 ], [ 42194.927180000733642, 7486.931463530099791 ], [ 42178.956792734948976, 7503.899999999999636 ], [ 42146.0, 7503.899999999999636 ], [ 42145.990198285966471, 7503.900481527332886 ], [ 42145.980490967798687, 7503.901921471960122 ], [ 42145.970971532275144, 7503.904305966426364 ], [ 42145.961731656760094, 7503.907612046748909 ], [ 42145.952860326317023, 7503.911807873565522 ], [ 42145.944442976695427, 7503.916853038769659 ], [ 42145.936560671580082, 7503.922698954664156 ], [ 42145.929289321880788, 7503.929289321881697 ], [ 42145.922698954665975, 7503.93656067158372 ], [ 42145.91685303876875, 7503.944442976698156 ], [ 42145.911807873562793, 7503.952860326317023 ], [ 42145.907612046750728, 7503.961731656763732 ], [ 42145.904305966425454, 7503.970971532274234 ], [ 42145.901921471959213, 7503.980490967798687 ], [ 42145.900481527329248, 7503.990198285967381 ], [ 42145.900000000001455, 7504.0 ], [ 42145.900000000001455, 7520.0 ], [ 42145.900445124585531, 7520.009424796069652 ], [ 42145.90177653561841, 7520.018765687970699 ], [ 42145.903982380230445, 7520.027939518489802 ], [ 42145.907043020903075, 7520.036864617678475 ], [ 42145.910931210302806, 7520.045461529914974 ], [ 42145.915612333868921, 7520.053653721259252 ], [ 42145.921044717928453, 7520.061368260796371 ], [ 42145.927180000733642, 7520.068536469900209 ], [ 42161.900000000001455, 7537.03965771912226 ], [ 42161.900000000001455, 7552.96034228087774 ], [ 42145.927180000733642, 7569.931463530099791 ], [ 42145.921044717928453, 7569.938631739203629 ], [ 42145.915612333868921, 7569.946346278740748 ], [ 42145.910931210302806, 7569.954538470085026 ], [ 42145.907043020903075, 7569.963135382321525 ], [ 42145.903982380230445, 7569.972060481510198 ], [ 42145.90177653561841, 7569.981234312029301 ], [ 42145.900445124585531, 7569.990575203930348 ], [ 42145.900000000001455, 7570.0 ], [ 42145.900000000001455, 7586.0 ], [ 42145.900445124585531, 7586.009424796069652 ], [ 42145.90177653561841, 7586.018765687970699 ], [ 42145.903982380230445, 7586.027939518489802 ], [ 42145.907043020903075, 7586.036864617678475 ], [ 42145.910931210302806, 7586.045461529914974 ], [ 42145.915612333868921, 7586.053653721259252 ], [ 42145.921044717928453, 7586.061368260796371 ], [ 42145.927180000733642, 7586.068536469900209 ], [ 42161.86068893315678, 7602.997889710602976 ], [ 42145.929289321880788, 7618.929289321881697 ], [ 42145.922698954665975, 7618.93656067158372 ], [ 42145.91685303876875, 7618.944442976698156 ], [ 42145.911807873562793, 7618.952860326317932 ], [ 42145.907612046750728, 7618.961731656763732 ], [ 42145.904305966425454, 7618.970971532275144 ], [ 42145.901921471959213, 7618.980490967798687 ], [ 42145.900481527329248, 7618.990198285967381 ], [ 42145.900000000001455, 7619.0 ], [ 42145.900000000001455, 7667.95857864376103 ], [ 42129.002175206245738, 7684.856403437515837 ], [ 42113.099999999998545, 7667.96034228087774 ], [ 42113.099999999998545, 7652.0 ], [ 42113.099480642900744, 7651.989821508552268 ], [ 42113.097927966235147, 7651.979748742541233 ], [ 42113.095358097882126, 7651.969886329216024 ], [ 42113.091797731423867, 7651.960336710865704 ], [ 42113.087283848901279, 7651.951199080732295 ], [ 42113.081863336636161, 7651.942568352676062 ], [ 42113.075592498273181, 7651.934534175295084 ], [ 42113.068536469902028, 7651.927180000730914 ], [ 42096.099999999998545, 7635.956792734938972 ], [ 42096.099999999998545, 7603.04142135623897 ], [ 42113.070710678119212, 7586.070710678118303 ], [ 42113.077301045334025, 7586.06343932841628 ], [ 42113.08314696123125, 7586.055557023301844 ], [ 42113.088192126437207, 7586.047139673682068 ], [ 42113.092387953249272, 7586.038268343236268 ], [ 42113.095694033574546, 7586.029028467724856 ], [ 42113.098078528040787, 7586.019509032201313 ], [ 42113.099518472670752, 7586.009801714032619 ], [ 42113.099999999998545, 7586.0 ], [ 42113.099999999998545, 7570.0 ], [ 42113.099518472670752, 7569.990198285967381 ], [ 42113.098078528040787, 7569.980490967798687 ], [ 42113.095694033574546, 7569.970971532275144 ], [ 42113.092387953249272, 7569.961731656763732 ], [ 42113.088192126437207, 7569.952860326317932 ], [ 42113.08314696123125, 7569.944442976698156 ], [ 42113.077301045334025, 7569.93656067158372 ], [ 42113.070710678119212, 7569.929289321881697 ], [ 42080.099999999998545, 7536.95857864376103 ], [ 42080.099999999998545, 7520.0 ], [ 42080.099480642900744, 7519.989821508552268 ], [ 42080.097927966235147, 7519.979748742541233 ], [ 42080.095358097882126, 7519.969886329216024 ], [ 42080.091797731423867, 7519.960336710865704 ], [ 42080.087283848901279, 7519.951199080732295 ], [ 42080.081863336636161, 7519.942568352676062 ], [ 42080.075592498273181, 7519.934534175295084 ], [ 42080.068536469902028, 7519.927180000730914 ], [ 42063.070743136508099, 7503.929256863417322 ], [ 42047.099999999998545, 7486.96034228087774 ], [ 42047.099999999998545, 7454.0 ], [ 42047.099518472670752, 7453.990198285967381 ], [ 42047.098078528040787, 7453.980490967798687 ], [ 42047.095694033574546, 7453.970971532274234 ], [ 42047.092387953249272, 7453.961731656763732 ], [ 42047.088192126437207, 7453.952860326317023 ], [ 42047.08314696123125, 7453.944442976698156 ], [ 42047.077301045334025, 7453.93656067158372 ], [ 42047.070710678119212, 7453.929289321881697 ], [ 42047.063439328419918, 7453.922698954664156 ], [ 42047.055557023304573, 7453.916853038769659 ], [ 42047.047139673682977, 7453.911807873565522 ], [ 42047.038268343239906, 7453.907612046748909 ], [ 42047.029028467724856, 7453.904305966426364 ], [ 42047.019509032201313, 7453.901921471960122 ], [ 42047.009801714033529, 7453.900481527332886 ], [ 42047.0, 7453.899999999999636 ], [ 42030.04142135623988, 7453.899999999999636 ], [ 41998.099999999998545, 7421.95857864376103 ], [ 41998.099999999998545, 7389.0 ], [ 41998.099518472670752, 7388.990198285967381 ], [ 41998.098078528040787, 7388.980490967798687 ], [ 41998.095694033574546, 7388.970971532275144 ], [ 41998.092387953249272, 7388.961731656763732 ], [ 41998.088192126437207, 7388.952860326317932 ], [ 41998.08314696123125, 7388.944442976698156 ], [ 41998.077301045334025, 7388.93656067158372 ], [ 41998.070710678119212, 7388.929289321881697 ], [ 41981.099999999998545, 7371.95857864376103 ], [ 41981.099999999998545, 7339.0 ], [ 41981.099518472670752, 7338.990198285967381 ], [ 41981.098078528040787, 7338.980490967798687 ], [ 41981.095694033574546, 7338.970971532275144 ], [ 41981.092387953249272, 7338.961731656763732 ], [ 41981.088192126437207, 7338.952860326317932 ], [ 41981.08314696123125, 7338.944442976698156 ], [ 41981.077301045334025, 7338.93656067158372 ], [ 41981.070710678119212, 7338.929289321881697 ], [ 41932.099999999998545, 7289.95857864376103 ], [ 41932.099999999998545, 7257.0 ], [ 41932.099480642900744, 7256.989821508552268 ], [ 41932.097927966235147, 7256.979748742541233 ], [ 41932.095358097882126, 7256.969886329216024 ], [ 41932.091797731423867, 7256.960336710865704 ], [ 41932.087283848901279, 7256.951199080732295 ], [ 41932.081863336636161, 7256.942568352676062 ], [ 41932.075592498273181, 7256.934534175295084 ], [ 41932.068536469902028, 7256.927180000730914 ], [ 41915.099999999998545, 7240.956792734938972 ], [ 41915.099999999998545, 7208.0 ], [ 41915.099554875414469, 7207.990575203930348 ], [ 41915.09822346438159, 7207.981234312029301 ], [ 41915.096017619769555, 7207.972060481510198 ], [ 41915.092956979096925, 7207.963135382321525 ], [ 41915.089068789697194, 7207.954538470085026 ], [ 41915.084387666131079, 7207.946346278740748 ], [ 41915.078955282071547, 7207.938631739203629 ], [ 41915.072819999266358, 7207.931463530099791 ], [ 41899.099999999998545, 7190.96034228087774 ], [ 41899.099999999998545, 7142.03965771912226 ], [ 41915.072819999266358, 7125.068536469900209 ], [ 41915.078955282071547, 7125.061368260796371 ], [ 41915.084387666131079, 7125.053653721259252 ], [ 41915.089068789697194, 7125.045461529914974 ], [ 41915.092956979096925, 7125.036864617678475 ], [ 41915.096017619769555, 7125.027939518489802 ], [ 41915.09822346438159, 7125.018765687970699 ], [ 41915.099554875414469, 7125.009424796069652 ], [ 41915.099999999998545, 7125.0 ], [ 41915.099999999998545, 7060.0 ], [ 41915.099554875414469, 7059.990575203930348 ], [ 41915.09822346438159, 7059.981234312029301 ], [ 41915.096017619769555, 7059.972060481510198 ], [ 41915.092956979096925, 7059.963135382321525 ], [ 41915.089068789697194, 7059.954538470085026 ], [ 41915.084387666131079, 7059.946346278740748 ], [ 41915.078955282071547, 7059.938631739203629 ], [ 41915.072819999266358, 7059.931463530099791 ], [ 41899.099999999998545, 7042.96034228087774 ], [ 41899.099999999998545, 6977.0 ], [ 41899.099480642900744, 6976.989821508552268 ], [ 41899.097927966235147, 6976.979748742541233 ], [ 41899.095358097882126, 6976.969886329216024 ], [ 41899.091797731423867, 6976.960336710865704 ], [ 41899.087283848901279, 6976.951199080732295 ], [ 41899.081863336636161, 6976.942568352676062 ], [ 41899.075592498273181, 6976.934534175295084 ], [ 41899.068536469902028, 6976.927180000730914 ], [ 41882.099999999998545, 6960.956792734938972 ], [ 41882.099999999998545, 6895.0 ], [ 41882.099554875414469, 6894.990575203930348 ], [ 41882.09822346438159, 6894.981234312029301 ], [ 41882.096017619769555, 6894.972060481510198 ], [ 41882.092956979096925, 6894.963135382321525 ], [ 41882.089068789697194, 6894.954538470085026 ], [ 41882.084387666131079, 6894.946346278740748 ], [ 41882.078955282071547, 6894.938631739203629 ], [ 41882.072819999266358, 6894.931463530099791 ], [ 41866.099999999998545, 6877.96034228087774 ], [ 41866.099999999998545, 6846.0 ], [ 41866.099518472670752, 6845.990198285967381 ], [ 41866.098078528040787, 6845.980490967798687 ], [ 41866.095694033574546, 6845.970971532274234 ], [ 41866.092387953249272, 6845.961731656763732 ], [ 41866.088192126437207, 6845.952860326317023 ], [ 41866.08314696123125, 6845.944442976698156 ], [ 41866.077301045334025, 6845.93656067158372 ], [ 41866.070710678119212, 6845.929289321881697 ], [ 41866.063439328419918, 6845.922698954664156 ], [ 41866.055557023304573, 6845.916853038769659 ], [ 41866.047139673682977, 6845.911807873565522 ], [ 41866.038268343239906, 6845.907612046748909 ], [ 41866.029028467724856, 6845.904305966426364 ], [ 41866.019509032201313, 6845.901921471960122 ], [ 41866.009801714033529, 6845.900481527332886 ], [ 41866.0, 6845.899999999999636 ], [ 41849.043207265051024, 6845.899999999999636 ], [ 41833.072819999266358, 6828.931463530099791 ], [ 41833.070710678119212, 6828.929289321881697 ], [ 41817.099999999998545, 6812.95857864376103 ], [ 41817.099999999998545, 6697.04142135623897 ], [ 41833.070710678119212, 6681.070710678118303 ], [ 41833.077301045334025, 6681.06343932841628 ], [ 41833.08314696123125, 6681.055557023301844 ], [ 41833.088192126437207, 6681.047139673682068 ], [ 41833.092387953249272, 6681.038268343236268 ], [ 41833.095694033574546, 6681.029028467724856 ], [ 41833.098078528040787, 6681.019509032201313 ], [ 41833.099518472670752, 6681.009801714032619 ], [ 41833.099999999998545, 6681.0 ], [ 41833.099999999998545, 6665.0 ], [ 41833.099518472670752, 6664.990198285967381 ], [ 41833.098078528040787, 6664.980490967798687 ], [ 41833.095694033574546, 6664.970971532274234 ], [ 41833.092387953249272, 6664.961731656763732 ], [ 41833.088192126437207, 6664.952860326317023 ], [ 41833.08314696123125, 6664.944442976698156 ], [ 41833.077301045334025, 6664.93656067158372 ], [ 41833.070710678119212, 6664.929289321881697 ], [ 41833.063439328419918, 6664.922698954664156 ], [ 41833.055557023304573, 6664.916853038769659 ], [ 41833.047139673682977, 6664.911807873565522 ], [ 41833.038268343239906, 6664.907612046748909 ], [ 41833.029028467724856, 6664.904305966426364 ], [ 41833.019509032201313, 6664.901921471960122 ], [ 41833.009801714033529, 6664.900481527332886 ], [ 41833.0, 6664.899999999999636 ], [ 41817.04142135623988, 6664.899999999999636 ], [ 41800.099999999998545, 6647.95857864376103 ], [ 41800.099999999998545, 6615.0 ], [ 41800.099518472670752, 6614.990198285967381 ], [ 41800.098078528040787, 6614.980490967798687 ], [ 41800.095694033574546, 6614.970971532275144 ], [ 41800.092387953249272, 6614.961731656763732 ], [ 41800.088192126437207, 6614.952860326317932 ], [ 41800.08314696123125, 6614.944442976698156 ], [ 41800.077301045334025, 6614.93656067158372 ], [ 41800.070710678119212, 6614.929289321881697 ], [ 41784.099999999998545, 6598.95857864376103 ], [ 41784.099999999998545, 6549.04142135623897 ], [ 41817.070710678119212, 6516.070710678118303 ], [ 41817.077301045334025, 6516.06343932841628 ], [ 41817.08314696123125, 6516.055557023301844 ], [ 41817.088192126437207, 6516.047139673682068 ], [ 41817.092387953249272, 6516.038268343236268 ], [ 41817.095694033574546, 6516.029028467724856 ], [ 41817.098078528040787, 6516.019509032201313 ], [ 41817.099518472670752, 6516.009801714032619 ], [ 41817.099999999998545, 6516.0 ], [ 41817.099999999998545, 6451.0 ], [ 41817.099518472670752, 6450.990198285967381 ], [ 41817.098078528040787, 6450.980490967798687 ], [ 41817.095694033574546, 6450.970971532275144 ], [ 41817.092387953249272, 6450.961731656763732 ], [ 41817.088192126437207, 6450.952860326317932 ], [ 41817.08314696123125, 6450.944442976698156 ], [ 41817.077301045334025, 6450.93656067158372 ], [ 41817.070710678119212, 6450.929289321881697 ], [ 41800.143596562484163, 6434.002175206248467 ], [ 41817.068536469902028, 6418.072819999269086 ], [ 41817.075592498273181, 6418.065465824704916 ], [ 41817.081863336636161, 6418.057431647323938 ], [ 41817.087283848901279, 6418.048800919267705 ], [ 41817.091797731423867, 6418.039663289134296 ], [ 41817.095358097882126, 6418.030113670783976 ], [ 41817.097927966235147, 6418.020251257458767 ], [ 41817.099480642900744, 6418.010178491447732 ], [ 41817.099999999998545, 6418.0 ], [ 41817.099999999998545, 6335.0 ], [ 41817.099480642900744, 6334.989821508552268 ], [ 41817.097927966235147, 6334.979748742541233 ], [ 41817.095358097882126, 6334.969886329216024 ], [ 41817.091797731423867, 6334.960336710865704 ], [ 41817.087283848901279, 6334.951199080732295 ], [ 41817.081863336636161, 6334.942568352676062 ], [ 41817.075592498273181, 6334.934534175295084 ], [ 41817.068536469902028, 6334.927180000730914 ], [ 41800.099999999998545, 6318.956792734938972 ], [ 41800.099999999998545, 6270.0 ], [ 41800.099518472670752, 6269.990198285967381 ], [ 41800.098078528040787, 6269.980490967798687 ], [ 41800.095694033574546, 6269.970971532274234 ], [ 41800.092387953249272, 6269.961731656763732 ], [ 41800.088192126437207, 6269.952860326317023 ], [ 41800.08314696123125, 6269.944442976698156 ], [ 41800.077301045334025, 6269.93656067158372 ], [ 41800.070710678119212, 6269.929289321881697 ], [ 41800.063439328419918, 6269.922698954664156 ], [ 41800.055557023304573, 6269.916853038769659 ], [ 41800.047139673682977, 6269.911807873565522 ], [ 41800.038268343239906, 6269.907612046748909 ], [ 41800.029028467724856, 6269.904305966426364 ], [ 41800.019509032201313, 6269.901921471960122 ], [ 41800.009801714033529, 6269.900481527332886 ], [ 41800.0, 6269.899999999999636 ], [ 41784.0, 6269.899999999999636 ], [ 41783.990575203933986, 6269.900445124584621 ], [ 41783.981234312028391, 6269.901776535619319 ], [ 41783.972060481508379, 6269.903982380228626 ], [ 41783.963135382320615, 6269.907043020899437 ], [ 41783.954538470083207, 6269.910931210304625 ], [ 41783.946346278738929, 6269.915612333868921 ], [ 41783.938631739205448, 6269.921044717929362 ], [ 41783.931463530097972, 6269.927180000730914 ], [ 41766.960342280872283, 6285.899999999999636 ], [ 41751.039657719127717, 6285.899999999999636 ], [ 41734.070743136508099, 6269.929256863417322 ], [ 41718.099999999998545, 6252.96034228087774 ], [ 41718.099999999998545, 6220.0 ], [ 41718.099480642900744, 6219.989821508552268 ], [ 41718.097927966235147, 6219.979748742541233 ], [ 41718.095358097882126, 6219.969886329216024 ], [ 41718.091797731423867, 6219.960336710865704 ], [ 41718.087283848901279, 6219.951199080732295 ], [ 41718.081863336636161, 6219.942568352676062 ], [ 41718.075592498273181, 6219.934534175295084 ], [ 41718.068536469902028, 6219.927180000730914 ], [ 41701.099999999998545, 6203.956792734938972 ], [ 41701.099999999998545, 6187.0 ], [ 41701.099518472670752, 6186.990198285967381 ], [ 41701.098078528040787, 6186.980490967798687 ], [ 41701.095694033574546, 6186.970971532274234 ], [ 41701.092387953249272, 6186.961731656763732 ], [ 41701.088192126437207, 6186.952860326317023 ], [ 41701.08314696123125, 6186.944442976698156 ], [ 41701.077301045334025, 6186.93656067158372 ], [ 41701.070710678119212, 6186.929289321881697 ], [ 41701.063439328419918, 6186.922698954664156 ], [ 41701.055557023304573, 6186.916853038769659 ], [ 41701.047139673682977, 6186.911807873565522 ], [ 41701.038268343239906, 6186.907612046748909 ], [ 41701.029028467724856, 6186.904305966426364 ], [ 41701.019509032201313, 6186.901921471960122 ], [ 41701.009801714033529, 6186.900481527332886 ], [ 41701.0, 6186.899999999999636 ], [ 41668.0, 6186.899999999999636 ], [ 41667.989821508555906, 6186.900519357099256 ], [ 41667.979748742538504, 6186.902072033763034 ], [ 41667.969886329214205, 6186.904641902116964 ], [ 41667.960336710864794, 6186.908202268573405 ], [ 41667.951199080729566, 6186.912716151101449 ], [ 41667.942568352678791, 6186.918136663361111 ], [ 41667.934534175292356, 6186.924407501723181 ], [ 41667.927180000733642, 6186.931463530099791 ], [ 41651.956792734948976, 6203.899999999999636 ], [ 41635.043207265051024, 6203.899999999999636 ], [ 41619.099999999998545, 6186.96034228087774 ], [ 41619.099999999998545, 6171.0 ], [ 41619.099554875414469, 6170.990575203930348 ], [ 41619.09822346438159, 6170.981234312029301 ], [ 41619.096017619769555, 6170.972060481510198 ], [ 41619.092956979096925, 6170.963135382321525 ], [ 41619.089068789697194, 6170.954538470085026 ], [ 41619.084387666131079, 6170.946346278740748 ], [ 41619.078955282071547, 6170.938631739203629 ], [ 41619.072819999266358, 6170.931463530099791 ], [ 41603.099999999998545, 6153.96034228087774 ], [ 41603.099999999998545, 6138.0 ], [ 41603.099518472670752, 6137.990198285967381 ], [ 41603.098078528040787, 6137.980490967798687 ], [ 41603.095694033574546, 6137.970971532275144 ], [ 41603.092387953249272, 6137.961731656763732 ], [ 41603.088192126437207, 6137.952860326317932 ], [ 41603.08314696123125, 6137.944442976698156 ], [ 41603.077301045334025, 6137.93656067158372 ], [ 41603.070710678119212, 6137.929289321881697 ], [ 41586.070710678119212, 6120.929289321881697 ], [ 41586.063439328419918, 6120.922698954664156 ], [ 41586.055557023304573, 6120.916853038769659 ], [ 41586.047139673682977, 6120.911807873565522 ], [ 41586.038268343239906, 6120.907612046748909 ], [ 41586.029028467724856, 6120.904305966427273 ], [ 41586.019509032201313, 6120.901921471960122 ], [ 41586.009801714033529, 6120.900481527332886 ], [ 41586.0, 6120.899999999999636 ], [ 41570.039657719127717, 6120.899999999999636 ], [ 41553.099999999998545, 6104.956792734938972 ], [ 41553.099999999998545, 6089.0 ], [ 41553.099554875414469, 6088.990575203930348 ], [ 41553.09822346438159, 6088.981234312029301 ], [ 41553.096017619769555, 6088.972060481510198 ], [ 41553.092956979096925, 6088.963135382321525 ], [ 41553.089068789697194, 6088.954538470085026 ], [ 41553.084387666131079, 6088.946346278740748 ], [ 41553.078955282071547, 6088.938631739203629 ], [ 41553.072819999266358, 6088.931463530099791 ], [ 41537.099999999998545, 6071.96034228087774 ], [ 41537.099999999998545, 6056.03965771912226 ], [ 41553.072819999266358, 6039.068536469900209 ], [ 41553.078955282071547, 6039.061368260796371 ], [ 41553.084387666131079, 6039.053653721259252 ], [ 41553.089068789697194, 6039.045461529914974 ], [ 41553.092956979096925, 6039.036864617678475 ], [ 41553.096017619769555, 6039.027939518489802 ], [ 41553.09822346438159, 6039.018765687970699 ], [ 41553.099554875414469, 6039.009424796069652 ], [ 41553.099999999998545, 6039.0 ], [ 41553.099999999998545, 5990.0 ], [ 41553.099554875414469, 5989.990575203930348 ], [ 41553.09822346438159, 5989.981234312029301 ], [ 41553.096017619769555, 5989.972060481510198 ], [ 41553.092956979096925, 5989.963135382321525 ], [ 41553.089068789697194, 5989.954538470085026 ], [ 41553.084387666131079, 5989.946346278740748 ], [ 41553.078955282071547, 5989.938631739203629 ], [ 41553.072819999266358, 5989.931463530099791 ], [ 41537.099999999998545, 5972.96034228087774 ], [ 41537.099999999998545, 5908.0 ], [ 41537.099518472670752, 5907.990198285967381 ], [ 41537.098078528040787, 5907.980490967798687 ], [ 41537.095694033574546, 5907.970971532275144 ], [ 41537.092387953249272, 5907.961731656763732 ], [ 41537.088192126437207, 5907.952860326317932 ], [ 41537.08314696123125, 5907.944442976698156 ], [ 41537.077301045334025, 5907.93656067158372 ], [ 41537.070710678119212, 5907.929289321881697 ], [ 41520.143596562484163, 5891.002175206248467 ], [ 41537.068536469902028, 5875.072819999269086 ], [ 41537.075592498273181, 5875.065465824704916 ], [ 41537.081863336636161, 5875.057431647323938 ], [ 41537.087283848901279, 5875.048800919267705 ], [ 41537.091797731423867, 5875.039663289134296 ], [ 41537.095358097882126, 5875.030113670783976 ], [ 41537.097927966235147, 5875.020251257458767 ], [ 41537.099480642900744, 5875.010178491447732 ], [ 41537.099999999998545, 5875.0 ], [ 41537.099999999998545, 5858.04142135623897 ], [ 41553.070710678119212, 5842.070710678118303 ], [ 41553.077301045334025, 5842.06343932841628 ], [ 41553.08314696123125, 5842.055557023301844 ], [ 41553.088192126437207, 5842.047139673682068 ], [ 41553.092387953249272, 5842.038268343236268 ], [ 41553.095694033574546, 5842.029028467724856 ], [ 41553.098078528040787, 5842.019509032201313 ], [ 41553.099518472670752, 5842.009801714032619 ], [ 41553.099999999998545, 5842.0 ], [ 41553.099999999998545, 5825.0 ], [ 41553.099518472670752, 5824.990198285967381 ], [ 41553.098078528040787, 5824.980490967798687 ], [ 41553.095694033574546, 5824.970971532275144 ], [ 41553.092387953249272, 5824.961731656763732 ], [ 41553.088192126437207, 5824.952860326317932 ], [ 41553.08314696123125, 5824.944442976698156 ], [ 41553.077301045334025, 5824.93656067158372 ], [ 41553.070710678119212, 5824.929289321881697 ], [ 41520.099999999998545, 5791.95857864376103 ], [ 41520.099999999998545, 5776.04142135623897 ], [ 41537.04142135623988, 5759.100000000000364 ], [ 41586.0, 5759.100000000000364 ], [ 41586.009424796066014, 5759.099554875415379 ], [ 41586.018765687971609, 5759.098223464380681 ], [ 41586.027939518491621, 5759.096017619771374 ], [ 41586.036864617679385, 5759.092956979100563 ], [ 41586.045461529916793, 5759.089068789695375 ], [ 41586.053653721261071, 5759.084387666131079 ], [ 41586.061368260794552, 5759.078955282070638 ], [ 41586.068536469902028, 5759.072819999269086 ], [ 41603.068536469902028, 5743.072819999269086 ], [ 41603.070710678119212, 5743.070710678118303 ], [ 41619.04142135623988, 5727.100000000000364 ], [ 41634.960342280872283, 5727.100000000000364 ], [ 41651.930360449972795, 5743.071781806206673 ], [ 41667.929289321880788, 5759.070710678118303 ], [ 41667.936560671580082, 5759.077301045335844 ], [ 41667.944442976695427, 5759.083146961230341 ], [ 41667.952860326317023, 5759.088192126434478 ], [ 41667.961731656760094, 5759.092387953251091 ], [ 41667.970971532275144, 5759.095694033572727 ], [ 41667.980490967798687, 5759.098078528039878 ], [ 41667.990198285966471, 5759.099518472667114 ], [ 41668.0, 5759.100000000000364 ], [ 41685.0, 5759.100000000000364 ], [ 41685.009801714033529, 5759.099518472667114 ], [ 41685.019509032201313, 5759.098078528039878 ], [ 41685.029028467724856, 5759.095694033572727 ], [ 41685.038268343239906, 5759.092387953251091 ], [ 41685.047139673682977, 5759.088192126434478 ], [ 41685.055557023304573, 5759.083146961230341 ], [ 41685.063439328419918, 5759.077301045335844 ], [ 41685.070710678119212, 5759.070710678118303 ], [ 41701.04142135623988, 5743.100000000000364 ], [ 41718.0, 5743.100000000000364 ], [ 41718.009801714033529, 5743.099518472667114 ], [ 41718.019509032201313, 5743.098078528039878 ], [ 41718.029028467724856, 5743.095694033572727 ], [ 41718.038268343239906, 5743.092387953251091 ], [ 41718.047139673682977, 5743.088192126434478 ], [ 41718.055557023304573, 5743.083146961230341 ], [ 41718.063439328419918, 5743.077301045335844 ], [ 41718.070710678119212, 5743.070710678118303 ], [ 41734.070710678119212, 5727.070710678118303 ], [ 41734.077301045334025, 5727.06343932841628 ], [ 41734.08314696123125, 5727.055557023301844 ], [ 41734.088192126437207, 5727.047139673682068 ], [ 41734.092387953249272, 5727.038268343236268 ], [ 41734.095694033574546, 5727.029028467724856 ], [ 41734.098078528040787, 5727.019509032201313 ], [ 41734.099518472670752, 5727.009801714032619 ], [ 41734.099999999998545, 5727.0 ], [ 41734.099999999998545, 5710.043207265061028 ], [ 41751.068536469902028, 5694.072819999269086 ], [ 41751.075592498273181, 5694.065465824704916 ], [ 41751.081863336636161, 5694.057431647323938 ], [ 41751.087283848901279, 5694.048800919267705 ], [ 41751.091797731423867, 5694.039663289134296 ], [ 41751.095358097882126, 5694.030113670783976 ], [ 41751.097927966235147, 5694.020251257458767 ], [ 41751.099480642900744, 5694.010178491447732 ], [ 41751.099999999998545, 5694.0 ], [ 41751.099999999998545, 5661.03965771912226 ], [ 41767.002175206245738, 5644.143596562484163 ], [ 41783.929289321880788, 5661.070710678118303 ], [ 41783.936560671580082, 5661.077301045335844 ], [ 41783.944442976695427, 5661.083146961230341 ], [ 41783.952860326317023, 5661.088192126434478 ], [ 41783.961731656760094, 5661.092387953251091 ], [ 41783.970971532275144, 5661.095694033572727 ], [ 41783.980490967798687, 5661.098078528039878 ], [ 41783.990198285966471, 5661.099518472667114 ], [ 41784.0, 5661.100000000000364 ], [ 41800.0, 5661.100000000000364 ], [ 41800.009801714033529, 5661.099518472667114 ], [ 41800.019509032201313, 5661.098078528039878 ], [ 41800.029028467724856, 5661.095694033572727 ], [ 41800.038268343239906, 5661.092387953251091 ], [ 41800.047139673682977, 5661.088192126434478 ], [ 41800.055557023304573, 5661.083146961230341 ], [ 41800.063439328419918, 5661.077301045335844 ], [ 41800.070710678119212, 5661.070710678118303 ], [ 41817.070710678119212, 5644.070710678118303 ], [ 41817.077301045334025, 5644.06343932841628 ], [ 41817.08314696123125, 5644.055557023301844 ], [ 41817.088192126437207, 5644.047139673682068 ], [ 41817.092387953249272, 5644.038268343236268 ], [ 41817.095694033574546, 5644.029028467724856 ], [ 41817.098078528040787, 5644.019509032201313 ], [ 41817.099518472670752, 5644.009801714032619 ], [ 41817.099999999998545, 5644.0 ], [ 41817.099999999998545, 5595.03965771912226 ], [ 41833.043207265051024, 5578.100000000000364 ], [ 41849.0, 5578.100000000000364 ], [ 41849.009424796066014, 5578.099554875415379 ], [ 41849.018765687971609, 5578.098223464380681 ], [ 41849.027939518491621, 5578.096017619771374 ], [ 41849.036864617679385, 5578.092956979100563 ], [ 41849.045461529916793, 5578.089068789695375 ], [ 41849.053653721261071, 5578.084387666131079 ], [ 41849.061368260794552, 5578.078955282070638 ], [ 41849.068536469902028, 5578.072819999269086 ], [ 41866.039657719127717, 5562.100000000000364 ], [ 41881.960342280872283, 5562.100000000000364 ], [ 41898.929256863491901, 5578.070743136582678 ], [ 41914.927180000733642, 5595.068536469900209 ], [ 41914.931463530097972, 5595.072819999269086 ], [ 41931.900000000001455, 5611.043207265061028 ], [ 41931.900000000001455, 5644.0 ], [ 41931.900481527329248, 5644.009801714032619 ], [ 41931.901921471959213, 5644.019509032201313 ], [ 41931.904305966425454, 5644.029028467725766 ], [ 41931.907612046750728, 5644.038268343236268 ], [ 41931.911807873562793, 5644.047139673682977 ], [ 41931.91685303876875, 5644.055557023301844 ], [ 41931.922698954665975, 5644.06343932841628 ], [ 41931.929289321880788, 5644.070710678118303 ], [ 41931.936560671580082, 5644.077301045335844 ], [ 41931.944442976695427, 5644.083146961230341 ], [ 41931.952860326317023, 5644.088192126434478 ], [ 41931.961731656760094, 5644.092387953251091 ], [ 41931.970971532275144, 5644.095694033573636 ], [ 41931.980490967798687, 5644.098078528039878 ], [ 41931.990198285966471, 5644.099518472667114 ], [ 41932.0, 5644.100000000000364 ], [ 41965.0, 5644.100000000000364 ], [ 41965.009801714033529, 5644.099518472667114 ], [ 41965.019509032201313, 5644.098078528039878 ], [ 41965.029028467724856, 5644.095694033572727 ], [ 41965.038268343239906, 5644.092387953251091 ], [ 41965.047139673682977, 5644.088192126434478 ], [ 41965.055557023304573, 5644.083146961230341 ], [ 41965.063439328419918, 5644.077301045335844 ], [ 41965.070710678119212, 5644.070710678118303 ], [ 41981.002110289395205, 5628.139311066842311 ], [ 41997.900000000001455, 5644.043207265061028 ], [ 41997.900000000001455, 5661.0 ], [ 41997.900481527329248, 5661.009801714032619 ], [ 41997.901921471959213, 5661.019509032201313 ], [ 41997.904305966425454, 5661.029028467725766 ], [ 41997.907612046750728, 5661.038268343236268 ], [ 41997.911807873562793, 5661.047139673682977 ], [ 41997.91685303876875, 5661.055557023301844 ], [ 41997.922698954665975, 5661.06343932841628 ], [ 41997.929289321880788, 5661.070710678118303 ], [ 41997.936560671580082, 5661.077301045335844 ], [ 41997.944442976695427, 5661.083146961230341 ], [ 41997.952860326317023, 5661.088192126434478 ], [ 41997.961731656760094, 5661.092387953251091 ], [ 41997.970971532275144, 5661.095694033573636 ], [ 41997.980490967798687, 5661.098078528039878 ], [ 41997.990198285966471, 5661.099518472667114 ], [ 41998.0, 5661.100000000000364 ], [ 42030.0, 5661.100000000000364 ], [ 42030.009801714033529, 5661.099518472667114 ], [ 42030.019509032201313, 5661.098078528039878 ], [ 42030.029028467724856, 5661.095694033572727 ], [ 42030.038268343239906, 5661.092387953251091 ], [ 42030.047139673682977, 5661.088192126434478 ], [ 42030.055557023304573, 5661.083146961230341 ], [ 42030.063439328419918, 5661.077301045335844 ], [ 42030.070710678119212, 5661.070710678118303 ], [ 42047.04142135623988, 5644.100000000000364 ], [ 42063.0, 5644.100000000000364 ], [ 42063.009424796066014, 5644.099554875415379 ], [ 42063.018765687971609, 5644.098223464380681 ], [ 42063.027939518491621, 5644.096017619771374 ], [ 42063.036864617679385, 5644.092956979100563 ], [ 42063.045461529916793, 5644.089068789695375 ], [ 42063.053653721261071, 5644.084387666131079 ], [ 42063.061368260794552, 5644.078955282070638 ], [ 42063.068536469902028, 5644.072819999269086 ], [ 42080.068536469902028, 5628.072819999269086 ], [ 42080.072819999266358, 5628.068536469900209 ], [ 42096.072819999266358, 5611.068536469900209 ], [ 42096.078955282071547, 5611.061368260796371 ], [ 42096.084387666131079, 5611.053653721259252 ], [ 42096.089068789697194, 5611.045461529914974 ], [ 42096.092956979096925, 5611.036864617678475 ], [ 42096.096017619769555, 5611.027939518489802 ], [ 42096.09822346438159, 5611.018765687970699 ], [ 42096.099554875414469, 5611.009424796069652 ], [ 42096.099999999998545, 5611.0 ], [ 42096.099999999998545, 5595.04142135623897 ], [ 42113.04142135623988, 5578.100000000000364 ], [ 42129.0, 5578.100000000000364 ], [ 42129.009424796066014, 5578.099554875415379 ], [ 42129.018765687971609, 5578.098223464380681 ], [ 42129.027939518491621, 5578.096017619771374 ], [ 42129.036864617679385, 5578.092956979100563 ], [ 42129.045461529916793, 5578.089068789695375 ], [ 42129.053653721261071, 5578.084387666131079 ], [ 42129.061368260794552, 5578.078955282070638 ], [ 42129.068536469902028, 5578.072819999269086 ], [ 42146.039657719127717, 5562.100000000000364 ], [ 42162.0, 5562.100000000000364 ], [ 42162.009801714033529, 5562.099518472667114 ], [ 42162.019509032201313, 5562.098078528039878 ], [ 42162.029028467724856, 5562.095694033572727 ], [ 42162.038268343239906, 5562.092387953251091 ], [ 42162.047139673682977, 5562.088192126434478 ], [ 42162.055557023304573, 5562.083146961230341 ], [ 42162.063439328419918, 5562.077301045335844 ], [ 42162.070710678119212, 5562.070710678118303 ], [ 42211.070710678119212, 5513.070710678118303 ], [ 42211.077301045334025, 5513.06343932841628 ], [ 42211.08314696123125, 5513.055557023301844 ], [ 42211.088192126437207, 5513.047139673682068 ], [ 42211.092387953249272, 5513.038268343236268 ], [ 42211.095694033574546, 5513.029028467724856 ], [ 42211.098078528040787, 5513.019509032201313 ], [ 42211.099518472670752, 5513.009801714032619 ], [ 42211.099999999998545, 5513.0 ], [ 42211.099999999998545, 5496.0 ], [ 42211.099518472670752, 5495.990198285967381 ], [ 42211.098078528040787, 5495.980490967798687 ], [ 42211.095694033574546, 5495.970971532275144 ], [ 42211.092387953249272, 5495.961731656763732 ], [ 42211.088192126437207, 5495.952860326317932 ], [ 42211.08314696123125, 5495.944442976698156 ], [ 42211.077301045334025, 5495.93656067158372 ], [ 42211.070710678119212, 5495.929289321881697 ], [ 42195.099999999998545, 5479.95857864376103 ], [ 42195.099999999998545, 5463.0 ], [ 42195.099518472670752, 5462.990198285967381 ], [ 42195.098078528040787, 5462.980490967798687 ], [ 42195.095694033574546, 5462.970971532275144 ], [ 42195.092387953249272, 5462.961731656763732 ], [ 42195.088192126437207, 5462.952860326317932 ], [ 42195.08314696123125, 5462.944442976698156 ], [ 42195.077301045334025, 5462.93656067158372 ], [ 42195.070710678119212, 5462.929289321881697 ], [ 42179.070710678119212, 5446.929289321881697 ], [ 42179.063439328419918, 5446.922698954664156 ], [ 42179.055557023304573, 5446.916853038769659 ], [ 42179.047139673682977, 5446.911807873565522 ], [ 42179.038268343239906, 5446.907612046748909 ], [ 42179.029028467724856, 5446.904305966427273 ], [ 42179.019509032201313, 5446.901921471960122 ], [ 42179.009801714033529, 5446.900481527332886 ], [ 42179.0, 5446.899999999999636 ], [ 42129.043207265051024, 5446.899999999999636 ], [ 42113.072819999266358, 5429.931463530099791 ], [ 42113.068536469902028, 5429.927180000730914 ], [ 42096.099999999998545, 5413.956792734938972 ], [ 42096.099999999998545, 5397.043207265061028 ], [ 42113.068536469902028, 5381.072819999269086 ], [ 42113.075592498273181, 5381.065465824704916 ], [ 42113.081863336636161, 5381.057431647323938 ], [ 42113.087283848901279, 5381.048800919267705 ], [ 42113.091797731423867, 5381.039663289134296 ], [ 42113.095358097882126, 5381.030113670783976 ], [ 42113.097927966235147, 5381.020251257458767 ], [ 42113.099480642900744, 5381.010178491447732 ], [ 42113.099999999998545, 5381.0 ], [ 42113.099999999998545, 5364.0 ], [ 42113.099518472670752, 5363.990198285967381 ], [ 42113.098078528040787, 5363.980490967798687 ], [ 42113.095694033574546, 5363.970971532274234 ], [ 42113.092387953249272, 5363.961731656763732 ], [ 42113.088192126437207, 5363.952860326317023 ], [ 42113.08314696123125, 5363.944442976698156 ], [ 42113.077301045334025, 5363.93656067158372 ], [ 42113.070710678119212, 5363.929289321881697 ], [ 42113.063439328419918, 5363.922698954664156 ], [ 42113.055557023304573, 5363.916853038769659 ], [ 42113.047139673682977, 5363.911807873565522 ], [ 42113.038268343239906, 5363.907612046748909 ], [ 42113.029028467724856, 5363.904305966426364 ], [ 42113.019509032201313, 5363.901921471960122 ], [ 42113.009801714033529, 5363.900481527332886 ], [ 42113.0, 5363.899999999999636 ], [ 42096.04142135623988, 5363.899999999999636 ], [ 42080.099999999998545, 5347.95857864376103 ], [ 42080.099999999998545, 5315.0 ], [ 42080.099518472670752, 5314.990198285967381 ], [ 42080.098078528040787, 5314.980490967798687 ], [ 42080.095694033574546, 5314.970971532274234 ], [ 42080.092387953249272, 5314.961731656763732 ], [ 42080.088192126437207, 5314.952860326317023 ], [ 42080.08314696123125, 5314.944442976698156 ], [ 42080.077301045334025, 5314.93656067158372 ], [ 42080.070710678119212, 5314.929289321881697 ], [ 42080.063439328419918, 5314.922698954664156 ], [ 42080.055557023304573, 5314.916853038769659 ], [ 42080.047139673682977, 5314.911807873565522 ], [ 42080.038268343239906, 5314.907612046748909 ], [ 42080.029028467724856, 5314.904305966426364 ], [ 42080.019509032201313, 5314.901921471960122 ], [ 42080.009801714033529, 5314.900481527332886 ], [ 42080.0, 5314.899999999999636 ], [ 42030.0, 5314.899999999999636 ], [ 42029.989821508555906, 5314.900519357099256 ], [ 42029.979748742538504, 5314.902072033763034 ], [ 42029.969886329214205, 5314.904641902116964 ], [ 42029.960336710864794, 5314.908202268573405 ], [ 42029.951199080729566, 5314.912716151101449 ], [ 42029.942568352678791, 5314.918136663361111 ], [ 42029.934534175292356, 5314.924407501723181 ], [ 42029.927180000733642, 5314.931463530099791 ], [ 42013.928218193868815, 5331.930360449893669 ], [ 41997.95857864376012, 5347.899999999999636 ], [ 41965.0, 5347.899999999999636 ], [ 41964.990575203933986, 5347.900445124584621 ], [ 41964.981234312028391, 5347.901776535619319 ], [ 41964.972060481508379, 5347.903982380228626 ], [ 41964.963135382320615, 5347.907043020899437 ], [ 41964.954538470083207, 5347.910931210304625 ], [ 41964.946346278738929, 5347.915612333868921 ], [ 41964.938631739205448, 5347.921044717929362 ], [ 41964.931463530097972, 5347.927180000730914 ], [ 41947.931463530097972, 5363.927180000730914 ], [ 41947.927180000733642, 5363.931463530099791 ], [ 41931.956792734948976, 5380.899999999999636 ], [ 41882.0, 5380.899999999999636 ], [ 41881.990198285966471, 5380.900481527332886 ], [ 41881.980490967798687, 5380.901921471960122 ], [ 41881.970971532275144, 5380.904305966426364 ], [ 41881.961731656760094, 5380.907612046748909 ], [ 41881.952860326317023, 5380.911807873565522 ], [ 41881.944442976695427, 5380.916853038769659 ], [ 41881.936560671580082, 5380.922698954664156 ], [ 41881.929289321880788, 5380.929289321881697 ], [ 41881.922698954665975, 5380.93656067158372 ], [ 41881.91685303876875, 5380.944442976698156 ], [ 41881.911807873562793, 5380.952860326317023 ], [ 41881.907612046750728, 5380.961731656763732 ], [ 41881.904305966425454, 5380.970971532274234 ], [ 41881.901921471959213, 5380.980490967798687 ], [ 41881.900481527329248, 5380.990198285967381 ], [ 41881.900000000001455, 5381.0 ], [ 41881.900000000001455, 5396.96034228087774 ], [ 41865.956792734948976, 5413.899999999999636 ], [ 41849.0, 5413.899999999999636 ], [ 41848.990198285966471, 5413.900481527332886 ], [ 41848.980490967798687, 5413.901921471960122 ], [ 41848.970971532275144, 5413.904305966427273 ], [ 41848.961731656760094, 5413.907612046748909 ], [ 41848.952860326317023, 5413.911807873565522 ], [ 41848.944442976695427, 5413.916853038769659 ], [ 41848.936560671580082, 5413.922698954664156 ], [ 41848.929289321880788, 5413.929289321881697 ], [ 41833.0, 5429.858578643762485 ], [ 41817.099999999998545, 5413.95857864376103 ], [ 41817.099999999998545, 5397.0 ], [ 41817.099480642900744, 5396.989821508552268 ], [ 41817.097927966235147, 5396.979748742541233 ], [ 41817.095358097882126, 5396.969886329216024 ], [ 41817.091797731423867, 5396.960336710865704 ], [ 41817.087283848901279, 5396.951199080732295 ], [ 41817.081863336636161, 5396.942568352676062 ], [ 41817.075592498273181, 5396.934534175295084 ], [ 41817.068536469902028, 5396.927180000730914 ], [ 41800.099999999998545, 5380.956792734938972 ], [ 41800.099999999998545, 5364.0 ], [ 41800.099518472670752, 5363.990198285967381 ], [ 41800.098078528040787, 5363.980490967798687 ], [ 41800.095694033574546, 5363.970971532275144 ], [ 41800.092387953249272, 5363.961731656763732 ], [ 41800.088192126437207, 5363.952860326317932 ], [ 41800.08314696123125, 5363.944442976698156 ], [ 41800.077301045334025, 5363.93656067158372 ], [ 41800.070710678119212, 5363.929289321881697 ], [ 41784.099999999998545, 5347.95857864376103 ], [ 41784.099999999998545, 5315.0 ], [ 41784.099518472670752, 5314.990198285967381 ], [ 41784.098078528040787, 5314.980490967798687 ], [ 41784.095694033574546, 5314.970971532274234 ], [ 41784.092387953249272, 5314.961731656763732 ], [ 41784.088192126437207, 5314.952860326317023 ], [ 41784.08314696123125, 5314.944442976698156 ], [ 41784.077301045334025, 5314.93656067158372 ], [ 41784.070710678119212, 5314.929289321881697 ], [ 41784.063439328419918, 5314.922698954664156 ], [ 41784.055557023304573, 5314.916853038769659 ], [ 41784.047139673682977, 5314.911807873565522 ], [ 41784.038268343239906, 5314.907612046748909 ], [ 41784.029028467724856, 5314.904305966426364 ], [ 41784.019509032201313, 5314.901921471960122 ], [ 41784.009801714033529, 5314.900481527332886 ], [ 41784.0, 5314.899999999999636 ], [ 41751.0, 5314.899999999999636 ], [ 41750.990198285966471, 5314.900481527332886 ], [ 41750.980490967798687, 5314.901921471960122 ], [ 41750.970971532275144, 5314.904305966426364 ], [ 41750.961731656760094, 5314.907612046748909 ], [ 41750.952860326317023, 5314.911807873565522 ], [ 41750.944442976695427, 5314.916853038769659 ], [ 41750.936560671580082, 5314.922698954664156 ], [ 41750.929289321880788, 5314.929289321881697 ], [ 41750.922698954665975, 5314.93656067158372 ], [ 41750.91685303876875, 5314.944442976698156 ], [ 41750.911807873562793, 5314.952860326317023 ], [ 41750.907612046750728, 5314.961731656763732 ], [ 41750.904305966425454, 5314.970971532274234 ], [ 41750.901921471959213, 5314.980490967798687 ], [ 41750.900481527329248, 5314.990198285967381 ], [ 41750.900000000001455, 5315.0 ], [ 41750.900000000001455, 5347.956792734938972 ], [ 41734.002110289395205, 5363.860688933157689 ], [ 41718.099999999998545, 5347.95857864376103 ], [ 41718.099999999998545, 5332.0 ], [ 41718.099518472670752, 5331.990198285967381 ], [ 41718.098078528040787, 5331.980490967798687 ], [ 41718.095694033574546, 5331.970971532274234 ], [ 41718.092387953249272, 5331.961731656763732 ], [ 41718.088192126437207, 5331.952860326317023 ], [ 41718.08314696123125, 5331.944442976698156 ], [ 41718.077301045334025, 5331.93656067158372 ], [ 41718.070710678119212, 5331.929289321881697 ], [ 41718.063439328419918, 5331.922698954664156 ], [ 41718.055557023304573, 5331.916853038769659 ], [ 41718.047139673682977, 5331.911807873565522 ], [ 41718.038268343239906, 5331.907612046748909 ], [ 41718.029028467724856, 5331.904305966426364 ], [ 41718.019509032201313, 5331.901921471960122 ], [ 41718.009801714033529, 5331.900481527332886 ], [ 41718.0, 5331.899999999999636 ], [ 41701.0, 5331.899999999999636 ], [ 41700.990198285966471, 5331.900481527332886 ], [ 41700.980490967798687, 5331.901921471960122 ], [ 41700.970971532275144, 5331.904305966427273 ], [ 41700.961731656760094, 5331.907612046748909 ], [ 41700.952860326317023, 5331.911807873565522 ], [ 41700.944442976695427, 5331.916853038769659 ], [ 41700.936560671580082, 5331.922698954664156 ], [ 41700.929289321880788, 5331.929289321881697 ], [ 41684.95857864376012, 5347.899999999999636 ], [ 41668.0, 5347.899999999999636 ], [ 41667.990198285966471, 5347.900481527332886 ], [ 41667.980490967798687, 5347.901921471960122 ], [ 41667.970971532275144, 5347.904305966426364 ], [ 41667.961731656760094, 5347.907612046748909 ], [ 41667.952860326317023, 5347.911807873565522 ], [ 41667.944442976695427, 5347.916853038769659 ], [ 41667.936560671580082, 5347.922698954664156 ], [ 41667.929289321880788, 5347.929289321881697 ], [ 41667.922698954665975, 5347.93656067158372 ], [ 41667.91685303876875, 5347.944442976698156 ], [ 41667.911807873562793, 5347.952860326317023 ], [ 41667.907612046750728, 5347.961731656763732 ], [ 41667.904305966425454, 5347.970971532274234 ], [ 41667.901921471959213, 5347.980490967798687 ], [ 41667.900481527329248, 5347.990198285967381 ], [ 41667.900000000001455, 5348.0 ], [ 41667.900000000001455, 5364.0 ], [ 41667.900481527329248, 5364.009801714032619 ], [ 41667.901921471959213, 5364.019509032201313 ], [ 41667.904305966425454, 5364.029028467725766 ], [ 41667.907612046750728, 5364.038268343236268 ], [ 41667.911807873562793, 5364.047139673682977 ], [ 41667.91685303876875, 5364.055557023301844 ], [ 41667.922698954665975, 5364.06343932841628 ], [ 41667.929289321880788, 5364.070710678118303 ], [ 41667.936560671580082, 5364.077301045335844 ], [ 41667.944442976695427, 5364.083146961230341 ], [ 41667.952860326317023, 5364.088192126434478 ], [ 41667.961731656760094, 5364.092387953251091 ], [ 41667.970971532275144, 5364.095694033573636 ], [ 41667.980490967798687, 5364.098078528039878 ], [ 41667.990198285966471, 5364.099518472667114 ], [ 41668.0, 5364.100000000000364 ], [ 41684.956792734948976, 5364.100000000000364 ], [ 41700.86068893315678, 5380.997889710602976 ], [ 41667.95857864376012, 5413.899999999999636 ], [ 41652.0, 5413.899999999999636 ], [ 41651.990198285966471, 5413.900481527332886 ], [ 41651.980490967798687, 5413.901921471960122 ], [ 41651.970971532275144, 5413.904305966426364 ], [ 41651.961731656760094, 5413.907612046748909 ], [ 41651.952860326317023, 5413.911807873565522 ], [ 41651.944442976695427, 5413.916853038769659 ], [ 41651.936560671580082, 5413.922698954664156 ], [ 41651.929289321880788, 5413.929289321881697 ], [ 41651.922698954665975, 5413.93656067158372 ], [ 41651.91685303876875, 5413.944442976698156 ], [ 41651.911807873562793, 5413.952860326317023 ], [ 41651.907612046750728, 5413.961731656763732 ], [ 41651.904305966425454, 5413.970971532274234 ], [ 41651.901921471959213, 5413.980490967798687 ], [ 41651.900481527329248, 5413.990198285967381 ], [ 41651.900000000001455, 5414.0 ], [ 41651.900000000001455, 5462.95857864376103 ], [ 41618.95857864376012, 5495.899999999999636 ], [ 41603.0, 5495.899999999999636 ], [ 41602.990198285966471, 5495.900481527332886 ], [ 41602.980490967798687, 5495.901921471960122 ], [ 41602.970971532275144, 5495.904305966426364 ], [ 41602.961731656760094, 5495.907612046748909 ], [ 41602.952860326317023, 5495.911807873565522 ], [ 41602.944442976695427, 5495.916853038769659 ], [ 41602.936560671580082, 5495.922698954664156 ], [ 41602.929289321880788, 5495.929289321881697 ], [ 41602.922698954665975, 5495.93656067158372 ], [ 41602.91685303876875, 5495.944442976698156 ], [ 41602.911807873562793, 5495.952860326317023 ], [ 41602.907612046750728, 5495.961731656763732 ], [ 41602.904305966425454, 5495.970971532274234 ], [ 41602.901921471959213, 5495.980490967798687 ], [ 41602.900481527329248, 5495.990198285967381 ], [ 41602.900000000001455, 5496.0 ], [ 41602.900000000001455, 5561.956792734938972 ], [ 41585.931463530097972, 5577.927180000730914 ], [ 41585.924407501726819, 5577.934534175295084 ], [ 41585.918136663363839, 5577.942568352676062 ], [ 41585.912716151098721, 5577.951199080732295 ], [ 41585.908202268576133, 5577.960336710865704 ], [ 41585.904641902117874, 5577.969886329216024 ], [ 41585.902072033764853, 5577.979748742541233 ], [ 41585.900519357099256, 5577.989821508552268 ], [ 41585.900000000001455, 5578.0 ], [ 41585.900000000001455, 5594.95857864376103 ], [ 41569.95857864376012, 5610.899999999999636 ], [ 41553.0, 5610.899999999999636 ], [ 41552.989821508555906, 5610.900519357099256 ], [ 41552.979748742538504, 5610.902072033763034 ], [ 41552.969886329214205, 5610.904641902116964 ], [ 41552.960336710864794, 5610.908202268573405 ], [ 41552.951199080729566, 5610.912716151101449 ], [ 41552.942568352678791, 5610.918136663361111 ], [ 41552.934534175292356, 5610.924407501723181 ], [ 41552.927180000733642, 5610.931463530099791 ], [ 41536.956792734948976, 5627.899999999999636 ], [ 41520.043207265051024, 5627.899999999999636 ], [ 41504.099999999998545, 5610.96034228087774 ], [ 41504.099999999998545, 5595.0 ], [ 41504.099518472670752, 5594.990198285967381 ], [ 41504.098078528040787, 5594.980490967798687 ], [ 41504.095694033574546, 5594.970971532274234 ], [ 41504.092387953249272, 5594.961731656763732 ], [ 41504.088192126437207, 5594.952860326317023 ], [ 41504.08314696123125, 5594.944442976698156 ], [ 41504.077301045334025, 5594.93656067158372 ], [ 41504.070710678119212, 5594.929289321881697 ], [ 41504.063439328419918, 5594.922698954664156 ], [ 41504.055557023304573, 5594.916853038769659 ], [ 41504.047139673682977, 5594.911807873565522 ], [ 41504.038268343239906, 5594.907612046748909 ], [ 41504.029028467724856, 5594.904305966426364 ], [ 41504.019509032201313, 5594.901921471960122 ], [ 41504.009801714033529, 5594.900481527332886 ], [ 41504.0, 5594.899999999999636 ], [ 41356.0, 5594.899999999999636 ], [ 41355.990575203933986, 5594.900445124584621 ], [ 41355.981234312028391, 5594.901776535619319 ], [ 41355.972060481508379, 5594.903982380228626 ], [ 41355.963135382320615, 5594.907043020899437 ], [ 41355.954538470083207, 5594.910931210304625 ], [ 41355.946346278738929, 5594.915612333868921 ], [ 41355.938631739205448, 5594.921044717929362 ], [ 41355.931463530097972, 5594.927180000730914 ], [ 41339.002110289395205, 5610.860688933157689 ], [ 41323.070710678119212, 5594.929289321881697 ], [ 41323.063439328419918, 5594.922698954664156 ], [ 41323.055557023304573, 5594.916853038769659 ], [ 41323.047139673682977, 5594.911807873565522 ], [ 41323.038268343239906, 5594.907612046748909 ], [ 41323.029028467724856, 5594.904305966427273 ], [ 41323.019509032201313, 5594.901921471960122 ], [ 41323.009801714033529, 5594.900481527332886 ], [ 41323.0, 5594.899999999999636 ], [ 41290.04142135623988, 5594.899999999999636 ], [ 41273.099999999998545, 5577.95857864376103 ], [ 41273.099999999998545, 5496.0 ], [ 41273.099518472670752, 5495.990198285967381 ], [ 41273.098078528040787, 5495.980490967798687 ], [ 41273.095694033574546, 5495.970971532275144 ], [ 41273.092387953249272, 5495.961731656763732 ], [ 41273.088192126437207, 5495.952860326317932 ], [ 41273.08314696123125, 5495.944442976698156 ], [ 41273.077301045334025, 5495.93656067158372 ], [ 41273.070710678119212, 5495.929289321881697 ], [ 41257.071781806131185, 5479.930360449893669 ], [ 41241.072819999266358, 5462.931463530099791 ], [ 41241.068536469902028, 5462.927180000730914 ], [ 41224.070743136508099, 5446.929256863417322 ], [ 41208.072819999266358, 5429.931463530099791 ], [ 41208.065465824707644, 5429.924407501723181 ], [ 41208.057431647321209, 5429.918136663361111 ], [ 41208.048800919270434, 5429.912716151101449 ], [ 41208.039663289135206, 5429.908202268573405 ], [ 41208.030113670785795, 5429.904641902116964 ], [ 41208.020251257461496, 5429.902072033763034 ], [ 41208.010178491444094, 5429.900519357099256 ], [ 41208.0, 5429.899999999999636 ], [ 41175.039657719127717, 5429.899999999999636 ], [ 41158.099999999998545, 5413.956792734938972 ], [ 41158.099999999998545, 5381.0 ], [ 41158.099554875414469, 5380.990575203930348 ], [ 41158.09822346438159, 5380.981234312029301 ], [ 41158.096017619769555, 5380.972060481510198 ], [ 41158.092956979096925, 5380.963135382321525 ], [ 41158.089068789697194, 5380.954538470085026 ], [ 41158.084387666131079, 5380.946346278740748 ], [ 41158.078955282071547, 5380.938631739203629 ], [ 41158.072819999266358, 5380.931463530099791 ], [ 41142.099999999998545, 5363.96034228087774 ], [ 41142.099999999998545, 5332.0 ], [ 41142.099518472670752, 5331.990198285967381 ], [ 41142.098078528040787, 5331.980490967798687 ], [ 41142.095694033574546, 5331.970971532275144 ], [ 41142.092387953249272, 5331.961731656763732 ], [ 41142.088192126437207, 5331.952860326317932 ], [ 41142.08314696123125, 5331.944442976698156 ], [ 41142.077301045334025, 5331.93656067158372 ], [ 41142.070710678119212, 5331.929289321881697 ], [ 41092.099999999998545, 5281.95857864376103 ], [ 41092.099999999998545, 5266.04142135623897 ], [ 41109.04142135623988, 5249.100000000000364 ], [ 41142.0, 5249.100000000000364 ], [ 41142.009801714033529, 5249.099518472667114 ], [ 41142.019509032201313, 5249.098078528039878 ], [ 41142.029028467724856, 5249.095694033573636 ], [ 41142.038268343239906, 5249.092387953251091 ], [ 41142.047139673682977, 5249.088192126434478 ], [ 41142.055557023304573, 5249.083146961230341 ], [ 41142.063439328419918, 5249.077301045335844 ], [ 41142.070710678119212, 5249.070710678118303 ], [ 41142.077301045334025, 5249.06343932841628 ], [ 41142.08314696123125, 5249.055557023301844 ], [ 41142.088192126437207, 5249.047139673682977 ], [ 41142.092387953249272, 5249.038268343236268 ], [ 41142.095694033574546, 5249.029028467725766 ], [ 41142.098078528040787, 5249.019509032201313 ], [ 41142.099518472670752, 5249.009801714032619 ], [ 41142.099999999998545, 5249.0 ], [ 41142.099999999998545, 5216.04142135623897 ], [ 41158.070710678119212, 5200.070710678118303 ], [ 41158.077301045334025, 5200.06343932841628 ], [ 41158.08314696123125, 5200.055557023301844 ], [ 41158.088192126437207, 5200.047139673682068 ], [ 41158.092387953249272, 5200.038268343236268 ], [ 41158.095694033574546, 5200.029028467724856 ], [ 41158.098078528040787, 5200.019509032201313 ], [ 41158.099518472670752, 5200.009801714032619 ], [ 41158.099999999998545, 5200.0 ], [ 41158.099999999998545, 5134.0 ], [ 41158.099518472670752, 5133.990198285967381 ], [ 41158.098078528040787, 5133.980490967798687 ], [ 41158.095694033574546, 5133.970971532275144 ], [ 41158.092387953249272, 5133.961731656763732 ], [ 41158.088192126437207, 5133.952860326317932 ], [ 41158.08314696123125, 5133.944442976698156 ], [ 41158.077301045334025, 5133.93656067158372 ], [ 41158.070710678119212, 5133.929289321881697 ], [ 41142.070710678119212, 5117.929289321881697 ], [ 41142.063439328419918, 5117.922698954664156 ], [ 41142.055557023304573, 5117.916853038769659 ], [ 41142.047139673682977, 5117.911807873565522 ], [ 41142.038268343239906, 5117.907612046748909 ], [ 41142.029028467724856, 5117.904305966427273 ], [ 41142.019509032201313, 5117.901921471960122 ], [ 41142.009801714033529, 5117.900481527332886 ], [ 41142.0, 5117.899999999999636 ], [ 41109.0, 5117.899999999999636 ], [ 41108.990575203933986, 5117.900445124584621 ], [ 41108.981234312028391, 5117.901776535619319 ], [ 41108.972060481508379, 5117.903982380228626 ], [ 41108.963135382320615, 5117.907043020899437 ], [ 41108.954538470083207, 5117.910931210304625 ], [ 41108.946346278738929, 5117.915612333868921 ], [ 41108.938631739205448, 5117.921044717929362 ], [ 41108.931463530097972, 5117.927180000730914 ], [ 41092.002110289395205, 5133.860688933157689 ], [ 41076.099999999998545, 5117.95857864376103 ], [ 41076.099999999998545, 5101.0 ], [ 41076.099518472670752, 5100.990198285967381 ], [ 41076.098078528040787, 5100.980490967798687 ], [ 41076.095694033574546, 5100.970971532275144 ], [ 41076.092387953249272, 5100.961731656763732 ], [ 41076.088192126437207, 5100.952860326317932 ], [ 41076.08314696123125, 5100.944442976698156 ], [ 41076.077301045334025, 5100.93656067158372 ], [ 41076.070710678119212, 5100.929289321881697 ], [ 41043.070710678119212, 5067.929289321881697 ], [ 41043.063439328419918, 5067.922698954664156 ], [ 41043.055557023304573, 5067.916853038769659 ], [ 41043.047139673682977, 5067.911807873565522 ], [ 41043.038268343239906, 5067.907612046748909 ], [ 41043.029028467724856, 5067.904305966427273 ], [ 41043.019509032201313, 5067.901921471960122 ], [ 41043.009801714033529, 5067.900481527332886 ], [ 41043.0, 5067.899999999999636 ], [ 41010.0, 5067.899999999999636 ], [ 41009.990198285966471, 5067.900481527332886 ], [ 41009.980490967798687, 5067.901921471960122 ], [ 41009.970971532275144, 5067.904305966426364 ], [ 41009.961731656760094, 5067.907612046748909 ], [ 41009.952860326317023, 5067.911807873565522 ], [ 41009.944442976695427, 5067.916853038769659 ], [ 41009.936560671580082, 5067.922698954664156 ], [ 41009.929289321880788, 5067.929289321881697 ], [ 41009.922698954665975, 5067.93656067158372 ], [ 41009.91685303876875, 5067.944442976698156 ], [ 41009.911807873562793, 5067.952860326317023 ], [ 41009.907612046750728, 5067.961731656763732 ], [ 41009.904305966425454, 5067.970971532274234 ], [ 41009.901921471959213, 5067.980490967798687 ], [ 41009.900481527329248, 5067.990198285967381 ], [ 41009.900000000001455, 5068.0 ], [ 41009.900000000001455, 5084.95857864376103 ], [ 40993.95857864376012, 5100.899999999999636 ], [ 40977.04142135623988, 5100.899999999999636 ], [ 40961.070710678119212, 5084.929289321881697 ], [ 40961.063439328419918, 5084.922698954664156 ], [ 40961.055557023304573, 5084.916853038769659 ], [ 40961.047139673682977, 5084.911807873565522 ], [ 40961.038268343239906, 5084.907612046748909 ], [ 40961.029028467724856, 5084.904305966427273 ], [ 40961.019509032201313, 5084.901921471960122 ], [ 40961.009801714033529, 5084.900481527332886 ], [ 40961.0, 5084.899999999999636 ], [ 40911.0, 5084.899999999999636 ], [ 40910.990198285966471, 5084.900481527332886 ], [ 40910.980490967798687, 5084.901921471960122 ], [ 40910.970971532275144, 5084.904305966426364 ], [ 40910.961731656760094, 5084.907612046748909 ], [ 40910.952860326317023, 5084.911807873565522 ], [ 40910.944442976695427, 5084.916853038769659 ], [ 40910.936560671580082, 5084.922698954664156 ], [ 40910.929289321880788, 5084.929289321881697 ], [ 40910.922698954665975, 5084.93656067158372 ], [ 40910.91685303876875, 5084.944442976698156 ], [ 40910.911807873562793, 5084.952860326317023 ], [ 40910.907612046750728, 5084.961731656763732 ], [ 40910.904305966425454, 5084.970971532274234 ], [ 40910.901921471959213, 5084.980490967798687 ], [ 40910.900481527329248, 5084.990198285967381 ], [ 40910.900000000001455, 5085.0 ], [ 40910.900000000001455, 5100.96034228087774 ], [ 40894.956792734948976, 5117.899999999999636 ], [ 40878.043207265051024, 5117.899999999999636 ], [ 40862.099999999998545, 5100.96034228087774 ], [ 40862.099999999998545, 4986.0 ], [ 40862.099554875414469, 4985.990575203930348 ], [ 40862.09822346438159, 4985.981234312029301 ], [ 40862.096017619769555, 4985.972060481510198 ], [ 40862.092956979096925, 4985.963135382321525 ], [ 40862.089068789697194, 4985.954538470085026 ], [ 40862.084387666131079, 4985.946346278740748 ], [ 40862.078955282071547, 4985.938631739203629 ], [ 40862.072819999266358, 4985.931463530099791 ], [ 40846.072819999266358, 4968.931463530099791 ], [ 40846.068536469902028, 4968.927180000730914 ], [ 40829.099999999998545, 4952.956792734938972 ], [ 40829.099999999998545, 4937.0 ], [ 40829.099554875414469, 4936.990575203930348 ], [ 40829.09822346438159, 4936.981234312029301 ], [ 40829.096017619769555, 4936.972060481510198 ], [ 40829.092956979096925, 4936.963135382321525 ], [ 40829.089068789697194, 4936.954538470085026 ], [ 40829.084387666131079, 4936.946346278740748 ], [ 40829.078955282071547, 4936.938631739203629 ], [ 40829.072819999266358, 4936.931463530099791 ], [ 40813.072819999266358, 4919.931463530099791 ], [ 40813.068536469902028, 4919.927180000730914 ], [ 40796.099999999998545, 4903.956792734938972 ], [ 40796.099999999998545, 4871.0 ], [ 40796.099554875414469, 4870.990575203930348 ], [ 40796.09822346438159, 4870.981234312029301 ], [ 40796.096017619769555, 4870.972060481510198 ], [ 40796.092956979096925, 4870.963135382321525 ], [ 40796.089068789697194, 4870.954538470085026 ], [ 40796.084387666131079, 4870.946346278740748 ], [ 40796.078955282071547, 4870.938631739203629 ], [ 40796.072819999266358, 4870.931463530099791 ], [ 40780.099999999998545, 4853.96034228087774 ], [ 40780.099999999998545, 4821.0 ], [ 40780.099518472670752, 4820.990198285967381 ], [ 40780.098078528040787, 4820.980490967798687 ], [ 40780.095694033574546, 4820.970971532274234 ], [ 40780.092387953249272, 4820.961731656763732 ], [ 40780.088192126437207, 4820.952860326317023 ], [ 40780.08314696123125, 4820.944442976698156 ], [ 40780.077301045334025, 4820.93656067158372 ], [ 40780.070710678119212, 4820.929289321881697 ], [ 40780.063439328419918, 4820.922698954664156 ], [ 40780.055557023304573, 4820.916853038769659 ], [ 40780.047139673682977, 4820.911807873565522 ], [ 40780.038268343239906, 4820.907612046748909 ], [ 40780.029028467724856, 4820.904305966426364 ], [ 40780.019509032201313, 4820.901921471960122 ], [ 40780.009801714033529, 4820.900481527332886 ], [ 40780.0, 4820.899999999999636 ], [ 40730.04142135623988, 4820.899999999999636 ], [ 40714.099999999998545, 4804.95857864376103 ], [ 40714.099999999998545, 4739.0 ], [ 40714.099480642900744, 4738.989821508552268 ], [ 40714.097927966235147, 4738.979748742541233 ], [ 40714.095358097882126, 4738.969886329216024 ], [ 40714.091797731423867, 4738.960336710865704 ], [ 40714.087283848901279, 4738.951199080732295 ], [ 40714.081863336636161, 4738.942568352676062 ], [ 40714.075592498273181, 4738.934534175295084 ], [ 40714.068536469902028, 4738.927180000730914 ], [ 40697.070743136508099, 4722.929256863417322 ], [ 40681.072819999266358, 4705.931463530099791 ], [ 40681.070710678119212, 4705.929289321881697 ], [ 40665.070710678119212, 4689.929289321881697 ], [ 40665.063439328419918, 4689.922698954664156 ], [ 40665.055557023304573, 4689.916853038769659 ], [ 40665.047139673682977, 4689.911807873565522 ], [ 40665.038268343239906, 4689.907612046748909 ], [ 40665.029028467724856, 4689.904305966427273 ], [ 40665.019509032201313, 4689.901921471960122 ], [ 40665.009801714033529, 4689.900481527332886 ], [ 40665.0, 4689.899999999999636 ], [ 40648.0, 4689.899999999999636 ], [ 40647.990198285966471, 4689.900481527332886 ], [ 40647.980490967798687, 4689.901921471960122 ], [ 40647.970971532275144, 4689.904305966427273 ], [ 40647.961731656760094, 4689.907612046748909 ], [ 40647.952860326317023, 4689.911807873565522 ], [ 40647.944442976695427, 4689.916853038769659 ], [ 40647.936560671580082, 4689.922698954664156 ], [ 40647.929289321880788, 4689.929289321881697 ], [ 40631.997889710604795, 4705.860688933157689 ], [ 40615.070743136508099, 4689.929256863417322 ], [ 40599.072819999266358, 4672.931463530099791 ], [ 40599.065465824707644, 4672.924407501723181 ], [ 40599.057431647321209, 4672.918136663361111 ], [ 40599.048800919270434, 4672.912716151101449 ], [ 40599.039663289135206, 4672.908202268573405 ], [ 40599.030113670785795, 4672.904641902116964 ], [ 40599.020251257461496, 4672.902072033763034 ], [ 40599.010178491444094, 4672.900519357099256 ], [ 40599.0, 4672.899999999999636 ], [ 40549.04142135623988, 4672.899999999999636 ], [ 40533.13931106684322, 4656.997889710602976 ], [ 40549.072819999266358, 4640.068536469900209 ], [ 40549.078955282071547, 4640.061368260796371 ], [ 40549.084387666131079, 4640.053653721259252 ], [ 40549.089068789697194, 4640.045461529914974 ], [ 40549.092956979096925, 4640.036864617678475 ], [ 40549.096017619769555, 4640.027939518489802 ], [ 40549.09822346438159, 4640.018765687970699 ], [ 40549.099554875414469, 4640.009424796069652 ], [ 40549.099999999998545, 4640.0 ], [ 40549.099999999998545, 4624.0 ], [ 40549.099518472670752, 4623.990198285967381 ], [ 40549.098078528040787, 4623.980490967798687 ], [ 40549.095694033574546, 4623.970971532274234 ], [ 40549.092387953249272, 4623.961731656763732 ], [ 40549.088192126437207, 4623.952860326317023 ], [ 40549.08314696123125, 4623.944442976698156 ], [ 40549.077301045334025, 4623.93656067158372 ], [ 40549.070710678119212, 4623.929289321881697 ], [ 40549.063439328419918, 4623.922698954664156 ], [ 40549.055557023304573, 4623.916853038769659 ], [ 40549.047139673682977, 4623.911807873565522 ], [ 40549.038268343239906, 4623.907612046748909 ], [ 40549.029028467724856, 4623.904305966426364 ], [ 40549.019509032201313, 4623.901921471960122 ], [ 40549.009801714033529, 4623.900481527332886 ], [ 40549.0, 4623.899999999999636 ], [ 40484.0, 4623.899999999999636 ], [ 40483.990198285966471, 4623.900481527332886 ], [ 40483.980490967798687, 4623.901921471960122 ], [ 40483.970971532275144, 4623.904305966426364 ], [ 40483.961731656760094, 4623.907612046748909 ], [ 40483.952860326317023, 4623.911807873565522 ], [ 40483.944442976695427, 4623.916853038769659 ], [ 40483.936560671580082, 4623.922698954664156 ], [ 40483.929289321880788, 4623.929289321881697 ], [ 40483.922698954665975, 4623.93656067158372 ], [ 40483.91685303876875, 4623.944442976698156 ], [ 40483.911807873562793, 4623.952860326317023 ], [ 40483.907612046750728, 4623.961731656763732 ], [ 40483.904305966425454, 4623.970971532274234 ], [ 40483.901921471959213, 4623.980490967798687 ], [ 40483.900481527329248, 4623.990198285967381 ], [ 40483.900000000001455, 4624.0 ], [ 40483.900000000001455, 4639.95857864376103 ], [ 40450.95857864376012, 4672.899999999999636 ], [ 40418.039657719127717, 4672.899999999999636 ], [ 40401.099999999998545, 4656.956792734938972 ], [ 40401.099999999998545, 4640.043207265061028 ], [ 40418.068536469902028, 4624.072819999269086 ], [ 40418.075592498273181, 4624.065465824704916 ], [ 40418.081863336636161, 4624.057431647323938 ], [ 40418.087283848901279, 4624.048800919267705 ], [ 40418.091797731423867, 4624.039663289134296 ], [ 40418.095358097882126, 4624.030113670783976 ], [ 40418.097927966235147, 4624.020251257458767 ], [ 40418.099480642900744, 4624.010178491447732 ], [ 40418.099999999998545, 4624.0 ], [ 40418.099999999998545, 4575.0 ], [ 40418.099518472670752, 4574.990198285967381 ], [ 40418.098078528040787, 4574.980490967798687 ], [ 40418.095694033574546, 4574.970971532274234 ], [ 40418.092387953249272, 4574.961731656763732 ], [ 40418.088192126437207, 4574.952860326317023 ], [ 40418.08314696123125, 4574.944442976698156 ], [ 40418.077301045334025, 4574.93656067158372 ], [ 40418.070710678119212, 4574.929289321881697 ], [ 40418.063439328419918, 4574.922698954664156 ], [ 40418.055557023304573, 4574.916853038769659 ], [ 40418.047139673682977, 4574.911807873565522 ], [ 40418.038268343239906, 4574.907612046748909 ], [ 40418.029028467724856, 4574.904305966426364 ], [ 40418.019509032201313, 4574.901921471960122 ], [ 40418.009801714033529, 4574.900481527332886 ], [ 40418.0, 4574.899999999999636 ], [ 40401.043207265051024, 4574.899999999999636 ], [ 40385.099999999998545, 4557.96034228087774 ], [ 40385.099999999998545, 4542.0 ], [ 40385.099518472670752, 4541.990198285967381 ], [ 40385.098078528040787, 4541.980490967798687 ], [ 40385.095694033574546, 4541.970971532274234 ], [ 40385.092387953249272, 4541.961731656763732 ], [ 40385.088192126437207, 4541.952860326317023 ], [ 40385.08314696123125, 4541.944442976698156 ], [ 40385.077301045334025, 4541.93656067158372 ], [ 40385.070710678119212, 4541.929289321881697 ], [ 40385.063439328419918, 4541.922698954664156 ], [ 40385.055557023304573, 4541.916853038769659 ], [ 40385.047139673682977, 4541.911807873565522 ], [ 40385.038268343239906, 4541.907612046748909 ], [ 40385.029028467724856, 4541.904305966426364 ], [ 40385.019509032201313, 4541.901921471960122 ], [ 40385.009801714033529, 4541.900481527332886 ], [ 40385.0, 4541.899999999999636 ], [ 40368.0, 4541.899999999999636 ], [ 40367.990198285966471, 4541.900481527332886 ], [ 40367.980490967798687, 4541.901921471960122 ], [ 40367.970971532275144, 4541.904305966426364 ], [ 40367.961731656760094, 4541.907612046748909 ], [ 40367.952860326317023, 4541.911807873565522 ], [ 40367.944442976695427, 4541.916853038769659 ], [ 40367.936560671580082, 4541.922698954664156 ], [ 40367.929289321880788, 4541.929289321881697 ], [ 40367.922698954665975, 4541.93656067158372 ], [ 40367.91685303876875, 4541.944442976698156 ], [ 40367.911807873562793, 4541.952860326317023 ], [ 40367.907612046750728, 4541.961731656763732 ], [ 40367.904305966425454, 4541.970971532274234 ], [ 40367.901921471959213, 4541.980490967798687 ], [ 40367.900481527329248, 4541.990198285967381 ], [ 40367.900000000001455, 4542.0 ], [ 40367.900000000001455, 4557.96034228087774 ], [ 40351.997824793754262, 4574.856403437515837 ], [ 40335.099999999998545, 4557.95857864376103 ], [ 40335.099999999998545, 4542.0 ], [ 40335.099554875414469, 4541.990575203930348 ], [ 40335.09822346438159, 4541.981234312029301 ], [ 40335.096017619769555, 4541.972060481510198 ], [ 40335.092956979096925, 4541.963135382321525 ], [ 40335.089068789697194, 4541.954538470085026 ], [ 40335.084387666131079, 4541.946346278740748 ], [ 40335.078955282071547, 4541.938631739203629 ], [ 40335.072819999266358, 4541.931463530099791 ], [ 40319.072819999266358, 4524.931463530099791 ], [ 40319.065465824707644, 4524.924407501723181 ], [ 40319.057431647321209, 4524.918136663361111 ], [ 40319.048800919270434, 4524.912716151101449 ], [ 40319.039663289135206, 4524.908202268573405 ], [ 40319.030113670785795, 4524.904641902116964 ], [ 40319.020251257461496, 4524.902072033763034 ], [ 40319.010178491444094, 4524.900519357099256 ], [ 40319.0, 4524.899999999999636 ], [ 40286.04142135623988, 4524.899999999999636 ], [ 40270.13931106684322, 4508.997889710602976 ], [ 40286.072819999266358, 4492.068536469900209 ], [ 40286.078955282071547, 4492.061368260796371 ], [ 40286.084387666131079, 4492.053653721259252 ], [ 40286.089068789697194, 4492.045461529914974 ], [ 40286.092956979096925, 4492.036864617678475 ], [ 40286.096017619769555, 4492.027939518489802 ], [ 40286.09822346438159, 4492.018765687970699 ], [ 40286.099554875414469, 4492.009424796069652 ], [ 40286.099999999998545, 4492.0 ], [ 40286.099999999998545, 4476.03965771912226 ], [ 40302.043207265051024, 4459.100000000000364 ], [ 40319.0, 4459.100000000000364 ], [ 40319.009801714033529, 4459.099518472667114 ], [ 40319.019509032201313, 4459.098078528039878 ], [ 40319.029028467724856, 4459.095694033573636 ], [ 40319.038268343239906, 4459.092387953251091 ], [ 40319.047139673682977, 4459.088192126434478 ], [ 40319.055557023304573, 4459.083146961230341 ], [ 40319.063439328419918, 4459.077301045335844 ], [ 40319.070710678119212, 4459.070710678118303 ], [ 40319.077301045334025, 4459.06343932841628 ], [ 40319.08314696123125, 4459.055557023301844 ], [ 40319.088192126437207, 4459.047139673682977 ], [ 40319.092387953249272, 4459.038268343236268 ], [ 40319.095694033574546, 4459.029028467725766 ], [ 40319.098078528040787, 4459.019509032201313 ], [ 40319.099518472670752, 4459.009801714032619 ], [ 40319.099999999998545, 4459.0 ], [ 40319.099999999998545, 4443.03965771912226 ], [ 40335.002175206245738, 4426.143596562484163 ], [ 40351.900000000001455, 4443.04142135623897 ], [ 40351.900000000001455, 4459.0 ], [ 40351.900445124585531, 4459.009424796069652 ], [ 40351.90177653561841, 4459.018765687970699 ], [ 40351.903982380230445, 4459.027939518489802 ], [ 40351.907043020903075, 4459.036864617678475 ], [ 40351.910931210302806, 4459.045461529914974 ], [ 40351.915612333868921, 4459.053653721259252 ], [ 40351.921044717928453, 4459.061368260796371 ], [ 40351.927180000733642, 4459.068536469900209 ], [ 40367.927180000733642, 4476.068536469900209 ], [ 40367.934534175292356, 4476.075592498276819 ], [ 40367.942568352678791, 4476.081863336638889 ], [ 40367.951199080729566, 4476.087283848898551 ], [ 40367.960336710864794, 4476.091797731426595 ], [ 40367.969886329214205, 4476.095358097883036 ], [ 40367.979748742538504, 4476.097927966236966 ], [ 40367.989821508555906, 4476.099480642900744 ], [ 40368.0, 4476.100000000000364 ], [ 40451.0, 4476.100000000000364 ], [ 40451.010178491444094, 4476.099480642900744 ], [ 40451.020251257461496, 4476.097927966236966 ], [ 40451.030113670785795, 4476.095358097883036 ], [ 40451.039663289135206, 4476.091797731426595 ], [ 40451.048800919270434, 4476.087283848898551 ], [ 40451.057431647321209, 4476.081863336638889 ], [ 40451.065465824707644, 4476.075592498276819 ], [ 40451.072819999266358, 4476.068536469900209 ], [ 40467.043207265051024, 4459.100000000000364 ], [ 40484.0, 4459.100000000000364 ], [ 40484.009801714033529, 4459.099518472667114 ], [ 40484.019509032201313, 4459.098078528039878 ], [ 40484.029028467724856, 4459.095694033572727 ], [ 40484.038268343239906, 4459.092387953251091 ], [ 40484.047139673682977, 4459.088192126434478 ], [ 40484.055557023304573, 4459.083146961230341 ], [ 40484.063439328419918, 4459.077301045335844 ], [ 40484.070710678119212, 4459.070710678118303 ], [ 40500.04142135623988, 4443.100000000000364 ], [ 40516.0, 4443.100000000000364 ], [ 40516.009801714033529, 4443.099518472667114 ], [ 40516.019509032201313, 4443.098078528039878 ], [ 40516.029028467724856, 4443.095694033572727 ], [ 40516.038268343239906, 4443.092387953251091 ], [ 40516.047139673682977, 4443.088192126434478 ], [ 40516.055557023304573, 4443.083146961230341 ], [ 40516.063439328419918, 4443.077301045335844 ], [ 40516.070710678119212, 4443.070710678118303 ], [ 40549.070710678119212, 4410.070710678118303 ], [ 40549.077301045334025, 4410.06343932841628 ], [ 40549.08314696123125, 4410.055557023301844 ], [ 40549.088192126437207, 4410.047139673682068 ], [ 40549.092387953249272, 4410.038268343236268 ], [ 40549.095694033574546, 4410.029028467724856 ], [ 40549.098078528040787, 4410.019509032201313 ], [ 40549.099518472670752, 4410.009801714032619 ], [ 40549.099999999998545, 4410.0 ], [ 40549.099999999998545, 4393.043207265061028 ], [ 40566.068536469902028, 4377.072819999269086 ], [ 40566.075592498273181, 4377.065465824704916 ], [ 40566.081863336636161, 4377.057431647323938 ], [ 40566.087283848901279, 4377.048800919267705 ], [ 40566.091797731423867, 4377.039663289134296 ], [ 40566.095358097882126, 4377.030113670783976 ], [ 40566.097927966235147, 4377.020251257458767 ], [ 40566.099480642900744, 4377.010178491447732 ], [ 40566.099999999998545, 4377.0 ], [ 40566.099999999998545, 4344.0 ], [ 40566.099518472670752, 4343.990198285967381 ], [ 40566.098078528040787, 4343.980490967798687 ], [ 40566.095694033574546, 4343.970971532274234 ], [ 40566.092387953249272, 4343.961731656763732 ], [ 40566.088192126437207, 4343.952860326317023 ], [ 40566.08314696123125, 4343.944442976698156 ], [ 40566.077301045334025, 4343.93656067158372 ], [ 40566.070710678119212, 4343.929289321881697 ], [ 40566.063439328419918, 4343.922698954664156 ], [ 40566.055557023304573, 4343.916853038769659 ], [ 40566.047139673682977, 4343.911807873565522 ], [ 40566.038268343239906, 4343.907612046748909 ], [ 40566.029028467724856, 4343.904305966426364 ], [ 40566.019509032201313, 4343.901921471960122 ], [ 40566.009801714033529, 4343.900481527332886 ], [ 40566.0, 4343.899999999999636 ], [ 40451.0, 4343.899999999999636 ], [ 40450.990198285966471, 4343.900481527332886 ], [ 40450.980490967798687, 4343.901921471960122 ], [ 40450.970971532275144, 4343.904305966427273 ], [ 40450.961731656760094, 4343.907612046748909 ], [ 40450.952860326317023, 4343.911807873565522 ], [ 40450.944442976695427, 4343.916853038769659 ], [ 40450.936560671580082, 4343.922698954664156 ], [ 40450.929289321880788, 4343.929289321881697 ], [ 40433.95857864376012, 4360.899999999999636 ], [ 40418.0, 4360.899999999999636 ], [ 40417.990575203933986, 4360.900445124584621 ], [ 40417.981234312028391, 4360.901776535619319 ], [ 40417.972060481508379, 4360.903982380228626 ], [ 40417.963135382320615, 4360.907043020899437 ], [ 40417.954538470083207, 4360.910931210304625 ], [ 40417.946346278738929, 4360.915612333868921 ], [ 40417.938631739205448, 4360.921044717929362 ], [ 40417.931463530097972, 4360.927180000730914 ], [ 40400.931463530097972, 4376.927180000730914 ], [ 40400.929289321880788, 4376.929289321881697 ], [ 40351.997889710604795, 4425.860688933157689 ], [ 40335.070743136508099, 4409.929256863417322 ], [ 40319.099999999998545, 4392.96034228087774 ], [ 40319.099999999998545, 4361.0 ], [ 40319.099518472670752, 4360.990198285967381 ], [ 40319.098078528040787, 4360.980490967798687 ], [ 40319.095694033574546, 4360.970971532275144 ], [ 40319.092387953249272, 4360.961731656763732 ], [ 40319.088192126437207, 4360.952860326317932 ], [ 40319.08314696123125, 4360.944442976698156 ], [ 40319.077301045334025, 4360.93656067158372 ], [ 40319.070710678119212, 4360.929289321881697 ], [ 40302.099999999998545, 4343.95857864376103 ], [ 40302.099999999998545, 4328.0 ], [ 40302.099518472670752, 4327.990198285967381 ], [ 40302.098078528040787, 4327.980490967798687 ], [ 40302.095694033574546, 4327.970971532274234 ], [ 40302.092387953249272, 4327.961731656763732 ], [ 40302.088192126437207, 4327.952860326317023 ], [ 40302.08314696123125, 4327.944442976698156 ], [ 40302.077301045334025, 4327.93656067158372 ], [ 40302.070710678119212, 4327.929289321881697 ], [ 40302.063439328419918, 4327.922698954664156 ], [ 40302.055557023304573, 4327.916853038769659 ], [ 40302.047139673682977, 4327.911807873565522 ], [ 40302.038268343239906, 4327.907612046748909 ], [ 40302.029028467724856, 4327.904305966426364 ], [ 40302.019509032201313, 4327.901921471960122 ], [ 40302.009801714033529, 4327.900481527332886 ], [ 40302.0, 4327.899999999999636 ], [ 40270.0, 4327.899999999999636 ], [ 40269.990575203933986, 4327.900445124584621 ], [ 40269.981234312028391, 4327.901776535619319 ], [ 40269.972060481508379, 4327.903982380228626 ], [ 40269.963135382320615, 4327.907043020899437 ], [ 40269.954538470083207, 4327.910931210304625 ], [ 40269.946346278738929, 4327.915612333868921 ], [ 40269.938631739205448, 4327.921044717929362 ], [ 40269.931463530097972, 4327.927180000730914 ], [ 40253.002110289395205, 4343.860688933157689 ], [ 40237.099999999998545, 4327.95857864376103 ], [ 40237.099999999998545, 4311.0 ], [ 40237.099518472670752, 4310.990198285967381 ], [ 40237.098078528040787, 4310.980490967798687 ], [ 40237.095694033574546, 4310.970971532274234 ], [ 40237.092387953249272, 4310.961731656763732 ], [ 40237.088192126437207, 4310.952860326317023 ], [ 40237.08314696123125, 4310.944442976698156 ], [ 40237.077301045334025, 4310.93656067158372 ], [ 40237.070710678119212, 4310.929289321881697 ], [ 40237.063439328419918, 4310.922698954664156 ], [ 40237.055557023304573, 4310.916853038769659 ], [ 40237.047139673682977, 4310.911807873565522 ], [ 40237.038268343239906, 4310.907612046748909 ], [ 40237.029028467724856, 4310.904305966426364 ], [ 40237.019509032201313, 4310.901921471960122 ], [ 40237.009801714033529, 4310.900481527332886 ], [ 40237.0, 4310.899999999999636 ], [ 40220.04142135623988, 4310.899999999999636 ], [ 40204.099999999998545, 4294.95857864376103 ], [ 40204.099999999998545, 4278.04142135623897 ], [ 40220.070710678119212, 4262.070710678118303 ], [ 40220.077301045334025, 4262.06343932841628 ], [ 40220.08314696123125, 4262.055557023301844 ], [ 40220.088192126437207, 4262.047139673682068 ], [ 40220.092387953249272, 4262.038268343236268 ], [ 40220.095694033574546, 4262.029028467724856 ], [ 40220.098078528040787, 4262.019509032201313 ], [ 40220.099518472670752, 4262.009801714032619 ], [ 40220.099999999998545, 4262.0 ], [ 40220.099999999998545, 4245.0 ], [ 40220.099518472670752, 4244.990198285967381 ], [ 40220.098078528040787, 4244.980490967798687 ], [ 40220.095694033574546, 4244.970971532275144 ], [ 40220.092387953249272, 4244.961731656763732 ], [ 40220.088192126437207, 4244.952860326317932 ], [ 40220.08314696123125, 4244.944442976698156 ], [ 40220.077301045334025, 4244.93656067158372 ], [ 40220.070710678119212, 4244.929289321881697 ], [ 40204.070710678119212, 4228.929289321881697 ], [ 40204.063439328419918, 4228.922698954664156 ], [ 40204.055557023304573, 4228.916853038769659 ], [ 40204.047139673682977, 4228.911807873565522 ], [ 40204.038268343239906, 4228.907612046748909 ], [ 40204.029028467724856, 4228.904305966427273 ], [ 40204.019509032201313, 4228.901921471960122 ], [ 40204.009801714033529, 4228.900481527332886 ], [ 40204.0, 4228.899999999999636 ], [ 40154.0, 4228.899999999999636 ], [ 40153.990198285966471, 4228.900481527332886 ], [ 40153.980490967798687, 4228.901921471960122 ], [ 40153.970971532275144, 4228.904305966426364 ], [ 40153.961731656760094, 4228.907612046748909 ], [ 40153.952860326317023, 4228.911807873565522 ], [ 40153.944442976695427, 4228.916853038769659 ], [ 40153.936560671580082, 4228.922698954664156 ], [ 40153.929289321880788, 4228.929289321881697 ], [ 40153.922698954665975, 4228.93656067158372 ], [ 40153.91685303876875, 4228.944442976698156 ], [ 40153.911807873562793, 4228.952860326317023 ], [ 40153.907612046750728, 4228.961731656763732 ], [ 40153.904305966425454, 4228.970971532274234 ], [ 40153.901921471959213, 4228.980490967798687 ], [ 40153.900481527329248, 4228.990198285967381 ], [ 40153.900000000001455, 4229.0 ], [ 40153.900000000001455, 4277.96034228087774 ], [ 40137.997824793754262, 4294.856403437515837 ], [ 40105.099999999998545, 4261.95857864376103 ], [ 40105.099999999998545, 4245.0 ], [ 40105.099518472670752, 4244.990198285967381 ], [ 40105.098078528040787, 4244.980490967798687 ], [ 40105.095694033574546, 4244.970971532274234 ], [ 40105.092387953249272, 4244.961731656763732 ], [ 40105.088192126437207, 4244.952860326317023 ], [ 40105.08314696123125, 4244.944442976698156 ], [ 40105.077301045334025, 4244.93656067158372 ], [ 40105.070710678119212, 4244.929289321881697 ], [ 40105.063439328419918, 4244.922698954664156 ], [ 40105.055557023304573, 4244.916853038769659 ], [ 40105.047139673682977, 4244.911807873565522 ], [ 40105.038268343239906, 4244.907612046748909 ], [ 40105.029028467724856, 4244.904305966426364 ], [ 40105.019509032201313, 4244.901921471960122 ], [ 40105.009801714033529, 4244.900481527332886 ], [ 40105.0, 4244.899999999999636 ], [ 40089.039657719127717, 4244.899999999999636 ], [ 40072.068536469902028, 4228.927180000730914 ], [ 40072.061368260794552, 4228.921044717929362 ], [ 40072.053653721261071, 4228.915612333868921 ], [ 40072.045461529916793, 4228.910931210304625 ], [ 40072.036864617679385, 4228.907043020899437 ], [ 40072.027939518491621, 4228.903982380228626 ], [ 40072.018765687971609, 4228.901776535619319 ], [ 40072.009424796066014, 4228.900445124584621 ], [ 40072.0, 4228.899999999999636 ], [ 40039.043207265051024, 4228.899999999999636 ], [ 40023.099999999998545, 4211.96034228087774 ], [ 40023.099999999998545, 4163.0 ], [ 40023.099518472670752, 4162.990198285967381 ], [ 40023.098078528040787, 4162.980490967798687 ], [ 40023.095694033574546, 4162.970971532274234 ], [ 40023.092387953249272, 4162.961731656763732 ], [ 40023.088192126437207, 4162.952860326317023 ], [ 40023.08314696123125, 4162.944442976698156 ], [ 40023.077301045334025, 4162.93656067158372 ], [ 40023.070710678119212, 4162.929289321881697 ], [ 40023.063439328419918, 4162.922698954664156 ], [ 40023.055557023304573, 4162.916853038769659 ], [ 40023.047139673682977, 4162.911807873565522 ], [ 40023.038268343239906, 4162.907612046748909 ], [ 40023.029028467724856, 4162.904305966426364 ], [ 40023.019509032201313, 4162.901921471960122 ], [ 40023.009801714033529, 4162.900481527332886 ], [ 40023.0, 4162.899999999999636 ], [ 39990.039657719127717, 4162.899999999999636 ], [ 39973.099999999998545, 4146.956792734938972 ], [ 39973.099999999998545, 4130.0 ], [ 39973.099518472670752, 4129.990198285967381 ], [ 39973.098078528040787, 4129.980490967798687 ], [ 39973.095694033574546, 4129.970971532274234 ], [ 39973.092387953249272, 4129.961731656763732 ], [ 39973.088192126437207, 4129.952860326317023 ], [ 39973.08314696123125, 4129.944442976698156 ], [ 39973.077301045334025, 4129.93656067158372 ], [ 39973.070710678119212, 4129.929289321881697 ], [ 39973.063439328419918, 4129.922698954664156 ], [ 39973.055557023304573, 4129.916853038769659 ], [ 39973.047139673682977, 4129.911807873565522 ], [ 39973.038268343239906, 4129.907612046748909 ], [ 39973.029028467724856, 4129.904305966426364 ], [ 39973.019509032201313, 4129.901921471960122 ], [ 39973.009801714033529, 4129.900481527332886 ], [ 39973.0, 4129.899999999999636 ], [ 39957.039657719127717, 4129.899999999999636 ], [ 39940.068536469902028, 4113.927180000730914 ], [ 39940.061368260794552, 4113.921044717929362 ], [ 39940.053653721261071, 4113.915612333868921 ], [ 39940.045461529916793, 4113.910931210304625 ], [ 39940.036864617679385, 4113.907043020899437 ], [ 39940.027939518491621, 4113.903982380228626 ], [ 39940.018765687971609, 4113.901776535619319 ], [ 39940.009424796066014, 4113.900445124584621 ], [ 39940.0, 4113.899999999999636 ], [ 39924.0, 4113.899999999999636 ], [ 39923.990198285966471, 4113.900481527332886 ], [ 39923.980490967798687, 4113.901921471960122 ], [ 39923.970971532275144, 4113.904305966427273 ], [ 39923.961731656760094, 4113.907612046748909 ], [ 39923.952860326317023, 4113.911807873565522 ], [ 39923.944442976695427, 4113.916853038769659 ], [ 39923.936560671580082, 4113.922698954664156 ], [ 39923.929289321880788, 4113.929289321881697 ], [ 39874.929289321880788, 4162.929289321881697 ], [ 39874.922698954665975, 4162.93656067158372 ], [ 39874.91685303876875, 4162.944442976698156 ], [ 39874.911807873562793, 4162.952860326317932 ], [ 39874.907612046750728, 4162.961731656763732 ], [ 39874.904305966425454, 4162.970971532275144 ], [ 39874.901921471959213, 4162.980490967798687 ], [ 39874.900481527329248, 4162.990198285967381 ], [ 39874.900000000001455, 4163.0 ], [ 39874.900000000001455, 4211.95857864376103 ], [ 39858.002175206245738, 4228.856403437515837 ], [ 39842.099999999998545, 4211.96034228087774 ], [ 39842.099999999998545, 4180.0 ], [ 39842.099518472670752, 4179.990198285967381 ], [ 39842.098078528040787, 4179.980490967798687 ], [ 39842.095694033574546, 4179.970971532275144 ], [ 39842.092387953249272, 4179.961731656763732 ], [ 39842.088192126437207, 4179.952860326317932 ], [ 39842.08314696123125, 4179.944442976698156 ], [ 39842.077301045334025, 4179.93656067158372 ], [ 39842.070710678119212, 4179.929289321881697 ], [ 39825.143596562484163, 4163.002175206248467 ], [ 39842.068536469902028, 4147.072819999269086 ], [ 39842.075592498273181, 4147.065465824704916 ], [ 39842.081863336636161, 4147.057431647323938 ], [ 39842.087283848901279, 4147.048800919267705 ], [ 39842.091797731423867, 4147.039663289134296 ], [ 39842.095358097882126, 4147.030113670783976 ], [ 39842.097927966235147, 4147.020251257458767 ], [ 39842.099480642900744, 4147.010178491447732 ], [ 39842.099999999998545, 4147.0 ], [ 39842.099999999998545, 4114.0 ], [ 39842.099518472670752, 4113.990198285967381 ], [ 39842.098078528040787, 4113.980490967798687 ], [ 39842.095694033574546, 4113.970971532274234 ], [ 39842.092387953249272, 4113.961731656763732 ], [ 39842.088192126437207, 4113.952860326317023 ], [ 39842.08314696123125, 4113.944442976698156 ], [ 39842.077301045334025, 4113.93656067158372 ], [ 39842.070710678119212, 4113.929289321881697 ], [ 39842.063439328419918, 4113.922698954664156 ], [ 39842.055557023304573, 4113.916853038769659 ], [ 39842.047139673682977, 4113.911807873565522 ], [ 39842.038268343239906, 4113.907612046748909 ], [ 39842.029028467724856, 4113.904305966426364 ], [ 39842.019509032201313, 4113.901921471960122 ], [ 39842.009801714033529, 4113.900481527332886 ], [ 39842.0, 4113.899999999999636 ], [ 39825.043207265051024, 4113.899999999999636 ], [ 39809.072819999266358, 4096.931463530099791 ], [ 39809.065465824707644, 4096.924407501723181 ], [ 39809.057431647321209, 4096.918136663361111 ], [ 39809.048800919270434, 4096.912716151101449 ], [ 39809.039663289135206, 4096.908202268573405 ], [ 39809.030113670785795, 4096.904641902116964 ], [ 39809.020251257461496, 4096.902072033763034 ], [ 39809.010178491444094, 4096.900519357099256 ], [ 39809.0, 4096.899999999999636 ], [ 39792.04142135623988, 4096.899999999999636 ], [ 39776.099999999998545, 4080.958578643760575 ], [ 39776.099999999998545, 4064.0 ], [ 39776.099480642900744, 4063.989821508552723 ], [ 39776.097927966235147, 4063.979748742541233 ], [ 39776.095358097882126, 4063.969886329216479 ], [ 39776.091797731423867, 4063.960336710866159 ], [ 39776.087283848901279, 4063.95119908073184 ], [ 39776.081863336636161, 4063.942568352675607 ], [ 39776.075592498273181, 4063.934534175295084 ], [ 39776.068536469902028, 4063.927180000730914 ], [ 39759.099999999998545, 4047.956792734939427 ], [ 39759.099999999998545, 4031.0 ], [ 39759.099518472670752, 4030.990198285966926 ], [ 39759.098078528040787, 4030.980490967798232 ], [ 39759.095694033574546, 4030.970971532274689 ], [ 39759.092387953249272, 4030.961731656763277 ], [ 39759.088192126437207, 4030.952860326317477 ], [ 39759.08314696123125, 4030.944442976698156 ], [ 39759.077301045334025, 4030.93656067158372 ], [ 39759.070710678119212, 4030.929289321881242 ], [ 39759.063439328419918, 4030.922698954663701 ], [ 39759.055557023304573, 4030.916853038769659 ], [ 39759.047139673682977, 4030.911807873565067 ], [ 39759.038268343239906, 4030.907612046748909 ], [ 39759.029028467724856, 4030.904305966426818 ], [ 39759.019509032201313, 4030.901921471959668 ], [ 39759.009801714033529, 4030.900481527332886 ], [ 39759.0, 4030.9 ], [ 39743.0, 4030.9 ], [ 39742.990198285966471, 4030.900481527332886 ], [ 39742.980490967798687, 4030.901921471959668 ], [ 39742.970971532275144, 4030.904305966426818 ], [ 39742.961731656760094, 4030.907612046748909 ], [ 39742.952860326317023, 4030.911807873565067 ], [ 39742.944442976695427, 4030.916853038769659 ], [ 39742.936560671580082, 4030.922698954663701 ], [ 39742.929289321880788, 4030.929289321881242 ], [ 39742.922698954665975, 4030.93656067158372 ], [ 39742.91685303876875, 4030.944442976698156 ], [ 39742.911807873562793, 4030.952860326317477 ], [ 39742.907612046750728, 4030.961731656763277 ], [ 39742.904305966425454, 4030.970971532274689 ], [ 39742.901921471959213, 4030.980490967798232 ], [ 39742.900481527329248, 4030.990198285966926 ], [ 39742.900000000001455, 4031.0 ], [ 39742.900000000001455, 4064.0 ], [ 39742.900445124585531, 4064.009424796069652 ], [ 39742.90177653561841, 4064.018765687970244 ], [ 39742.903982380230445, 4064.027939518490257 ], [ 39742.907043020903075, 4064.03686461767893 ], [ 39742.910931210302806, 4064.045461529915428 ], [ 39742.915612333868921, 4064.053653721259707 ], [ 39742.921044717928453, 4064.061368260796371 ], [ 39742.927180000733642, 4064.068536469900664 ], [ 39758.900000000001455, 4081.039657719122715 ], [ 39758.900000000001455, 4096.96034228087774 ], [ 39742.997824793754262, 4113.856403437515837 ], [ 39710.071781806131185, 4080.930360449893215 ], [ 39694.072819999266358, 4063.931463530099336 ], [ 39694.068536469902028, 4063.927180000730914 ], [ 39677.070743136508099, 4047.929256863421415 ], [ 39661.099999999998545, 4030.960342280877285 ], [ 39661.099999999998545, 3999.039657719122715 ], [ 39677.072819999266358, 3982.068536469900664 ], [ 39677.078955282071547, 3982.061368260796371 ], [ 39677.084387666131079, 3982.053653721259707 ], [ 39677.089068789697194, 3982.045461529915428 ], [ 39677.092956979096925, 3982.03686461767893 ], [ 39677.096017619769555, 3982.027939518490257 ], [ 39677.09822346438159, 3982.018765687970244 ], [ 39677.099554875414469, 3982.009424796069652 ], [ 39677.099999999998545, 3982.0 ], [ 39677.099999999998545, 3850.0 ], [ 39677.099518472670752, 3849.990198285966926 ], [ 39677.098078528040787, 3849.980490967798232 ], [ 39677.095694033574546, 3849.970971532274689 ], [ 39677.092387953249272, 3849.961731656763277 ], [ 39677.088192126437207, 3849.952860326317477 ], [ 39677.08314696123125, 3849.944442976698156 ], [ 39677.077301045334025, 3849.93656067158372 ], [ 39677.070710678119212, 3849.929289321881242 ], [ 39677.063439328419918, 3849.922698954663701 ], [ 39677.055557023304573, 3849.916853038769659 ], [ 39677.047139673682977, 3849.911807873565067 ], [ 39677.038268343239906, 3849.907612046748909 ], [ 39677.029028467724856, 3849.904305966426818 ], [ 39677.019509032201313, 3849.901921471959668 ], [ 39677.009801714033529, 3849.900481527332886 ], [ 39677.0, 3849.9 ], [ 39661.039657719127717, 3849.9 ], [ 39644.069639550041757, 3833.928218193800603 ], [ 39628.099999999998545, 3817.958578643760575 ], [ 39628.099999999998545, 3801.0 ], [ 39628.099518472670752, 3800.990198285966926 ], [ 39628.098078528040787, 3800.980490967798232 ], [ 39628.095694033574546, 3800.970971532274689 ], [ 39628.092387953249272, 3800.961731656763277 ], [ 39628.088192126437207, 3800.952860326317477 ], [ 39628.08314696123125, 3800.944442976698156 ], [ 39628.077301045334025, 3800.93656067158372 ], [ 39628.070710678119212, 3800.929289321881242 ], [ 39628.063439328419918, 3800.922698954663701 ], [ 39628.055557023304573, 3800.916853038769659 ], [ 39628.047139673682977, 3800.911807873565067 ], [ 39628.038268343239906, 3800.907612046748909 ], [ 39628.029028467724856, 3800.904305966426818 ], [ 39628.019509032201313, 3800.901921471959668 ], [ 39628.009801714033529, 3800.900481527332886 ], [ 39628.0, 3800.9 ], [ 39595.0, 3800.9 ], [ 39594.990198285966471, 3800.900481527332886 ], [ 39594.980490967798687, 3800.901921471959668 ], [ 39594.970971532275144, 3800.904305966426818 ], [ 39594.961731656760094, 3800.907612046748909 ], [ 39594.952860326317023, 3800.911807873565067 ], [ 39594.944442976695427, 3800.916853038769659 ], [ 39594.936560671580082, 3800.922698954663701 ], [ 39594.929289321880788, 3800.929289321881242 ], [ 39577.95857864376012, 3817.9 ], [ 39529.0432072650583, 3817.9 ], [ 39513.13931106684322, 3801.002110289397024 ], [ 39529.04142135623988, 3785.1 ], [ 39562.0, 3785.1 ], [ 39562.009801714033529, 3785.099518472667114 ], [ 39562.019509032201313, 3785.098078528040332 ], [ 39562.029028467724856, 3785.095694033573182 ], [ 39562.038268343239906, 3785.092387953251091 ], [ 39562.047139673682977, 3785.088192126434933 ], [ 39562.055557023304573, 3785.083146961230341 ], [ 39562.063439328419918, 3785.077301045336299 ], [ 39562.070710678119212, 3785.070710678118758 ], [ 39562.077301045334025, 3785.06343932841628 ], [ 39562.08314696123125, 3785.055557023301844 ], [ 39562.088192126437207, 3785.047139673682523 ], [ 39562.092387953249272, 3785.038268343236723 ], [ 39562.095694033574546, 3785.029028467725311 ], [ 39562.098078528040787, 3785.019509032201768 ], [ 39562.099518472670752, 3785.009801714033074 ], [ 39562.099999999998545, 3785.0 ], [ 39562.099999999998545, 3735.0 ], [ 39562.099518472670752, 3734.990198285966926 ], [ 39562.098078528040787, 3734.980490967798232 ], [ 39562.095694033574546, 3734.970971532274689 ], [ 39562.092387953249272, 3734.961731656763277 ], [ 39562.088192126437207, 3734.952860326317477 ], [ 39562.08314696123125, 3734.944442976698156 ], [ 39562.077301045334025, 3734.93656067158372 ], [ 39562.070710678119212, 3734.929289321881242 ], [ 39562.063439328419918, 3734.922698954663701 ], [ 39562.055557023304573, 3734.916853038769659 ], [ 39562.047139673682977, 3734.911807873565067 ], [ 39562.038268343239906, 3734.907612046748909 ], [ 39562.029028467724856, 3734.904305966426818 ], [ 39562.019509032201313, 3734.901921471959668 ], [ 39562.009801714033529, 3734.900481527332886 ], [ 39562.0, 3734.9 ], [ 39545.04142135623988, 3734.9 ], [ 39529.071781806131185, 3718.930360449893215 ], [ 39513.13931106684322, 3702.002110289397024 ], [ 39529.070710678119212, 3686.070710678118758 ], [ 39529.077301045334025, 3686.06343932841628 ], [ 39529.08314696123125, 3686.055557023301844 ], [ 39529.088192126437207, 3686.047139673682523 ], [ 39529.092387953249272, 3686.038268343236268 ], [ 39529.095694033574546, 3686.029028467725311 ], [ 39529.098078528040787, 3686.019509032201313 ], [ 39529.099518472670752, 3686.009801714033074 ], [ 39529.099999999998545, 3686.0 ], [ 39529.099999999998545, 3620.0 ], [ 39529.099518472670752, 3619.990198285966926 ], [ 39529.098078528040787, 3619.980490967798232 ], [ 39529.095694033574546, 3619.970971532274689 ], [ 39529.092387953249272, 3619.961731656763277 ], [ 39529.088192126437207, 3619.952860326317477 ], [ 39529.08314696123125, 3619.944442976698156 ], [ 39529.077301045334025, 3619.93656067158372 ], [ 39529.070710678119212, 3619.929289321881242 ], [ 39529.063439328419918, 3619.922698954663701 ], [ 39529.055557023304573, 3619.916853038769659 ], [ 39529.047139673682977, 3619.911807873565067 ], [ 39529.038268343239906, 3619.907612046748909 ], [ 39529.029028467724856, 3619.904305966426818 ], [ 39529.019509032201313, 3619.901921471959668 ], [ 39529.009801714033529, 3619.900481527332886 ], [ 39529.0, 3619.9 ], [ 39496.04142135623988, 3619.9 ], [ 39480.099999999998545, 3603.958578643760575 ], [ 39480.099999999998545, 3587.0 ], [ 39480.099480642900744, 3586.989821508552723 ], [ 39480.097927966235147, 3586.979748742541233 ], [ 39480.095358097882126, 3586.969886329216479 ], [ 39480.091797731423867, 3586.960336710866159 ], [ 39480.087283848901279, 3586.95119908073184 ], [ 39480.081863336636161, 3586.942568352675607 ], [ 39480.075592498273181, 3586.934534175295084 ], [ 39480.068536469902028, 3586.927180000730914 ], [ 39463.070743136508099, 3570.929256863421415 ], [ 39447.099999999998545, 3553.960342280877285 ], [ 39447.099999999998545, 3538.0 ], [ 39447.099518472670752, 3537.990198285966926 ], [ 39447.098078528040787, 3537.980490967798687 ], [ 39447.095694033574546, 3537.970971532274689 ], [ 39447.092387953249272, 3537.961731656763732 ], [ 39447.088192126437207, 3537.952860326317477 ], [ 39447.08314696123125, 3537.944442976698156 ], [ 39447.077301045334025, 3537.93656067158372 ], [ 39447.070710678119212, 3537.929289321881242 ], [ 39414.099999999998545, 3504.958578643760575 ], [ 39414.099999999998545, 3488.0 ], [ 39414.099480642900744, 3487.989821508552723 ], [ 39414.097927966235147, 3487.979748742541233 ], [ 39414.095358097882126, 3487.969886329216479 ], [ 39414.091797731423867, 3487.960336710866159 ], [ 39414.087283848901279, 3487.95119908073184 ], [ 39414.081863336636161, 3487.942568352675607 ], [ 39414.075592498273181, 3487.934534175295084 ], [ 39414.068536469902028, 3487.927180000730914 ], [ 39397.099999999998545, 3471.956792734939427 ], [ 39397.099999999998545, 3455.0 ], [ 39397.099518472670752, 3454.990198285966926 ], [ 39397.098078528040787, 3454.980490967798232 ], [ 39397.095694033574546, 3454.970971532274689 ], [ 39397.092387953249272, 3454.961731656763277 ], [ 39397.088192126437207, 3454.952860326317477 ], [ 39397.08314696123125, 3454.944442976698156 ], [ 39397.077301045334025, 3454.93656067158372 ], [ 39397.070710678119212, 3454.929289321881242 ], [ 39397.063439328419918, 3454.922698954663701 ], [ 39397.055557023304573, 3454.916853038769659 ], [ 39397.047139673682977, 3454.911807873565067 ], [ 39397.038268343239906, 3454.907612046748909 ], [ 39397.029028467724856, 3454.904305966426818 ], [ 39397.019509032201313, 3454.901921471959668 ], [ 39397.009801714033529, 3454.900481527332886 ], [ 39397.0, 3454.9 ], [ 39381.039657719127717, 3454.9 ], [ 39364.099999999998545, 3438.956792734939427 ], [ 39364.099999999998545, 3390.0 ], [ 39364.099554875414469, 3389.990575203930348 ], [ 39364.09822346438159, 3389.981234312029756 ], [ 39364.096017619769555, 3389.972060481509743 ], [ 39364.092956979096925, 3389.96313538232107 ], [ 39364.089068789697194, 3389.954538470084572 ], [ 39364.084387666131079, 3389.946346278740293 ], [ 39364.078955282071547, 3389.938631739203629 ], [ 39364.072819999266358, 3389.931463530099336 ], [ 39348.099999999998545, 3372.960342280877285 ], [ 39348.099999999998545, 3357.0 ], [ 39348.099518472670752, 3356.990198285966926 ], [ 39348.098078528040787, 3356.980490967798232 ], [ 39348.095694033574546, 3356.970971532274689 ], [ 39348.092387953249272, 3356.961731656763277 ], [ 39348.088192126437207, 3356.952860326317477 ], [ 39348.08314696123125, 3356.944442976698156 ], [ 39348.077301045334025, 3356.93656067158372 ], [ 39348.070710678119212, 3356.929289321881242 ], [ 39348.063439328419918, 3356.922698954663701 ], [ 39348.055557023304573, 3356.916853038769659 ], [ 39348.047139673682977, 3356.911807873565067 ], [ 39348.038268343239906, 3356.907612046748909 ], [ 39348.029028467724856, 3356.904305966426818 ], [ 39348.019509032201313, 3356.901921471959668 ], [ 39348.009801714033529, 3356.900481527332886 ], [ 39348.0, 3356.9 ], [ 39332.04142135623988, 3356.9 ], [ 39315.099999999998545, 3339.958578643760575 ], [ 39315.099999999998545, 3324.0 ], [ 39315.099518472670752, 3323.990198285966926 ], [ 39315.098078528040787, 3323.980490967798232 ], [ 39315.095694033574546, 3323.970971532274689 ], [ 39315.092387953249272, 3323.961731656763277 ], [ 39315.088192126437207, 3323.952860326317477 ], [ 39315.08314696123125, 3323.944442976698156 ], [ 39315.077301045334025, 3323.93656067158372 ], [ 39315.070710678119212, 3323.929289321881242 ], [ 39315.063439328419918, 3323.922698954663701 ], [ 39315.055557023304573, 3323.916853038769659 ], [ 39315.047139673682977, 3323.911807873565067 ], [ 39315.038268343239906, 3323.907612046748909 ], [ 39315.029028467724856, 3323.904305966426818 ], [ 39315.019509032201313, 3323.901921471959668 ], [ 39315.009801714033529, 3323.900481527332886 ], [ 39315.0, 3323.9 ], [ 39282.0, 3323.9 ], [ 39281.990198285966471, 3323.900481527332886 ], [ 39281.980490967798687, 3323.901921471959668 ], [ 39281.970971532275144, 3323.904305966426818 ], [ 39281.961731656760094, 3323.907612046748909 ], [ 39281.952860326317023, 3323.911807873565067 ], [ 39281.944442976695427, 3323.916853038769659 ], [ 39281.936560671580082, 3323.922698954663701 ], [ 39281.929289321880788, 3323.929289321881242 ], [ 39281.922698954665975, 3323.93656067158372 ], [ 39281.91685303876875, 3323.944442976698156 ], [ 39281.911807873562793, 3323.952860326317477 ], [ 39281.907612046750728, 3323.961731656763277 ], [ 39281.904305966425454, 3323.970971532274689 ], [ 39281.901921471959213, 3323.980490967798232 ], [ 39281.900481527329248, 3323.990198285966926 ], [ 39281.900000000001455, 3324.0 ], [ 39281.900000000001455, 3357.0 ], [ 39281.900519357099256, 3357.010178491447277 ], [ 39281.902072033764853, 3357.020251257458767 ], [ 39281.904641902117874, 3357.030113670783521 ], [ 39281.908202268576133, 3357.039663289133841 ], [ 39281.912716151098721, 3357.04880091926816 ], [ 39281.918136663363839, 3357.057431647324393 ], [ 39281.924407501726819, 3357.065465824704916 ], [ 39281.931463530097972, 3357.072819999269086 ], [ 39298.929256863491901, 3373.070743136578585 ], [ 39314.900000000001455, 3390.039657719122715 ], [ 39314.900000000001455, 3423.0 ], [ 39314.900519357099256, 3423.010178491447277 ], [ 39314.902072033764853, 3423.020251257458767 ], [ 39314.904641902117874, 3423.030113670783521 ], [ 39314.908202268576133, 3423.039663289133841 ], [ 39314.912716151098721, 3423.04880091926816 ], [ 39314.918136663363839, 3423.057431647324393 ], [ 39314.924407501726819, 3423.065465824704916 ], [ 39314.931463530097972, 3423.072819999269086 ], [ 39331.900000000001455, 3439.043207265060573 ], [ 39331.900000000001455, 3471.956792734939427 ], [ 39314.960342280872283, 3487.9 ], [ 39299.039657719127717, 3487.9 ], [ 39282.099999999998545, 3471.956792734939427 ], [ 39282.099999999998545, 3439.0 ], [ 39282.099518472670752, 3438.990198285966926 ], [ 39282.098078528040787, 3438.980490967798687 ], [ 39282.095694033574546, 3438.970971532274689 ], [ 39282.092387953249272, 3438.961731656763732 ], [ 39282.088192126437207, 3438.952860326317477 ], [ 39282.08314696123125, 3438.944442976698156 ], [ 39282.077301045334025, 3438.93656067158372 ], [ 39282.070710678119212, 3438.929289321881242 ], [ 39266.099999999998545, 3422.958578643760575 ], [ 39266.099999999998545, 3406.0 ], [ 39266.099480642900744, 3405.989821508552723 ], [ 39266.097927966235147, 3405.979748742541233 ], [ 39266.095358097882126, 3405.969886329216479 ], [ 39266.091797731423867, 3405.960336710866159 ], [ 39266.087283848901279, 3405.95119908073184 ], [ 39266.081863336636161, 3405.942568352675607 ], [ 39266.075592498273181, 3405.934534175295084 ], [ 39266.068536469902028, 3405.927180000730914 ], [ 39249.070743136508099, 3389.929256863421415 ], [ 39233.072819999266358, 3372.931463530099336 ], [ 39233.068536469902028, 3372.927180000730914 ], [ 39216.068536469902028, 3356.927180000730914 ], [ 39216.061368260794552, 3356.921044717929362 ], [ 39216.053653721261071, 3356.915612333868921 ], [ 39216.045461529916793, 3356.910931210304625 ], [ 39216.036864617679385, 3356.907043020899891 ], [ 39216.027939518491621, 3356.903982380228626 ], [ 39216.018765687971609, 3356.901776535618865 ], [ 39216.009424796066014, 3356.900445124584166 ], [ 39216.0, 3356.9 ], [ 39200.04142135623988, 3356.9 ], [ 39183.099999999998545, 3339.958578643760575 ], [ 39183.099999999998545, 3291.0 ], [ 39183.099518472670752, 3290.990198285966926 ], [ 39183.098078528040787, 3290.980490967798232 ], [ 39183.095694033574546, 3290.970971532274689 ], [ 39183.092387953249272, 3290.961731656763277 ], [ 39183.088192126437207, 3290.952860326317477 ], [ 39183.08314696123125, 3290.944442976698156 ], [ 39183.077301045334025, 3290.93656067158372 ], [ 39183.070710678119212, 3290.929289321881242 ], [ 39183.063439328419918, 3290.922698954663701 ], [ 39183.055557023304573, 3290.916853038769659 ], [ 39183.047139673682977, 3290.911807873565067 ], [ 39183.038268343239906, 3290.907612046748909 ], [ 39183.029028467724856, 3290.904305966426818 ], [ 39183.019509032201313, 3290.901921471959668 ], [ 39183.009801714033529, 3290.900481527332886 ], [ 39183.0, 3290.9 ], [ 39167.04142135623988, 3290.9 ], [ 39134.070710678119212, 3257.929289321881242 ], [ 39134.063439328419918, 3257.922698954663701 ], [ 39134.055557023304573, 3257.916853038769659 ], [ 39134.047139673682977, 3257.911807873565067 ], [ 39134.038268343239906, 3257.907612046748909 ], [ 39134.029028467724856, 3257.904305966426818 ], [ 39134.019509032201313, 3257.901921471959668 ], [ 39134.009801714033529, 3257.900481527332886 ], [ 39134.0, 3257.9 ], [ 39118.0, 3257.9 ], [ 39117.990575203933986, 3257.900445124584166 ], [ 39117.981234312028391, 3257.901776535618865 ], [ 39117.972060481508379, 3257.903982380228626 ], [ 39117.963135382320615, 3257.907043020899891 ], [ 39117.954538470083207, 3257.910931210304625 ], [ 39117.946346278738929, 3257.915612333868921 ], [ 39117.938631739205448, 3257.921044717929362 ], [ 39117.931463530097972, 3257.927180000730914 ], [ 39100.931463530097972, 3273.927180000730914 ], [ 39100.927180000733642, 3273.931463530099336 ], [ 39084.9567927349417, 3290.9 ], [ 39035.0432072650583, 3290.9 ], [ 39019.072819999266358, 3273.931463530099336 ], [ 39019.065465824707644, 3273.924407501722726 ], [ 39019.057431647321209, 3273.918136663361111 ], [ 39019.048800919270434, 3273.912716151100994 ], [ 39019.039663289135206, 3273.908202268573405 ], [ 39019.030113670785795, 3273.904641902116509 ], [ 39019.020251257461496, 3273.902072033763034 ], [ 39019.010178491444094, 3273.900519357099711 ], [ 39019.0, 3273.9 ], [ 39002.0, 3273.9 ], [ 39001.990198285966471, 3273.900481527332886 ], [ 39001.980490967798687, 3273.901921471959668 ], [ 39001.970971532275144, 3273.904305966426818 ], [ 39001.961731656760094, 3273.907612046748909 ], [ 39001.952860326317023, 3273.911807873565067 ], [ 39001.944442976695427, 3273.916853038769659 ], [ 39001.936560671580082, 3273.922698954663701 ], [ 39001.929289321880788, 3273.929289321881242 ], [ 39001.922698954665975, 3273.93656067158372 ], [ 39001.91685303876875, 3273.944442976698156 ], [ 39001.911807873562793, 3273.952860326317477 ], [ 39001.907612046750728, 3273.961731656763277 ], [ 39001.904305966425454, 3273.970971532274689 ], [ 39001.901921471959213, 3273.980490967798232 ], [ 39001.900481527329248, 3273.990198285966926 ], [ 39001.900000000001455, 3274.0 ], [ 39001.900000000001455, 3323.958578643760575 ], [ 38985.95857864376012, 3339.9 ], [ 38904.039657719127717, 3339.9 ], [ 38887.099999999998545, 3323.956792734939427 ], [ 38887.099999999998545, 3307.0 ], [ 38887.099518472670752, 3306.990198285966926 ], [ 38887.098078528040787, 3306.980490967798687 ], [ 38887.095694033574546, 3306.970971532274689 ], [ 38887.092387953249272, 3306.961731656763732 ], [ 38887.088192126437207, 3306.952860326317477 ], [ 38887.08314696123125, 3306.944442976698156 ], [ 38887.077301045334025, 3306.93656067158372 ], [ 38887.070710678119212, 3306.929289321881242 ], [ 38871.13931106684322, 3290.997889710602976 ], [ 38887.0432072650583, 3274.1 ], [ 38920.0, 3274.1 ], [ 38920.009424796066014, 3274.099554875415834 ], [ 38920.018765687971609, 3274.098223464381135 ], [ 38920.027939518491621, 3274.096017619771374 ], [ 38920.036864617679385, 3274.092956979100109 ], [ 38920.045461529916793, 3274.089068789695375 ], [ 38920.053653721261071, 3274.084387666131079 ], [ 38920.061368260794552, 3274.078955282070638 ], [ 38920.068536469902028, 3274.072819999269086 ], [ 38937.068536469902028, 3258.072819999269086 ], [ 38937.070710678119212, 3258.070710678118758 ], [ 38953.04142135623988, 3242.1 ], [ 38969.0, 3242.1 ], [ 38969.009801714033529, 3242.099518472667114 ], [ 38969.019509032201313, 3242.098078528040332 ], [ 38969.029028467724856, 3242.095694033573182 ], [ 38969.038268343239906, 3242.092387953251091 ], [ 38969.047139673682977, 3242.088192126434933 ], [ 38969.055557023304573, 3242.083146961230341 ], [ 38969.063439328419918, 3242.077301045336299 ], [ 38969.070710678119212, 3242.070710678118758 ], [ 38986.070710678119212, 3225.070710678118758 ], [ 38986.077301045334025, 3225.06343932841628 ], [ 38986.08314696123125, 3225.055557023301844 ], [ 38986.088192126437207, 3225.047139673682523 ], [ 38986.092387953249272, 3225.038268343236268 ], [ 38986.095694033574546, 3225.029028467725311 ], [ 38986.098078528040787, 3225.019509032201313 ], [ 38986.099518472670752, 3225.009801714033074 ], [ 38986.099999999998545, 3225.0 ], [ 38986.099999999998545, 3209.039657719122715 ], [ 39002.072819999266358, 3192.068536469900664 ], [ 39002.078955282071547, 3192.061368260796371 ], [ 39002.084387666131079, 3192.053653721259707 ], [ 39002.089068789697194, 3192.045461529915428 ], [ 39002.092956979096925, 3192.03686461767893 ], [ 39002.096017619769555, 3192.027939518490257 ], [ 39002.09822346438159, 3192.018765687970244 ], [ 39002.099554875414469, 3192.009424796069652 ], [ 39002.099999999998545, 3192.0 ], [ 39002.099999999998545, 3126.0 ], [ 39002.099518472670752, 3125.990198285966926 ], [ 39002.098078528040787, 3125.980490967798232 ], [ 39002.095694033574546, 3125.970971532274689 ], [ 39002.092387953249272, 3125.961731656763277 ], [ 39002.088192126437207, 3125.952860326317477 ], [ 39002.08314696123125, 3125.944442976698156 ], [ 39002.077301045334025, 3125.93656067158372 ], [ 39002.070710678119212, 3125.929289321881242 ], [ 39002.063439328419918, 3125.922698954663701 ], [ 39002.055557023304573, 3125.916853038769659 ], [ 39002.047139673682977, 3125.911807873565067 ], [ 39002.038268343239906, 3125.907612046748909 ], [ 39002.029028467724856, 3125.904305966426818 ], [ 39002.019509032201313, 3125.901921471959668 ], [ 39002.009801714033529, 3125.900481527332886 ], [ 39002.0, 3125.9 ], [ 38953.0, 3125.9 ], [ 38952.989821508555906, 3125.900519357099711 ], [ 38952.979748742538504, 3125.902072033763034 ], [ 38952.969886329214205, 3125.904641902116509 ], [ 38952.960336710864794, 3125.908202268573405 ], [ 38952.951199080729566, 3125.912716151100994 ], [ 38952.942568352678791, 3125.918136663361111 ], [ 38952.934534175292356, 3125.924407501722726 ], [ 38952.927180000733642, 3125.931463530099336 ], [ 38936.9567927349417, 3142.9 ], [ 38904.0, 3142.9 ], [ 38903.990575203933986, 3142.900445124584166 ], [ 38903.981234312028391, 3142.901776535618865 ], [ 38903.972060481508379, 3142.903982380228626 ], [ 38903.963135382320615, 3142.907043020899891 ], [ 38903.954538470083207, 3142.910931210304625 ], [ 38903.946346278738929, 3142.915612333868921 ], [ 38903.938631739205448, 3142.921044717929362 ], [ 38903.931463530097972, 3142.927180000730914 ], [ 38886.931463530097972, 3158.927180000730914 ], [ 38886.927180000733642, 3158.931463530099336 ], [ 38870.9567927349417, 3175.9 ], [ 38838.0, 3175.9 ], [ 38837.990575203933986, 3175.900445124584166 ], [ 38837.981234312028391, 3175.901776535618865 ], [ 38837.972060481508379, 3175.903982380228626 ], [ 38837.963135382320615, 3175.907043020899891 ], [ 38837.954538470083207, 3175.910931210304625 ], [ 38837.946346278738929, 3175.915612333868921 ], [ 38837.938631739205448, 3175.921044717929362 ], [ 38837.931463530097972, 3175.927180000730914 ], [ 38821.002110289395205, 3191.860688933157235 ], [ 38805.099999999998545, 3175.958578643760575 ], [ 38805.099999999998545, 3159.041421356239425 ], [ 38821.070710678119212, 3143.070710678118758 ], [ 38821.077301045334025, 3143.06343932841628 ], [ 38821.08314696123125, 3143.055557023301844 ], [ 38821.088192126437207, 3143.047139673682523 ], [ 38821.092387953249272, 3143.038268343236268 ], [ 38821.095694033574546, 3143.029028467725311 ], [ 38821.098078528040787, 3143.019509032201313 ], [ 38821.099518472670752, 3143.009801714033074 ], [ 38821.099999999998545, 3143.0 ], [ 38821.099999999998545, 3110.0 ], [ 38821.099518472670752, 3109.990198285966926 ], [ 38821.098078528040787, 3109.980490967798232 ], [ 38821.095694033574546, 3109.970971532274689 ], [ 38821.092387953249272, 3109.961731656763277 ], [ 38821.088192126437207, 3109.952860326317477 ], [ 38821.08314696123125, 3109.944442976698156 ], [ 38821.077301045334025, 3109.93656067158372 ], [ 38821.070710678119212, 3109.929289321881242 ], [ 38821.063439328419918, 3109.922698954663701 ], [ 38821.055557023304573, 3109.916853038769659 ], [ 38821.047139673682977, 3109.911807873565067 ], [ 38821.038268343239906, 3109.907612046748909 ], [ 38821.029028467724856, 3109.904305966426818 ], [ 38821.019509032201313, 3109.901921471959668 ], [ 38821.009801714033529, 3109.900481527332886 ], [ 38821.0, 3109.9 ], [ 38772.0432072650583, 3109.9 ], [ 38756.072819999266358, 3092.931463530099336 ], [ 38756.068536469902028, 3092.927180000730914 ], [ 38739.099999999998545, 3076.956792734939427 ], [ 38739.099999999998545, 3060.043207265060573 ], [ 38756.068536469902028, 3044.072819999269086 ], [ 38756.075592498273181, 3044.065465824704916 ], [ 38756.081863336636161, 3044.057431647324393 ], [ 38756.087283848901279, 3044.04880091926816 ], [ 38756.091797731423867, 3044.039663289133841 ], [ 38756.095358097882126, 3044.030113670783521 ], [ 38756.097927966235147, 3044.020251257458767 ], [ 38756.099480642900744, 3044.010178491447277 ], [ 38756.099999999998545, 3044.0 ], [ 38756.099999999998545, 3028.0 ], [ 38756.099518472670752, 3027.990198285966926 ], [ 38756.098078528040787, 3027.980490967798687 ], [ 38756.095694033574546, 3027.970971532274689 ], [ 38756.092387953249272, 3027.961731656763732 ], [ 38756.088192126437207, 3027.952860326317477 ], [ 38756.08314696123125, 3027.944442976698156 ], [ 38756.077301045334025, 3027.93656067158372 ], [ 38756.070710678119212, 3027.929289321881242 ], [ 38706.070710678119212, 2977.929289321881242 ], [ 38706.063439328419918, 2977.922698954663701 ], [ 38706.055557023304573, 2977.916853038769659 ], [ 38706.047139673682977, 2977.911807873565067 ], [ 38706.038268343239906, 2977.907612046748909 ], [ 38706.029028467724856, 2977.904305966426818 ], [ 38706.019509032201313, 2977.901921471959668 ], [ 38706.009801714033529, 2977.900481527332886 ], [ 38706.0, 2977.9 ], [ 38690.039657719127717, 2977.9 ], [ 38673.099999999998545, 2961.956792734939427 ], [ 38673.099999999998545, 2945.0 ], [ 38673.099518472670752, 2944.990198285966926 ], [ 38673.098078528040787, 2944.980490967798232 ], [ 38673.095694033574546, 2944.970971532274689 ], [ 38673.092387953249272, 2944.961731656763277 ], [ 38673.088192126437207, 2944.952860326317477 ], [ 38673.08314696123125, 2944.944442976698156 ], [ 38673.077301045334025, 2944.93656067158372 ], [ 38673.070710678119212, 2944.929289321881242 ], [ 38673.063439328419918, 2944.922698954663701 ], [ 38673.055557023304573, 2944.916853038769659 ], [ 38673.047139673682977, 2944.911807873565067 ], [ 38673.038268343239906, 2944.907612046748909 ], [ 38673.029028467724856, 2944.904305966426818 ], [ 38673.019509032201313, 2944.901921471959668 ], [ 38673.009801714033529, 2944.900481527332886 ], [ 38673.0, 2944.9 ], [ 38640.04142135623988, 2944.9 ], [ 38624.13931106684322, 2928.997889710602976 ], [ 38640.0432072650583, 2912.1 ], [ 38673.0, 2912.1 ], [ 38673.009801714033529, 2912.099518472667114 ], [ 38673.019509032201313, 2912.098078528040332 ], [ 38673.029028467724856, 2912.095694033573182 ], [ 38673.038268343239906, 2912.092387953251091 ], [ 38673.047139673682977, 2912.088192126434933 ], [ 38673.055557023304573, 2912.083146961230341 ], [ 38673.063439328419918, 2912.077301045336299 ], [ 38673.070710678119212, 2912.070710678118758 ], [ 38673.077301045334025, 2912.06343932841628 ], [ 38673.08314696123125, 2912.055557023301844 ], [ 38673.088192126437207, 2912.047139673682523 ], [ 38673.092387953249272, 2912.038268343236723 ], [ 38673.095694033574546, 2912.029028467725311 ], [ 38673.098078528040787, 2912.019509032201768 ], [ 38673.099518472670752, 2912.009801714033074 ], [ 38673.099999999998545, 2912.0 ], [ 38673.099999999998545, 2863.043207265060573 ], [ 38690.039657719127717, 2847.1 ], [ 38723.0, 2847.1 ], [ 38723.010178491444094, 2847.099480642900289 ], [ 38723.020251257461496, 2847.097927966236966 ], [ 38723.030113670785795, 2847.095358097883491 ], [ 38723.039663289135206, 2847.091797731426595 ], [ 38723.048800919270434, 2847.087283848899006 ], [ 38723.057431647321209, 2847.081863336638889 ], [ 38723.065465824707644, 2847.075592498277274 ], [ 38723.072819999266358, 2847.068536469900664 ], [ 38739.072819999266358, 2830.068536469900664 ], [ 38739.078955282071547, 2830.061368260796371 ], [ 38739.084387666131079, 2830.053653721259707 ], [ 38739.089068789697194, 2830.045461529915428 ], [ 38739.092956979096925, 2830.03686461767893 ], [ 38739.096017619769555, 2830.027939518490257 ], [ 38739.09822346438159, 2830.018765687970244 ], [ 38739.099554875414469, 2830.009424796069652 ], [ 38739.099999999998545, 2830.0 ], [ 38739.099999999998545, 2814.041421356239425 ], [ 38772.04142135623988, 2781.1 ], [ 38788.0, 2781.1 ], [ 38788.009801714033529, 2781.099518472667114 ], [ 38788.019509032201313, 2781.098078528040332 ], [ 38788.029028467724856, 2781.095694033573182 ], [ 38788.038268343239906, 2781.092387953251091 ], [ 38788.047139673682977, 2781.088192126434933 ], [ 38788.055557023304573, 2781.083146961230341 ], [ 38788.063439328419918, 2781.077301045336299 ], [ 38788.070710678119212, 2781.070710678118758 ], [ 38821.070710678119212, 2748.070710678118758 ], [ 38821.077301045334025, 2748.06343932841628 ], [ 38821.08314696123125, 2748.055557023301844 ], [ 38821.088192126437207, 2748.047139673682523 ], [ 38821.092387953249272, 2748.038268343236268 ], [ 38821.095694033574546, 2748.029028467725311 ], [ 38821.098078528040787, 2748.019509032201313 ], [ 38821.099518472670752, 2748.009801714033074 ], [ 38821.099999999998545, 2748.0 ], [ 38821.099999999998545, 2715.0 ], [ 38821.099554875414469, 2714.990575203930348 ], [ 38821.09822346438159, 2714.981234312029756 ], [ 38821.096017619769555, 2714.972060481509743 ], [ 38821.092956979096925, 2714.96313538232107 ], [ 38821.089068789697194, 2714.954538470084572 ], [ 38821.084387666131079, 2714.946346278740293 ], [ 38821.078955282071547, 2714.938631739203629 ], [ 38821.072819999266358, 2714.931463530099336 ], [ 38805.072819999266358, 2697.931463530099336 ], [ 38805.068536469902028, 2697.927180000730914 ], [ 38788.099999999998545, 2681.956792734939427 ], [ 38788.099999999998545, 2666.0 ], [ 38788.099518472670752, 2665.990198285966926 ], [ 38788.098078528040787, 2665.980490967798232 ], [ 38788.095694033574546, 2665.970971532274689 ], [ 38788.092387953249272, 2665.961731656763277 ], [ 38788.088192126437207, 2665.952860326317477 ], [ 38788.08314696123125, 2665.944442976698156 ], [ 38788.077301045334025, 2665.93656067158372 ], [ 38788.070710678119212, 2665.929289321881242 ], [ 38788.063439328419918, 2665.922698954663701 ], [ 38788.055557023304573, 2665.916853038769659 ], [ 38788.047139673682977, 2665.911807873565067 ], [ 38788.038268343239906, 2665.907612046748909 ], [ 38788.029028467724856, 2665.904305966426818 ], [ 38788.019509032201313, 2665.901921471959668 ], [ 38788.009801714033529, 2665.900481527332886 ], [ 38788.0, 2665.9 ], [ 38756.0, 2665.9 ], [ 38755.990575203933986, 2665.900445124584166 ], [ 38755.981234312028391, 2665.901776535618865 ], [ 38755.972060481508379, 2665.903982380228626 ], [ 38755.963135382320615, 2665.907043020899891 ], [ 38755.954538470083207, 2665.910931210304625 ], [ 38755.946346278738929, 2665.915612333868921 ], [ 38755.938631739205448, 2665.921044717929362 ], [ 38755.931463530097972, 2665.927180000730914 ], [ 38738.960342280872283, 2681.9 ], [ 38723.0, 2681.9 ], [ 38722.990575203933986, 2681.900445124584166 ], [ 38722.981234312028391, 2681.901776535618865 ], [ 38722.972060481508379, 2681.903982380228626 ], [ 38722.963135382320615, 2681.907043020899891 ], [ 38722.954538470083207, 2681.910931210304625 ], [ 38722.946346278738929, 2681.915612333868921 ], [ 38722.938631739205448, 2681.921044717929362 ], [ 38722.931463530097972, 2681.927180000730914 ], [ 38706.002110289395205, 2697.860688933157235 ], [ 38690.099999999998545, 2681.958578643760575 ], [ 38690.099999999998545, 2649.0 ], [ 38690.099518472670752, 2648.990198285966926 ], [ 38690.098078528040787, 2648.980490967798232 ], [ 38690.095694033574546, 2648.970971532274689 ], [ 38690.092387953249272, 2648.961731656763277 ], [ 38690.088192126437207, 2648.952860326317477 ], [ 38690.08314696123125, 2648.944442976698156 ], [ 38690.077301045334025, 2648.93656067158372 ], [ 38690.070710678119212, 2648.929289321881242 ], [ 38690.063439328419918, 2648.922698954663701 ], [ 38690.055557023304573, 2648.916853038769659 ], [ 38690.047139673682977, 2648.911807873565067 ], [ 38690.038268343239906, 2648.907612046748909 ], [ 38690.029028467724856, 2648.904305966426818 ], [ 38690.019509032201313, 2648.901921471959668 ], [ 38690.009801714033529, 2648.900481527332886 ], [ 38690.0, 2648.9 ], [ 38673.04142135623988, 2648.9 ], [ 38657.070710678119212, 2632.929289321881242 ], [ 38657.063439328419918, 2632.922698954663701 ], [ 38657.055557023304573, 2632.916853038769659 ], [ 38657.047139673682977, 2632.911807873565067 ], [ 38657.038268343239906, 2632.907612046748909 ], [ 38657.029028467724856, 2632.904305966426818 ], [ 38657.019509032201313, 2632.901921471959668 ], [ 38657.009801714033529, 2632.900481527332886 ], [ 38657.0, 2632.9 ], [ 38624.0, 2632.9 ], [ 38623.990575203933986, 2632.900445124584166 ], [ 38623.981234312028391, 2632.901776535618865 ], [ 38623.972060481508379, 2632.903982380228626 ], [ 38623.963135382320615, 2632.907043020899891 ], [ 38623.954538470083207, 2632.910931210304625 ], [ 38623.946346278738929, 2632.915612333868921 ], [ 38623.938631739205448, 2632.921044717929362 ], [ 38623.931463530097972, 2632.927180000730914 ], [ 38606.931463530097972, 2648.927180000730914 ], [ 38606.924407501726819, 2648.934534175295084 ], [ 38606.918136663363839, 2648.942568352675607 ], [ 38606.912716151098721, 2648.95119908073184 ], [ 38606.908202268576133, 2648.960336710866159 ], [ 38606.904641902117874, 2648.969886329216479 ], [ 38606.902072033764853, 2648.979748742541233 ], [ 38606.900519357099256, 2648.989821508552723 ], [ 38606.900000000001455, 2649.0 ], [ 38606.900000000001455, 2666.0 ], [ 38606.900519357099256, 2666.010178491447277 ], [ 38606.902072033764853, 2666.020251257458767 ], [ 38606.904641902117874, 2666.030113670783521 ], [ 38606.908202268576133, 2666.039663289133841 ], [ 38606.912716151098721, 2666.04880091926816 ], [ 38606.918136663363839, 2666.057431647324393 ], [ 38606.924407501726819, 2666.065465824704916 ], [ 38606.931463530097972, 2666.072819999269086 ], [ 38623.900000000001455, 2682.043207265060573 ], [ 38623.900000000001455, 2698.0 ], [ 38623.900445124585531, 2698.009424796069652 ], [ 38623.90177653561841, 2698.018765687970244 ], [ 38623.903982380230445, 2698.027939518490257 ], [ 38623.907043020903075, 2698.03686461767893 ], [ 38623.910931210302806, 2698.045461529915428 ], [ 38623.915612333868921, 2698.053653721259707 ], [ 38623.921044717928453, 2698.061368260796371 ], [ 38623.927180000733642, 2698.068536469900664 ], [ 38639.900000000001455, 2715.039657719122715 ], [ 38639.900000000001455, 2730.960342280877285 ], [ 38623.929256863491901, 2747.929256863421415 ], [ 38606.960342280872283, 2763.9 ], [ 38558.0, 2763.9 ], [ 38557.989821508555906, 2763.900519357099711 ], [ 38557.979748742538504, 2763.902072033763034 ], [ 38557.969886329214205, 2763.904641902116509 ], [ 38557.960336710864794, 2763.908202268573405 ], [ 38557.951199080729566, 2763.912716151100994 ], [ 38557.942568352678791, 2763.918136663361111 ], [ 38557.934534175292356, 2763.924407501722726 ], [ 38557.927180000733642, 2763.931463530099336 ], [ 38541.927180000733642, 2780.931463530099336 ], [ 38541.921044717928453, 2780.938631739203629 ], [ 38541.915612333868921, 2780.946346278740293 ], [ 38541.910931210302806, 2780.954538470084572 ], [ 38541.907043020903075, 2780.96313538232107 ], [ 38541.903982380230445, 2780.972060481509743 ], [ 38541.90177653561841, 2780.981234312029756 ], [ 38541.900445124585531, 2780.990575203930348 ], [ 38541.900000000001455, 2781.0 ], [ 38541.900000000001455, 2796.958578643760575 ], [ 38524.95857864376012, 2813.9 ], [ 38509.04142135623988, 2813.9 ], [ 38492.070710678119212, 2796.929289321881242 ], [ 38492.063439328419918, 2796.922698954663701 ], [ 38492.055557023304573, 2796.916853038769659 ], [ 38492.047139673682977, 2796.911807873565067 ], [ 38492.038268343239906, 2796.907612046748909 ], [ 38492.029028467724856, 2796.904305966426818 ], [ 38492.019509032201313, 2796.901921471959668 ], [ 38492.009801714033529, 2796.900481527332886 ], [ 38492.0, 2796.9 ], [ 38476.039657719127717, 2796.9 ], [ 38459.068536469902028, 2780.927180000730914 ], [ 38459.061368260794552, 2780.921044717929362 ], [ 38459.053653721261071, 2780.915612333868921 ], [ 38459.045461529916793, 2780.910931210304625 ], [ 38459.036864617679385, 2780.907043020899891 ], [ 38459.027939518491621, 2780.903982380228626 ], [ 38459.018765687971609, 2780.901776535618865 ], [ 38459.009424796066014, 2780.900445124584166 ], [ 38459.0, 2780.9 ], [ 38443.04142135623988, 2780.9 ], [ 38377.071781806131185, 2714.930360449893215 ], [ 38361.072819999266358, 2697.931463530099336 ], [ 38361.068536469902028, 2697.927180000730914 ], [ 38344.068536469902028, 2681.927180000730914 ], [ 38344.061368260794552, 2681.921044717929362 ], [ 38344.053653721261071, 2681.915612333868921 ], [ 38344.045461529916793, 2681.910931210304625 ], [ 38344.036864617679385, 2681.907043020899891 ], [ 38344.027939518491621, 2681.903982380228626 ], [ 38344.018765687971609, 2681.901776535618865 ], [ 38344.009424796066014, 2681.900445124584166 ], [ 38344.0, 2681.9 ], [ 38328.039657719127717, 2681.9 ], [ 38311.070743136508099, 2665.929256863421415 ], [ 38295.072819999266358, 2648.931463530099336 ], [ 38295.068536469902028, 2648.927180000730914 ], [ 38278.070743136508099, 2632.929256863421415 ], [ 38262.072819999266358, 2615.931463530099336 ], [ 38262.068536469902028, 2615.927180000730914 ], [ 38245.068536469902028, 2599.927180000730914 ], [ 38245.061368260794552, 2599.921044717929362 ], [ 38245.053653721261071, 2599.915612333868921 ], [ 38245.045461529916793, 2599.910931210304625 ], [ 38245.036864617679385, 2599.907043020899891 ], [ 38245.027939518491621, 2599.903982380228626 ], [ 38245.018765687971609, 2599.901776535618865 ], [ 38245.009424796066014, 2599.900445124584166 ], [ 38245.0, 2599.9 ], [ 38229.04142135623988, 2599.9 ], [ 38212.070710678119212, 2582.929289321881242 ], [ 38212.063439328419918, 2582.922698954663701 ], [ 38212.055557023304573, 2582.916853038769659 ], [ 38212.047139673682977, 2582.911807873565067 ], [ 38212.038268343239906, 2582.907612046748909 ], [ 38212.029028467724856, 2582.904305966426818 ], [ 38212.019509032201313, 2582.901921471959668 ], [ 38212.009801714033529, 2582.900481527332886 ], [ 38212.0, 2582.9 ], [ 38196.04142135623988, 2582.9 ], [ 38163.099999999998545, 2549.958578643760575 ], [ 38163.099999999998545, 2534.0 ], [ 38163.099554875414469, 2533.990575203930348 ], [ 38163.09822346438159, 2533.981234312029756 ], [ 38163.096017619769555, 2533.972060481509743 ], [ 38163.092956979096925, 2533.96313538232107 ], [ 38163.089068789697194, 2533.954538470084572 ], [ 38163.084387666131079, 2533.946346278740293 ], [ 38163.078955282071547, 2533.938631739203629 ], [ 38163.072819999266358, 2533.931463530099336 ], [ 38147.072819999266358, 2516.931463530099336 ], [ 38147.065465824707644, 2516.924407501722726 ], [ 38147.057431647321209, 2516.918136663361111 ], [ 38147.048800919270434, 2516.912716151100994 ], [ 38147.039663289135206, 2516.908202268573405 ], [ 38147.030113670785795, 2516.904641902116509 ], [ 38147.020251257461496, 2516.902072033763034 ], [ 38147.010178491444094, 2516.900519357099711 ], [ 38147.0, 2516.9 ], [ 38130.0, 2516.9 ], [ 38129.989821508555906, 2516.900519357099711 ], [ 38129.979748742538504, 2516.902072033763034 ], [ 38129.969886329214205, 2516.904641902116509 ], [ 38129.960336710864794, 2516.908202268573405 ], [ 38129.951199080729566, 2516.912716151100994 ], [ 38129.942568352678791, 2516.918136663361111 ], [ 38129.934534175292356, 2516.924407501722726 ], [ 38129.927180000733642, 2516.931463530099336 ], [ 38113.9567927349417, 2533.9 ], [ 38097.0432072650583, 2533.9 ], [ 38081.072819999266358, 2516.931463530099336 ], [ 38081.065465824707644, 2516.924407501722726 ], [ 38081.057431647321209, 2516.918136663361111 ], [ 38081.048800919270434, 2516.912716151100994 ], [ 38081.039663289135206, 2516.908202268573405 ], [ 38081.030113670785795, 2516.904641902116509 ], [ 38081.020251257461496, 2516.902072033763034 ], [ 38081.010178491444094, 2516.900519357099711 ], [ 38081.0, 2516.9 ], [ 38015.04142135623988, 2516.9 ], [ 37999.070710678119212, 2500.929289321881242 ], [ 37999.063439328419918, 2500.922698954663701 ], [ 37999.055557023304573, 2500.916853038769659 ], [ 37999.047139673682977, 2500.911807873565067 ], [ 37999.038268343239906, 2500.907612046748909 ], [ 37999.029028467724856, 2500.904305966426818 ], [ 37999.019509032201313, 2500.901921471959668 ], [ 37999.009801714033529, 2500.900481527332886 ], [ 37999.0, 2500.9 ], [ 37966.04142135623988, 2500.9 ], [ 37933.099999999998545, 2467.958578643760575 ], [ 37933.099999999998545, 2435.0 ], [ 37933.099518472670752, 2434.990198285966926 ], [ 37933.098078528040787, 2434.980490967798232 ], [ 37933.095694033574546, 2434.970971532274689 ], [ 37933.092387953249272, 2434.961731656763277 ], [ 37933.088192126437207, 2434.952860326317477 ], [ 37933.08314696123125, 2434.944442976698156 ], [ 37933.077301045334025, 2434.93656067158372 ], [ 37933.070710678119212, 2434.929289321881242 ], [ 37933.063439328419918, 2434.922698954663701 ], [ 37933.055557023304573, 2434.916853038769659 ], [ 37933.047139673682977, 2434.911807873565067 ], [ 37933.038268343239906, 2434.907612046748909 ], [ 37933.029028467724856, 2434.904305966426818 ], [ 37933.019509032201313, 2434.901921471959668 ], [ 37933.009801714033529, 2434.900481527332886 ], [ 37933.0, 2434.9 ], [ 37916.04142135623988, 2434.9 ], [ 37900.099999999998545, 2418.958578643760575 ], [ 37900.099999999998545, 2369.041421356239425 ], [ 37916.04142135623988, 2353.1 ], [ 37949.0, 2353.1 ], [ 37949.009801714033529, 2353.099518472667114 ], [ 37949.019509032201313, 2353.098078528040332 ], [ 37949.029028467724856, 2353.095694033573182 ], [ 37949.038268343239906, 2353.092387953251091 ], [ 37949.047139673682977, 2353.088192126434933 ], [ 37949.055557023304573, 2353.083146961230341 ], [ 37949.063439328419918, 2353.077301045336299 ], [ 37949.070710678119212, 2353.070710678118758 ], [ 37949.077301045334025, 2353.06343932841628 ], [ 37949.08314696123125, 2353.055557023301844 ], [ 37949.088192126437207, 2353.047139673682523 ], [ 37949.092387953249272, 2353.038268343236723 ], [ 37949.095694033574546, 2353.029028467725311 ], [ 37949.098078528040787, 2353.019509032201768 ], [ 37949.099518472670752, 2353.009801714033074 ], [ 37949.099999999998545, 2353.0 ], [ 37949.099999999998545, 2336.043207265060573 ], [ 37966.068536469902028, 2320.072819999269086 ], [ 37966.075592498273181, 2320.065465824704916 ], [ 37966.081863336636161, 2320.057431647324393 ], [ 37966.087283848901279, 2320.04880091926816 ], [ 37966.091797731423867, 2320.039663289133841 ], [ 37966.095358097882126, 2320.030113670783521 ], [ 37966.097927966235147, 2320.020251257458767 ], [ 37966.099480642900744, 2320.010178491447277 ], [ 37966.099999999998545, 2320.0 ], [ 37966.099999999998545, 2287.041421356239425 ], [ 37999.070710678119212, 2254.070710678118758 ], [ 37999.077301045334025, 2254.06343932841628 ], [ 37999.08314696123125, 2254.055557023301844 ], [ 37999.088192126437207, 2254.047139673682523 ], [ 37999.092387953249272, 2254.038268343236268 ], [ 37999.095694033574546, 2254.029028467725311 ], [ 37999.098078528040787, 2254.019509032201313 ], [ 37999.099518472670752, 2254.009801714033074 ], [ 37999.099999999998545, 2254.0 ], [ 37999.099999999998545, 2238.0 ], [ 37999.099518472670752, 2237.990198285966926 ], [ 37999.098078528040787, 2237.980490967798232 ], [ 37999.095694033574546, 2237.970971532274689 ], [ 37999.092387953249272, 2237.961731656763277 ], [ 37999.088192126437207, 2237.952860326317477 ], [ 37999.08314696123125, 2237.944442976698156 ], [ 37999.077301045334025, 2237.93656067158372 ], [ 37999.070710678119212, 2237.929289321881242 ], [ 37999.063439328419918, 2237.922698954663701 ], [ 37999.055557023304573, 2237.916853038769659 ], [ 37999.047139673682977, 2237.911807873565067 ], [ 37999.038268343239906, 2237.907612046748909 ], [ 37999.029028467724856, 2237.904305966426818 ], [ 37999.019509032201313, 2237.901921471959668 ], [ 37999.009801714033529, 2237.900481527332886 ], [ 37999.0, 2237.9 ], [ 37949.0, 2237.9 ], [ 37948.990198285966471, 2237.900481527332886 ], [ 37948.980490967798687, 2237.901921471959668 ], [ 37948.970971532275144, 2237.904305966426818 ], [ 37948.961731656760094, 2237.907612046748909 ], [ 37948.952860326317023, 2237.911807873565067 ], [ 37948.944442976695427, 2237.916853038769659 ], [ 37948.936560671580082, 2237.922698954663701 ], [ 37948.929289321880788, 2237.929289321881242 ], [ 37948.922698954665975, 2237.93656067158372 ], [ 37948.91685303876875, 2237.944442976698156 ], [ 37948.911807873562793, 2237.952860326317477 ], [ 37948.907612046750728, 2237.961731656763277 ], [ 37948.904305966425454, 2237.970971532274689 ], [ 37948.901921471959213, 2237.980490967798232 ], [ 37948.900481527329248, 2237.990198285966926 ], [ 37948.900000000001455, 2238.0 ], [ 37948.900000000001455, 2253.960342280877285 ], [ 37932.9567927349417, 2270.9 ], [ 37900.0, 2270.9 ], [ 37899.990575203933986, 2270.900445124584166 ], [ 37899.981234312028391, 2270.901776535618865 ], [ 37899.972060481508379, 2270.903982380228626 ], [ 37899.963135382320615, 2270.907043020899891 ], [ 37899.954538470083207, 2270.910931210304625 ], [ 37899.946346278738929, 2270.915612333868921 ], [ 37899.938631739205448, 2270.921044717929362 ], [ 37899.931463530097972, 2270.927180000730914 ], [ 37882.931463530097972, 2286.927180000730914 ], [ 37882.929289321880788, 2286.929289321881242 ], [ 37866.997889710604795, 2302.860688933157235 ], [ 37850.069639550041757, 2286.928218193800603 ], [ 37834.070710678119212, 2270.929289321881242 ], [ 37834.063439328419918, 2270.922698954663701 ], [ 37834.055557023304573, 2270.916853038769659 ], [ 37834.047139673682977, 2270.911807873565067 ], [ 37834.038268343239906, 2270.907612046748909 ], [ 37834.029028467724856, 2270.904305966426818 ], [ 37834.019509032201313, 2270.901921471959668 ], [ 37834.009801714033529, 2270.900481527332886 ], [ 37834.0, 2270.9 ], [ 37785.0, 2270.9 ], [ 37784.990575203933986, 2270.900445124584166 ], [ 37784.981234312028391, 2270.901776535618865 ], [ 37784.972060481508379, 2270.903982380228626 ], [ 37784.963135382320615, 2270.907043020899891 ], [ 37784.954538470083207, 2270.910931210304625 ], [ 37784.946346278738929, 2270.915612333868921 ], [ 37784.938631739205448, 2270.921044717929362 ], [ 37784.931463530097972, 2270.927180000730914 ], [ 37767.931463530097972, 2286.927180000730914 ], [ 37767.924407501726819, 2286.934534175295084 ], [ 37767.918136663363839, 2286.942568352675607 ], [ 37767.912716151098721, 2286.95119908073184 ], [ 37767.908202268576133, 2286.960336710866159 ], [ 37767.904641902117874, 2286.969886329216479 ], [ 37767.902072033764853, 2286.979748742541233 ], [ 37767.900519357099256, 2286.989821508552723 ], [ 37767.900000000001455, 2287.0 ], [ 37767.900000000001455, 2303.0 ], [ 37767.900481527329248, 2303.009801714033074 ], [ 37767.901921471959213, 2303.019509032201313 ], [ 37767.904305966425454, 2303.029028467725311 ], [ 37767.907612046750728, 2303.038268343236268 ], [ 37767.911807873562793, 2303.047139673682523 ], [ 37767.91685303876875, 2303.055557023301844 ], [ 37767.922698954665975, 2303.06343932841628 ], [ 37767.929289321880788, 2303.070710678118758 ], [ 37784.856403437515837, 2319.997824793751533 ], [ 37767.931463530097972, 2335.927180000730914 ], [ 37767.927180000733642, 2335.931463530099336 ], [ 37751.9567927349417, 2352.9 ], [ 37735.0, 2352.9 ], [ 37734.990198285966471, 2352.900481527332886 ], [ 37734.980490967798687, 2352.901921471959668 ], [ 37734.970971532275144, 2352.904305966426818 ], [ 37734.961731656760094, 2352.907612046748909 ], [ 37734.952860326317023, 2352.911807873565067 ], [ 37734.944442976695427, 2352.916853038769659 ], [ 37734.936560671580082, 2352.922698954663701 ], [ 37734.929289321880788, 2352.929289321881242 ], [ 37734.922698954665975, 2352.93656067158372 ], [ 37734.91685303876875, 2352.944442976698156 ], [ 37734.911807873562793, 2352.952860326317477 ], [ 37734.907612046750728, 2352.961731656763277 ], [ 37734.904305966425454, 2352.970971532274689 ], [ 37734.901921471959213, 2352.980490967798232 ], [ 37734.900481527329248, 2352.990198285966926 ], [ 37734.900000000001455, 2353.0 ], [ 37734.900000000001455, 2369.0 ], [ 37734.900481527329248, 2369.009801714033074 ], [ 37734.901921471959213, 2369.019509032201768 ], [ 37734.904305966425454, 2369.029028467725311 ], [ 37734.907612046750728, 2369.038268343236723 ], [ 37734.911807873562793, 2369.047139673682523 ], [ 37734.91685303876875, 2369.055557023301844 ], [ 37734.922698954665975, 2369.06343932841628 ], [ 37734.929289321880788, 2369.070710678118758 ], [ 37734.936560671580082, 2369.077301045336299 ], [ 37734.944442976695427, 2369.083146961230341 ], [ 37734.952860326317023, 2369.088192126434933 ], [ 37734.961731656760094, 2369.092387953251091 ], [ 37734.970971532275144, 2369.095694033573182 ], [ 37734.980490967798687, 2369.098078528040332 ], [ 37734.990198285966471, 2369.099518472667114 ], [ 37735.0, 2369.1 ], [ 37767.95857864376012, 2369.1 ], [ 37800.928218193868815, 2402.069639550106785 ], [ 37816.927180000733642, 2419.068536469900664 ], [ 37816.934534175292356, 2419.075592498277274 ], [ 37816.942568352678791, 2419.081863336638889 ], [ 37816.951199080729566, 2419.087283848899006 ], [ 37816.960336710864794, 2419.091797731426595 ], [ 37816.969886329214205, 2419.095358097883491 ], [ 37816.979748742538504, 2419.097927966236966 ], [ 37816.989821508555906, 2419.099480642900289 ], [ 37817.0, 2419.1 ], [ 37899.95857864376012, 2419.1 ], [ 37915.86068893315678, 2435.002110289397024 ], [ 37899.9567927349417, 2451.9 ], [ 37768.0432072650583, 2451.9 ], [ 37752.072819999266358, 2434.931463530099336 ], [ 37752.065465824707644, 2434.924407501722726 ], [ 37752.057431647321209, 2434.918136663361111 ], [ 37752.048800919270434, 2434.912716151100994 ], [ 37752.039663289135206, 2434.908202268573405 ], [ 37752.030113670785795, 2434.904641902116509 ], [ 37752.020251257461496, 2434.902072033763034 ], [ 37752.010178491444094, 2434.900519357099711 ], [ 37752.0, 2434.9 ], [ 37735.04142135623988, 2434.9 ], [ 37719.099999999998545, 2418.958578643760575 ], [ 37719.099999999998545, 2402.0 ], [ 37719.099480642900744, 2401.989821508552723 ], [ 37719.097927966235147, 2401.979748742541233 ], [ 37719.095358097882126, 2401.969886329216479 ], [ 37719.091797731423867, 2401.960336710866159 ], [ 37719.087283848901279, 2401.95119908073184 ], [ 37719.081863336636161, 2401.942568352675607 ], [ 37719.075592498273181, 2401.934534175295084 ], [ 37719.068536469902028, 2401.927180000730914 ], [ 37702.068536469902028, 2385.927180000730914 ], [ 37702.061368260794552, 2385.921044717929362 ], [ 37702.053653721261071, 2385.915612333868921 ], [ 37702.045461529916793, 2385.910931210304625 ], [ 37702.036864617679385, 2385.907043020899891 ], [ 37702.027939518491621, 2385.903982380228626 ], [ 37702.018765687971609, 2385.901776535618865 ], [ 37702.009424796066014, 2385.900445124584166 ], [ 37702.0, 2385.9 ], [ 37669.0432072650583, 2385.9 ], [ 37653.099999999998545, 2368.960342280877285 ], [ 37653.099999999998545, 2336.041421356239425 ], [ 37669.070710678119212, 2320.070710678118758 ], [ 37669.077301045334025, 2320.06343932841628 ], [ 37669.08314696123125, 2320.055557023301844 ], [ 37669.088192126437207, 2320.047139673682523 ], [ 37669.092387953249272, 2320.038268343236268 ], [ 37669.095694033574546, 2320.029028467725311 ], [ 37669.098078528040787, 2320.019509032201313 ], [ 37669.099518472670752, 2320.009801714033074 ], [ 37669.099999999998545, 2320.0 ], [ 37669.099999999998545, 2303.0 ], [ 37669.099518472670752, 2302.990198285966926 ], [ 37669.098078528040787, 2302.980490967798232 ], [ 37669.095694033574546, 2302.970971532274689 ], [ 37669.092387953249272, 2302.961731656763277 ], [ 37669.088192126437207, 2302.952860326317477 ], [ 37669.08314696123125, 2302.944442976698156 ], [ 37669.077301045334025, 2302.93656067158372 ], [ 37669.070710678119212, 2302.929289321881242 ], [ 37669.063439328419918, 2302.922698954663701 ], [ 37669.055557023304573, 2302.916853038769659 ], [ 37669.047139673682977, 2302.911807873565067 ], [ 37669.038268343239906, 2302.907612046748909 ], [ 37669.029028467724856, 2302.904305966426818 ], [ 37669.019509032201313, 2302.901921471959668 ], [ 37669.009801714033529, 2302.900481527332886 ], [ 37669.0, 2302.9 ], [ 37620.04142135623988, 2302.9 ], [ 37604.070710678119212, 2286.929289321881242 ], [ 37604.068536469902028, 2286.927180000730914 ], [ 37587.070743136508099, 2270.929256863421415 ], [ 37571.099999999998545, 2253.960342280877285 ], [ 37571.099999999998545, 2238.0 ], [ 37571.099518472670752, 2237.990198285966926 ], [ 37571.098078528040787, 2237.980490967798232 ], [ 37571.095694033574546, 2237.970971532274689 ], [ 37571.092387953249272, 2237.961731656763277 ], [ 37571.088192126437207, 2237.952860326317477 ], [ 37571.08314696123125, 2237.944442976698156 ], [ 37571.077301045334025, 2237.93656067158372 ], [ 37571.070710678119212, 2237.929289321881242 ], [ 37571.063439328419918, 2237.922698954663701 ], [ 37571.055557023304573, 2237.916853038769659 ], [ 37571.047139673682977, 2237.911807873565067 ], [ 37571.038268343239906, 2237.907612046748909 ], [ 37571.029028467724856, 2237.904305966426818 ], [ 37571.019509032201313, 2237.901921471959668 ], [ 37571.009801714033529, 2237.900481527332886 ], [ 37571.0, 2237.9 ], [ 37554.0432072650583, 2237.9 ], [ 37538.072819999266358, 2220.931463530099336 ], [ 37538.065465824707644, 2220.924407501722726 ], [ 37538.057431647321209, 2220.918136663361111 ], [ 37538.048800919270434, 2220.912716151100994 ], [ 37538.039663289135206, 2220.908202268573405 ], [ 37538.030113670785795, 2220.904641902116509 ], [ 37538.020251257461496, 2220.902072033763034 ], [ 37538.010178491444094, 2220.900519357099711 ], [ 37538.0, 2220.9 ], [ 37488.04142135623988, 2220.9 ], [ 37472.099999999998545, 2204.958578643760575 ], [ 37472.099999999998545, 2188.0 ], [ 37472.099480642900744, 2187.989821508552723 ], [ 37472.097927966235147, 2187.979748742541233 ], [ 37472.095358097882126, 2187.969886329216479 ], [ 37472.091797731423867, 2187.960336710866159 ], [ 37472.087283848901279, 2187.95119908073184 ], [ 37472.081863336636161, 2187.942568352675607 ], [ 37472.075592498273181, 2187.934534175295084 ], [ 37472.068536469902028, 2187.927180000730914 ], [ 37455.143596562484163, 2171.997824793751533 ], [ 37488.070710678119212, 2139.070710678118758 ], [ 37488.077301045334025, 2139.06343932841628 ], [ 37488.08314696123125, 2139.055557023301844 ], [ 37488.088192126437207, 2139.047139673682523 ], [ 37488.092387953249272, 2139.038268343236268 ], [ 37488.095694033574546, 2139.029028467725311 ], [ 37488.098078528040787, 2139.019509032201313 ], [ 37488.099518472670752, 2139.009801714033074 ], [ 37488.099999999998545, 2139.0 ], [ 37488.099999999998545, 2122.0 ], [ 37488.099518472670752, 2121.990198285966926 ], [ 37488.098078528040787, 2121.980490967798687 ], [ 37488.095694033574546, 2121.970971532274689 ], [ 37488.092387953249272, 2121.961731656763732 ], [ 37488.088192126437207, 2121.952860326317477 ], [ 37488.08314696123125, 2121.944442976698156 ], [ 37488.077301045334025, 2121.93656067158372 ], [ 37488.070710678119212, 2121.929289321881242 ], [ 37472.099999999998545, 2105.958578643760575 ], [ 37472.099999999998545, 2073.0 ], [ 37472.099518472670752, 2072.990198285966926 ], [ 37472.098078528040787, 2072.980490967798232 ], [ 37472.095694033574546, 2072.970971532274689 ], [ 37472.092387953249272, 2072.961731656763277 ], [ 37472.088192126437207, 2072.952860326317477 ], [ 37472.08314696123125, 2072.944442976698156 ], [ 37472.077301045334025, 2072.93656067158372 ], [ 37472.070710678119212, 2072.929289321881242 ], [ 37472.063439328419918, 2072.922698954663701 ], [ 37472.055557023304573, 2072.916853038769659 ], [ 37472.047139673682977, 2072.911807873565067 ], [ 37472.038268343239906, 2072.907612046748909 ], [ 37472.029028467724856, 2072.904305966426818 ], [ 37472.019509032201313, 2072.901921471959668 ], [ 37472.009801714033529, 2072.900481527332886 ], [ 37472.0, 2072.9 ], [ 37455.0, 2072.9 ], [ 37454.990198285966471, 2072.900481527332886 ], [ 37454.980490967798687, 2072.901921471959668 ], [ 37454.970971532275144, 2072.904305966426818 ], [ 37454.961731656760094, 2072.907612046748909 ], [ 37454.952860326317023, 2072.911807873565067 ], [ 37454.944442976695427, 2072.916853038769659 ], [ 37454.936560671580082, 2072.922698954663701 ], [ 37454.929289321880788, 2072.929289321881242 ], [ 37454.922698954665975, 2072.93656067158372 ], [ 37454.91685303876875, 2072.944442976698156 ], [ 37454.911807873562793, 2072.952860326317477 ], [ 37454.907612046750728, 2072.961731656763277 ], [ 37454.904305966425454, 2072.970971532274689 ], [ 37454.901921471959213, 2072.980490967798232 ], [ 37454.900481527329248, 2072.990198285966926 ], [ 37454.900000000001455, 2073.0 ], [ 37454.900000000001455, 2089.958578643760575 ], [ 37438.95857864376012, 2105.9 ], [ 37423.039657719127717, 2105.9 ], [ 37406.099999999998545, 2089.956792734939427 ], [ 37406.099999999998545, 2057.041421356239425 ], [ 37423.070710678119212, 2040.070710678118758 ], [ 37423.077301045334025, 2040.063439328416052 ], [ 37423.08314696123125, 2040.055557023301844 ], [ 37423.088192126437207, 2040.047139673682523 ], [ 37423.092387953249272, 2040.038268343236268 ], [ 37423.095694033574546, 2040.029028467725311 ], [ 37423.098078528040787, 2040.01950903220154 ], [ 37423.099518472670752, 2040.009801714032847 ], [ 37423.099999999998545, 2040.0 ], [ 37423.099999999998545, 2024.0 ], [ 37423.099518472670752, 2023.990198285967153 ], [ 37423.098078528040787, 2023.98049096779846 ], [ 37423.095694033574546, 2023.970971532274461 ], [ 37423.092387953249272, 2023.961731656763504 ], [ 37423.088192126437207, 2023.952860326317477 ], [ 37423.08314696123125, 2023.944442976697928 ], [ 37423.077301045334025, 2023.93656067158372 ], [ 37423.070710678119212, 2023.929289321881242 ], [ 37423.063439328419918, 2023.922698954663701 ], [ 37423.055557023304573, 2023.916853038769659 ], [ 37423.047139673682977, 2023.911807873565067 ], [ 37423.038268343239906, 2023.907612046748909 ], [ 37423.029028467724856, 2023.904305966426818 ], [ 37423.019509032201313, 2023.901921471959668 ], [ 37423.009801714033529, 2023.900481527332886 ], [ 37423.0, 2023.9 ], [ 37373.0432072650583, 2023.9 ], [ 37357.072819999266358, 2006.931463530099563 ], [ 37357.065465824707644, 2006.924407501722953 ], [ 37357.057431647321209, 2006.918136663361111 ], [ 37357.048800919270434, 2006.912716151100994 ], [ 37357.039663289135206, 2006.908202268573177 ], [ 37357.030113670785795, 2006.904641902116509 ], [ 37357.020251257461496, 2006.902072033762806 ], [ 37357.010178491444094, 2006.900519357099711 ], [ 37357.0, 2006.9 ], [ 37340.04142135623988, 2006.9 ], [ 37324.070710678119212, 1990.929289321881242 ], [ 37324.063439328419918, 1990.922698954663929 ], [ 37324.055557023304573, 1990.916853038769887 ], [ 37324.047139673682977, 1990.911807873565294 ], [ 37324.038268343239906, 1990.907612046748909 ], [ 37324.029028467724856, 1990.904305966426818 ], [ 37324.019509032201313, 1990.901921471959668 ], [ 37324.009801714033529, 1990.900481527332886 ], [ 37324.0, 1990.9 ], [ 37291.04142135623988, 1990.9 ], [ 37274.070710678119212, 1973.929289321881242 ], [ 37274.063439328419918, 1973.922698954663929 ], [ 37274.055557023304573, 1973.916853038769887 ], [ 37274.047139673682977, 1973.911807873565294 ], [ 37274.038268343239906, 1973.907612046748909 ], [ 37274.029028467724856, 1973.904305966426818 ], [ 37274.019509032201313, 1973.901921471959668 ], [ 37274.009801714033529, 1973.900481527332886 ], [ 37274.0, 1973.9 ], [ 37225.04142135623988, 1973.9 ], [ 37209.070710678119212, 1957.929289321881242 ], [ 37209.063439328419918, 1957.922698954663929 ], [ 37209.055557023304573, 1957.916853038769887 ], [ 37209.047139673682977, 1957.911807873565294 ], [ 37209.038268343239906, 1957.907612046748909 ], [ 37209.029028467724856, 1957.904305966426818 ], [ 37209.019509032201313, 1957.901921471959668 ], [ 37209.009801714033529, 1957.900481527332886 ], [ 37209.0, 1957.9 ], [ 37192.0, 1957.9 ], [ 37191.990198285966471, 1957.900481527332886 ], [ 37191.980490967798687, 1957.901921471959668 ], [ 37191.970971532275144, 1957.904305966426818 ], [ 37191.961731656760094, 1957.907612046748909 ], [ 37191.952860326317023, 1957.911807873565294 ], [ 37191.944442976695427, 1957.916853038769887 ], [ 37191.936560671580082, 1957.922698954663929 ], [ 37191.929289321880788, 1957.929289321881242 ], [ 37175.95857864376012, 1973.9 ], [ 37126.04142135623988, 1973.9 ], [ 37110.070710678119212, 1957.929289321881242 ], [ 37110.063439328419918, 1957.922698954663929 ], [ 37110.055557023304573, 1957.916853038769887 ], [ 37110.047139673682977, 1957.911807873565294 ], [ 37110.038268343239906, 1957.907612046748909 ], [ 37110.029028467724856, 1957.904305966426818 ], [ 37110.019509032201313, 1957.901921471959668 ], [ 37110.009801714033529, 1957.900481527332886 ], [ 37110.0, 1957.9 ], [ 37028.0, 1957.9 ] ] ] } },
{ "type": "Feature", "properties": { "tissue_id": 3 }, "geometry": { "type": "Polygon", "coordinates": [ [ [ 30149.0, 1003.0 ], [ 30149.0, 1020.0 ], [ 30149.0, 1036.0 ], [ 30149.0, 1053.0 ], [ 30149.0, 1069.0 ], [ 30132.0, 1086.0 ], [ 30132.0, 1102.0 ], [ 30116.0, 1119.0 ], [ 30116.0, 1135.0 ], [ 30116.0, 1151.0 ], [ 30132.0, 1151.0 ], [ 30149.0, 1151.0 ], [ 30165.0, 1168.0 ], [ 30149.0, 1184.0 ], [ 30149.0, 1201.0 ], [ 30149.0, 1217.0 ], [ 30132.0, 1234.0 ], [ 30116.0, 1250.0 ], [ 30099.0, 1234.0 ], [ 30083.0, 1217.0 ], [ 30066.0, 1217.0 ], [ 30050.0, 1217.0 ], [ 30033.0, 1217.0 ], [ 30017.0, 1201.0 ], [ 30000.0, 1201.0 ], [ 29984.0, 1201.0 ], [ 29968.0, 1184.0 ], [ 29968.0, 1168.0 ], [ 29951.0, 1168.0 ], [ 29935.0, 1168.0 ], [ 29918.0, 1151.0 ], [ 29902.0, 1151.0 ], [ 29885.0, 1135.0 ], [ 29869.0, 1119.0 ], [ 29852.0, 1119.0 ], [ 29836.0, 1102.0 ], [ 29819.0, 1086.0 ], [ 29803.0, 1086.0 ], [ 29787.0, 1102.0 ], [ 29770.0, 1102.0 ], [ 29754.0, 1102.0 ], [ 29737.0, 1102.0 ], [ 29721.0, 1102.0 ], [ 29704.0, 1102.0 ], [ 29688.0, 1119.0 ], [ 29671.0, 1119.0 ], [ 29655.0, 1119.0 ], [ 29655.0, 1135.0 ], [ 29655.0, 1151.0 ], [ 29638.0, 1168.0 ], [ 29622.0, 1184.0 ], [ 29605.0, 1201.0 ], [ 29589.0, 1217.0 ], [ 29573.0, 1217.0 ], [ 29556.0, 1234.0 ], [ 29540.0, 1234.0 ], [ 29523.0, 1250.0 ], [ 29507.0, 1250.0 ], [ 29490.0, 1267.0 ], [ 29474.0, 1283.0 ], [ 29474.0, 1300.0 ], [ 29474.0, 1316.0 ], [ 29474.0, 1333.0 ], [ 29457.0, 1349.0 ], [ 29441.0, 1349.0 ], [ 29441.0, 1365.0 ], [ 29441.0, 1382.0 ], [ 29457.0, 1398.0 ], [ 29457.0, 1415.0 ], [ 29457.0, 1431.0 ], [ 29441.0, 1448.0 ], [ 29424.0, 1431.0 ], [ 29408.0, 1415.0 ], [ 29392.0, 1398.0 ], [ 29375.0, 1398.0 ], [ 29359.0, 1398.0 ], [ 29359.0, 1415.0 ], [ 29342.0, 1431.0 ], [ 29326.0, 1431.0 ], [ 29309.0, 1431.0 ], [ 29293.0, 1448.0 ], [ 29276.0, 1448.0 ], [ 29260.0, 1448.0 ], [ 29243.0, 1464.0 ], [ 29227.0, 1464.0 ], [ 29211.0, 1481.0 ], [ 29194.0, 1497.0 ], [ 29178.0, 1497.0 ], [ 29161.0, 1514.0 ], [ 29145.0, 1514.0 ], [ 29128.0, 1530.0 ], [ 29112.0, 1530.0 ], [ 29095.0, 1514.0 ], [ 29095.0, 1497.0 ], [ 29112.0, 1481.0 ], [ 29112.0, 1464.0 ], [ 29095.0, 1464.0 ], [ 29079.0, 1464.0 ], [ 29062.0, 1481.0 ], [ 29046.0, 1497.0 ], [ 29029.0, 1514.0 ], [ 29013.0, 1530.0 ], [ 29013.0, 1546.0 ], [ 29013.0, 1563.0 ], [ 29029.0, 1579.0 ], [ 29029.0, 1596.0 ], [ 29013.0, 1612.0 ], [ 28997.0, 1629.0 ], [ 28980.0, 1629.0 ], [ 28964.0, 1645.0 ], [ 28964.0, 1662.0 ], [ 28947.0, 1678.0 ], [ 28931.0, 1678.0 ], [ 28914.0, 1695.0 ], [ 28914.0, 1711.0 ], [ 28914.0, 1727.0 ], [ 28898.0, 1744.0 ], [ 28881.0, 1744.0 ], [ 28881.0, 1760.0 ], [ 28865.0, 1777.0 ], [ 28865.0, 1793.0 ], [ 28865.0, 1810.0 ], [ 28865.0, 1826.0 ], [ 28865.0, 1843.0 ], [ 28881.0, 1859.0 ], [ 28881.0, 1876.0 ], [ 28881.0, 1892.0 ], [ 28881.0, 1909.0 ], [ 28865.0, 1925.0 ], [ 28848.0, 1925.0 ], [ 28832.0, 1925.0 ], [ 28816.0, 1941.0 ], [ 28799.0, 1941.0 ], [ 28799.0, 1958.0 ], [ 28783.0, 1974.0 ], [ 28766.0, 1991.0 ], [ 28750.0, 2007.0 ], [ 28750.0, 2024.0 ], [ 28766.0, 2024.0 ], [ 28783.0, 2040.0 ], [ 28766.0, 2057.0 ], [ 28750.0, 2057.0 ], [ 28733.0, 2073.0 ], [ 28717.0, 2090.0 ], [ 28700.0, 2106.0 ], [ 28684.0, 2122.0 ], [ 28684.0, 2139.0 ], [ 28667.0, 2155.0 ], [ 28651.0, 2155.0 ], [ 28651.0, 2172.0 ], [ 28635.0, 2188.0 ], [ 28618.0, 2205.0 ], [ 28602.0, 2221.0 ], [ 28602.0, 2238.0 ], [ 28585.0, 2254.0 ], [ 28569.0, 2271.0 ], [ 28552.0, 2287.0 ], [ 28536.0, 2303.0 ], [ 28519.0, 2303.0 ], [ 28503.0, 2320.0 ], [ 28503.0, 2336.0 ], [ 28486.0, 2353.0 ], [ 28470.0, 2369.0 ], [ 28454.0, 2386.0 ], [ 28454.0, 2402.0 ], [ 28454.0, 2419.0 ], [ 28437.0, 2435.0 ], [ 28421.0, 2435.0 ], [ 28404.0, 2452.0 ], [ 28388.0, 2468.0 ], [ 28371.0, 2484.0 ], [ 28355.0, 2484.0 ], [ 28355.0, 2501.0 ], [ 28338.0, 2517.0 ], [ 28322.0, 2517.0 ], [ 28305.0, 2517.0 ], [ 28289.0, 2534.0 ], [ 28272.0, 2534.0 ], [ 28256.0, 2550.0 ], [ 28240.0, 2550.0 ], [ 28223.0, 2567.0 ], [ 28207.0, 2567.0 ], [ 28190.0, 2583.0 ], [ 28174.0, 2600.0 ], [ 28157.0, 2616.0 ], [ 28141.0, 2616.0 ], [ 28141.0, 2633.0 ], [ 28124.0, 2649.0 ], [ 28108.0, 2649.0 ], [ 28091.0, 2666.0 ], [ 28075.0, 2682.0 ], [ 28059.0, 2682.0 ], [ 28042.0, 2698.0 ], [ 28026.0, 2698.0 ], [ 28009.0, 2715.0 ], [ 27993.0, 2715.0 ], [ 27976.0, 2715.0 ], [ 27960.0, 2731.0 ], [ 27943.0, 2731.0 ], [ 27927.0, 2731.0 ], [ 27910.0, 2731.0 ], [ 27894.0, 2748.0 ], [ 27878.0, 2748.0 ], [ 27861.0, 2748.0 ], [ 27845.0, 2748.0 ], [ 27828.0, 2748.0 ], [ 27812.0, 2748.0 ], [ 27795.0, 2748.0 ], [ 27779.0, 2748.0 ], [ 27762.0, 2764.0 ], [ 27746.0, 2764.0 ], [ 27729.0, 2781.0 ], [ 27713.0, 2781.0 ], [ 27696.0, 2781.0 ], [ 27680.0, 2781.0 ], [ 27664.0, 2797.0 ], [ 27647.0, 2781.0 ], [ 27631.0, 2781.0 ], [ 27614.0, 2797.0 ], [ 27598.0, 2814.0 ], [ 27581.0, 2830.0 ], [ 27565.0, 2830.0 ], [ 27548.0, 2830.0 ], [ 27532.0, 2847.0 ], [ 27515.0, 2847.0 ], [ 27515.0, 2863.0 ], [ 27532.0, 2863.0 ], [ 27548.0, 2863.0 ], [ 27565.0, 2879.0 ], [ 27581.0, 2879.0 ], [ 27598.0, 2879.0 ], [ 27614.0, 2863.0 ], [ 27631.0, 2847.0 ], [ 27647.0, 2847.0 ], [ 27664.0, 2847.0 ], [ 27680.0, 2830.0 ], [ 27696.0, 2830.0 ], [ 27713.0, 2830.0 ], [ 27729.0, 2830.0 ], [ 27746.0, 2814.0 ], [ 27762.0, 2814.0 ], [ 27779.0, 2797.0 ], [ 27795.0, 2797.0 ], [ 27812.0, 2781.0 ], [ 27828.0, 2781.0 ], [ 27845.0, 2781.0 ], [ 27861.0, 2764.0 ], [ 27878.0, 2781.0 ], [ 27894.0, 2781.0 ], [ 27910.0, 2781.0 ], [ 27927.0, 2781.0 ], [ 27943.0, 2781.0 ], [ 27960.0, 2781.0 ], [ 27976.0, 2781.0 ], [ 27993.0, 2764.0 ], [ 28009.0, 2764.0 ], [ 28026.0, 2781.0 ], [ 28026.0, 2797.0 ], [ 28009.0, 2814.0 ], [ 27993.0, 2830.0 ], [ 27976.0, 2847.0 ], [ 27976.0, 2863.0 ], [ 27976.0, 2879.0 ], [ 27960.0, 2896.0 ], [ 27943.0, 2912.0 ], [ 27927.0, 2929.0 ], [ 27910.0, 2945.0 ], [ 27894.0, 2962.0 ], [ 27878.0, 2978.0 ], [ 27878.0, 2995.0 ], [ 27861.0, 3011.0 ], [ 27861.0, 3028.0 ], [ 27845.0, 3044.0 ], [ 27828.0, 3060.0 ], [ 27812.0, 3077.0 ], [ 27795.0, 3077.0 ], [ 27779.0, 3093.0 ], [ 27779.0, 3110.0 ], [ 27779.0, 3126.0 ], [ 27779.0, 3143.0 ], [ 27795.0, 3159.0 ], [ 27795.0, 3176.0 ], [ 27795.0, 3192.0 ], [ 27779.0, 3209.0 ], [ 27762.0, 3225.0 ], [ 27746.0, 3225.0 ], [ 27729.0, 3225.0 ], [ 27713.0, 3225.0 ], [ 27713.0, 3242.0 ], [ 27729.0, 3242.0 ], [ 27746.0, 3242.0 ], [ 27762.0, 3242.0 ], [ 27779.0, 3242.0 ], [ 27795.0, 3258.0 ], [ 27779.0, 3274.0 ], [ 27762.0, 3274.0 ], [ 27746.0, 3291.0 ], [ 27729.0, 3307.0 ], [ 27713.0, 3324.0 ], [ 27696.0, 3340.0 ], [ 27680.0, 3357.0 ], [ 27680.0, 3373.0 ], [ 27680.0, 3390.0 ], [ 27680.0, 3406.0 ], [ 27680.0, 3423.0 ], [ 27664.0, 3439.0 ], [ 27664.0, 3455.0 ], [ 27647.0, 3472.0 ], [ 27631.0, 3488.0 ], [ 27631.0, 3505.0 ], [ 27614.0, 3521.0 ], [ 27598.0, 3538.0 ], [ 27598.0, 3554.0 ], [ 27581.0, 3571.0 ], [ 27565.0, 3587.0 ], [ 27565.0, 3604.0 ], [ 27565.0, 3620.0 ], [ 27548.0, 3636.0 ], [ 27548.0, 3653.0 ], [ 27532.0, 3669.0 ], [ 27515.0, 3686.0 ], [ 27515.0, 3702.0 ], [ 27499.0, 3719.0 ], [ 27483.0, 3719.0 ], [ 27466.0, 3719.0 ], [ 27450.0, 3719.0 ], [ 27450.0, 3735.0 ], [ 27450.0, 3752.0 ], [ 27466.0, 3768.0 ], [ 27466.0, 3785.0 ], [ 27483.0, 3801.0 ], [ 27499.0, 3801.0 ], [ 27515.0, 3818.0 ], [ 27499.0, 3834.0 ], [ 27483.0, 3834.0 ], [ 27466.0, 3850.0 ], [ 27450.0, 3867.0 ], [ 27433.0, 3883.0 ], [ 27417.0, 3883.0 ], [ 27417.0, 3900.0 ], [ 27400.0, 3916.0 ], [ 27400.0, 3933.0 ], [ 27384.0, 3949.0 ], [ 27384.0, 3966.0 ], [ 27367.0, 3982.0 ], [ 27367.0, 3999.0 ], [ 27367.0, 4015.0 ], [ 27367.0, 4031.0 ], [ 27351.0, 4048.0 ], [ 27351.0, 4064.0 ], [ 27351.0, 4081.0 ], [ 27351.0, 4097.0 ], [ 27351.0, 4114.0 ], [ 27351.0, 4130.0 ], [ 27351.0, 4147.0 ], [ 27351.0, 4163.0 ], [ 27351.0, 4180.0 ], [ 27367.0, 4180.0 ], [ 27384.0, 4196.0 ], [ 27367.0, 4212.0 ], [ 27367.0, 4229.0 ], [ 27351.0, 4245.0 ], [ 27351.0, 4262.0 ], [ 27351.0, 4278.0 ], [ 27351.0, 4295.0 ], [ 27351.0, 4311.0 ], [ 27334.0, 4328.0 ], [ 27318.0, 4344.0 ], [ 27302.0, 4361.0 ], [ 27302.0, 4377.0 ], [ 27302.0, 4393.0 ], [ 27302.0, 4410.0 ], [ 27318.0, 4426.0 ], [ 27318.0, 4443.0 ], [ 27318.0, 4459.0 ], [ 27302.0, 4476.0 ], [ 27302.0, 4492.0 ], [ 27285.0, 4509.0 ], [ 27285.0, 4525.0 ], [ 27285.0, 4542.0 ], [ 27285.0, 4558.0 ], [ 27285.0, 4575.0 ], [ 27285.0, 4591.0 ], [ 27285.0, 4607.0 ], [ 27285.0, 4624.0 ], [ 27285.0, 4640.0 ], [ 27285.0, 4657.0 ], [ 27285.0, 4673.0 ], [ 27285.0, 4690.0 ], [ 27302.0, 4706.0 ], [ 27302.0, 4723.0 ], [ 27285.0, 4739.0 ], [ 27285.0, 4756.0 ], [ 27302.0, 4756.0 ], [ 27318.0, 4772.0 ], [ 27318.0, 4788.0 ], [ 27318.0, 4805.0 ], [ 27318.0, 4821.0 ], [ 27318.0, 4838.0 ], [ 27318.0, 4854.0 ], [ 27302.0, 4871.0 ], [ 27302.0, 4887.0 ], [ 27302.0, 4904.0 ], [ 27302.0, 4920.0 ], [ 27302.0, 4937.0 ], [ 27285.0, 4953.0 ], [ 27285.0, 4969.0 ], [ 27285.0, 4986.0 ], [ 27269.0, 5002.0 ], [ 27269.0, 5019.0 ], [ 27269.0, 5035.0 ], [ 27285.0, 5052.0 ], [ 27285.0, 5068.0 ], [ 27269.0, 5085.0 ], [ 27269.0, 5101.0 ], [ 27269.0, 5118.0 ], [ 27269.0, 5134.0 ], [ 27269.0, 5151.0 ], [ 27269.0, 5167.0 ], [ 27269.0, 5183.0 ], [ 27252.0, 5200.0 ], [ 27252.0, 5216.0 ], [ 27252.0, 5233.0 ], [ 27252.0, 5249.0 ], [ 27252.0, 5266.0 ], [ 27252.0, 5282.0 ], [ 27252.0, 5299.0 ], [ 27252.0, 5315.0 ], [ 27252.0, 5332.0 ], [ 27252.0, 5348.0 ], [ 27236.0, 5364.0 ], [ 27236.0, 5381.0 ], [ 27236.0, 5397.0 ], [ 27236.0, 5414.0 ], [ 27236.0, 5430.0 ], [ 27236.0, 5447.0 ], [ 27219.0, 5463.0 ], [ 27219.0, 5480.0 ], [ 27219.0, 5496.0 ], [ 27219.0, 5513.0 ], [ 27203.0, 5529.0 ], [ 27203.0, 5545.0 ], [ 27203.0, 5562.0 ], [ 27186.0, 5578.0 ], [ 27186.0, 5595.0 ], [ 27170.0, 5611.0 ], [ 27170.0, 5628.0 ], [ 27170.0, 5644.0 ], [ 27170.0, 5661.0 ], [ 27170.0, 5677.0 ], [ 27170.0, 5694.0 ], [ 27170.0, 5710.0 ], [ 27170.0, 5727.0 ], [ 27170.0, 5743.0 ], [ 27170.0, 5759.0 ], [ 27186.0, 5776.0 ], [ 27186.0, 5792.0 ], [ 27186.0, 5809.0 ], [ 27186.0, 5825.0 ], [ 27186.0, 5842.0 ], [ 27186.0, 5858.0 ], [ 27203.0, 5875.0 ], [ 27203.0, 5891.0 ], [ 27203.0, 5908.0 ], [ 27203.0, 5924.0 ], [ 27219.0, 5940.0 ], [ 27219.0, 5957.0 ], [ 27236.0, 5973.0 ], [ 27252.0, 5990.0 ], [ 27269.0, 6006.0 ], [ 27285.0, 6023.0 ], [ 27302.0, 6039.0 ], [ 27302.0, 6056.0 ], [ 27285.0, 6072.0 ], [ 27285.0, 6089.0 ], [ 27285.0, 6105.0 ], [ 27285.0, 6121.0 ], [ 27269.0, 6138.0 ], [ 27269.0, 6154.0 ], [ 27269.0, 6171.0 ], [ 27252.0, 6187.0 ], [ 27252.0, 6204.0 ], [ 27236.0, 6220.0 ], [ 27236.0, 6237.0 ], [ 27236.0, 6253.0 ], [ 27219.0, 6270.0 ], [ 27219.0, 6286.0 ], [ 27219.0, 6302.0 ], [ 27219.0, 6319.0 ], [ 27203.0, 6335.0 ], [ 27203.0, 6352.0 ], [ 27186.0, 6368.0 ], [ 27186.0, 6385.0 ], [ 27186.0, 6401.0 ], [ 27186.0, 6418.0 ], [ 27203.0, 6434.0 ], [ 27186.0, 6451.0 ], [ 27186.0, 6467.0 ], [ 27170.0, 6484.0 ], [ 27170.0, 6500.0 ], [ 27170.0, 6516.0 ], [ 27170.0, 6533.0 ], [ 27170.0, 6549.0 ], [ 27170.0, 6566.0 ], [ 27170.0, 6582.0 ], [ 27170.0, 6599.0 ], [ 27170.0, 6615.0 ], [ 27170.0, 6632.0 ], [ 27170.0, 6648.0 ], [ 27170.0, 6665.0 ], [ 27153.0, 6681.0 ], [ 27137.0, 6697.0 ], [ 27137.0, 6714.0 ], [ 27153.0, 6714.0 ], [ 27170.0, 6730.0 ], [ 27153.0, 6747.0 ], [ 27153.0, 6763.0 ], [ 27153.0, 6780.0 ], [ 27137.0, 6796.0 ], [ 27120.0, 6796.0 ], [ 27120.0, 6813.0 ], [ 27120.0, 6829.0 ], [ 27104.0, 6846.0 ], [ 27104.0, 6862.0 ], [ 27104.0, 6878.0 ], [ 27104.0, 6895.0 ], [ 27104.0, 6911.0 ], [ 27104.0, 6928.0 ], [ 27104.0, 6944.0 ], [ 27104.0, 6961.0 ], [ 27104.0, 6977.0 ], [ 27104.0, 6994.0 ], [ 27104.0, 7010.0 ], [ 27104.0, 7027.0 ], [ 27104.0, 7043.0 ], [ 27104.0, 7060.0 ], [ 27120.0, 7076.0 ], [ 27120.0, 7092.0 ], [ 27120.0, 7109.0 ], [ 27120.0, 7125.0 ], [ 27120.0, 7142.0 ], [ 27120.0, 7158.0 ], [ 27120.0, 7175.0 ], [ 27120.0, 7191.0 ], [ 27104.0, 7208.0 ], [ 27088.0, 7191.0 ], [ 27088.0, 7175.0 ], [ 27088.0, 7158.0 ], [ 27088.0, 7142.0 ], [ 27088.0, 7125.0 ], [ 27071.0, 7125.0 ], [ 27071.0, 7142.0 ], [ 27071.0, 7158.0 ], [ 27071.0, 7175.0 ], [ 27071.0, 7191.0 ], [ 27071.0, 7208.0 ], [ 27071.0, 7224.0 ], [ 27071.0, 7241.0 ], [ 27071.0, 7257.0 ], [ 27088.0, 7273.0 ], [ 27088.0, 7290.0 ], [ 27088.0, 7306.0 ], [ 27088.0, 7323.0 ], [ 27104.0, 7339.0 ], [ 27104.0, 7356.0 ], [ 27104.0, 7372.0 ], [ 27104.0, 7389.0 ], [ 27104.0, 7405.0 ], [ 27104.0, 7422.0 ], [ 27104.0, 7438.0 ], [ 27120.0, 7454.0 ], [ 27120.0, 7471.0 ], [ 27120.0, 7487.0 ], [ 27120.0, 7504.0 ], [ 27120.0, 7520.0 ], [ 27120.0, 7537.0 ], [ 27120.0, 7553.0 ], [ 27104.0, 7570.0 ], [ 27104.0, 7586.0 ], [ 27104.0, 7603.0 ], [ 27104.0, 7619.0 ], [ 27104.0, 7636.0 ], [ 27104.0, 7652.0 ], [ 27104.0, 7668.0 ], [ 27104.0, 7685.0 ], [ 27104.0, 7701.0 ], [ 27104.0, 7718.0 ], [ 27104.0, 7734.0 ], [ 27104.0, 7751.0 ], [ 27088.0, 7767.0 ], [ 27088.0, 7784.0 ], [ 27088.0, 7800.0 ], [ 27088.0, 7817.0 ], [ 27088.0, 7833.0 ], [ 27088.0, 7849.0 ], [ 27088.0, 7866.0 ], [ 27088.0, 7882.0 ], [ 27088.0, 7899.0 ], [ 27088.0, 7915.0 ], [ 27088.0, 7932.0 ], [ 27088.0, 7948.0 ], [ 27088.0, 7965.0 ], [ 27088.0, 7981.0 ], [ 27088.0, 7998.0 ], [ 27088.0, 8014.0 ], [ 27088.0, 8030.0 ], [ 27088.0, 8047.0 ], [ 27071.0, 8063.0 ], [ 27071.0, 8080.0 ], [ 27071.0, 8096.0 ], [ 27071.0, 8113.0 ], [ 27071.0, 8129.0 ], [ 27071.0, 8146.0 ], [ 27071.0, 8162.0 ], [ 27071.0, 8179.0 ], [ 27071.0, 8195.0 ], [ 27071.0, 8212.0 ], [ 27071.0, 8228.0 ], [ 27071.0, 8244.0 ], [ 27071.0, 8261.0 ], [ 27071.0, 8277.0 ], [ 27071.0, 8294.0 ], [ 27071.0, 8310.0 ], [ 27071.0, 8327.0 ], [ 27071.0, 8343.0 ], [ 27071.0, 8360.0 ], [ 27071.0, 8376.0 ], [ 27088.0, 8393.0 ], [ 27088.0, 8409.0 ], [ 27088.0, 8425.0 ], [ 27088.0, 8442.0 ], [ 27088.0, 8458.0 ], [ 27104.0, 8475.0 ], [ 27104.0, 8491.0 ], [ 27104.0, 8508.0 ], [ 27104.0, 8524.0 ], [ 27120.0, 8541.0 ], [ 27120.0, 8557.0 ], [ 27120.0, 8574.0 ], [ 27120.0, 8590.0 ], [ 27137.0, 8606.0 ], [ 27137.0, 8623.0 ], [ 27137.0, 8639.0 ], [ 27137.0, 8656.0 ], [ 27137.0, 8672.0 ], [ 27153.0, 8689.0 ], [ 27153.0, 8705.0 ], [ 27170.0, 8722.0 ], [ 27170.0, 8738.0 ], [ 27170.0, 8755.0 ], [ 27186.0, 8771.0 ], [ 27186.0, 8787.0 ], [ 27186.0, 8804.0 ], [ 27186.0, 8820.0 ], [ 27203.0, 8837.0 ], [ 27203.0, 8853.0 ], [ 27203.0, 8870.0 ], [ 27203.0, 8886.0 ], [ 27219.0, 8903.0 ], [ 27219.0, 8919.0 ], [ 27219.0, 8936.0 ], [ 27219.0, 8952.0 ], [ 27219.0, 8969.0 ], [ 27219.0, 8985.0 ], [ 27203.0, 9001.0 ], [ 27203.0, 9018.0 ], [ 27203.0, 9034.0 ], [ 27203.0, 9051.0 ], [ 27203.0, 9067.0 ], [ 27186.0, 9084.0 ], [ 27170.0, 9100.0 ], [ 27153.0, 9084.0 ], [ 27153.0, 9067.0 ], [ 27137.0, 9067.0 ], [ 27120.0, 9067.0 ], [ 27104.0, 9084.0 ], [ 27104.0, 9100.0 ], [ 27104.0, 9117.0 ], [ 27104.0, 9133.0 ], [ 27104.0, 9150.0 ], [ 27104.0, 9166.0 ], [ 27120.0, 9166.0 ], [ 27137.0, 9166.0 ], [ 27137.0, 9150.0 ], [ 27137.0, 9133.0 ], [ 27153.0, 9117.0 ], [ 27170.0, 9117.0 ], [ 27186.0, 9133.0 ], [ 27186.0, 9150.0 ], [ 27203.0, 9166.0 ], [ 27203.0, 9182.0 ], [ 27203.0, 9199.0 ], [ 27203.0, 9215.0 ], [ 27203.0, 9232.0 ], [ 27219.0, 9248.0 ], [ 27219.0, 9265.0 ], [ 27219.0, 9281.0 ], [ 27219.0, 9298.0 ], [ 27236.0, 9314.0 ], [ 27236.0, 9331.0 ], [ 27252.0, 9347.0 ], [ 27252.0, 9363.0 ], [ 27252.0, 9380.0 ], [ 27269.0, 9396.0 ], [ 27269.0, 9413.0 ], [ 27269.0, 9429.0 ], [ 27285.0, 9446.0 ], [ 27285.0, 9462.0 ], [ 27285.0, 9479.0 ], [ 27285.0, 9495.0 ], [ 27285.0, 9512.0 ], [ 27285.0, 9528.0 ], [ 27302.0, 9545.0 ], [ 27302.0, 9561.0 ], [ 27302.0, 9577.0 ], [ 27302.0, 9594.0 ], [ 27302.0, 9610.0 ], [ 27318.0, 9627.0 ], [ 27318.0, 9643.0 ], [ 27318.0, 9660.0 ], [ 27318.0, 9676.0 ], [ 27318.0, 9693.0 ], [ 27334.0, 9709.0 ], [ 27334.0, 9726.0 ], [ 27318.0, 9742.0 ], [ 27318.0, 9758.0 ], [ 27334.0, 9758.0 ], [ 27351.0, 9775.0 ], [ 27351.0, 9791.0 ], [ 27351.0, 9808.0 ], [ 27351.0, 9824.0 ], [ 27351.0, 9841.0 ], [ 27367.0, 9857.0 ], [ 27367.0, 9874.0 ], [ 27384.0, 9890.0 ], [ 27400.0, 9907.0 ], [ 27417.0, 9923.0 ], [ 27433.0, 9939.0 ], [ 27433.0, 9956.0 ], [ 27417.0, 9972.0 ], [ 27417.0, 9989.0 ], [ 27400.0, 10005.0 ], [ 27400.0, 10022.0 ], [ 27417.0, 10022.0 ], [ 27433.0, 10022.0 ], [ 27450.0, 10022.0 ], [ 27466.0, 10038.0 ], [ 27483.0, 10055.0 ], [ 27483.0, 10071.0 ], [ 27483.0, 10088.0 ], [ 27499.0, 10104.0 ], [ 27499.0, 10121.0 ], [ 27515.0, 10137.0 ], [ 27515.0, 10153.0 ], [ 27532.0, 10170.0 ], [ 27548.0, 10186.0 ], [ 27548.0, 10203.0 ], [ 27565.0, 10219.0 ], [ 27565.0, 10236.0 ], [ 27581.0, 10252.0 ], [ 27581.0, 10269.0 ], [ 27581.0, 10285.0 ], [ 27581.0, 10302.0 ], [ 27598.0, 10318.0 ], [ 27598.0, 10334.0 ], [ 27614.0, 10351.0 ], [ 27614.0, 10367.0 ], [ 27614.0, 10384.0 ], [ 27614.0, 10400.0 ], [ 27631.0, 10417.0 ], [ 27631.0, 10433.0 ], [ 27631.0, 10450.0 ], [ 27647.0, 10466.0 ], [ 27647.0, 10483.0 ], [ 27647.0, 10499.0 ], [ 27647.0, 10515.0 ], [ 27664.0, 10532.0 ], [ 27664.0, 10548.0 ], [ 27680.0, 10565.0 ], [ 27680.0, 10581.0 ], [ 27696.0, 10598.0 ], [ 27696.0, 10614.0 ], [ 27713.0, 10631.0 ], [ 27713.0, 10647.0 ], [ 27713.0, 10664.0 ], [ 27729.0, 10680.0 ], [ 27746.0, 10696.0 ], [ 27746.0, 10713.0 ], [ 27746.0, 10729.0 ], [ 27746.0, 10746.0 ], [ 27762.0, 10762.0 ], [ 27779.0, 10779.0 ], [ 27795.0, 10795.0 ], [ 27795.0, 10812.0 ], [ 27812.0, 10828.0 ], [ 27812.0, 10845.0 ], [ 27828.0, 10861.0 ], [ 27828.0, 10878.0 ], [ 27845.0, 10894.0 ], [ 27845.0, 10910.0 ], [ 27861.0, 10927.0 ], [ 27845.0, 10943.0 ], [ 27828.0, 10943.0 ], [ 27812.0, 10943.0 ], [ 27812.0, 10960.0 ], [ 27812.0, 10976.0 ], [ 27812.0, 10993.0 ], [ 27828.0, 10993.0 ], [ 27845.0, 10993.0 ], [ 27861.0, 10993.0 ], [ 27878.0, 10993.0 ], [ 27894.0, 11009.0 ], [ 27894.0, 11026.0 ], [ 27910.0, 11042.0 ], [ 27910.0, 11059.0 ], [ 27910.0, 11075.0 ], [ 27927.0, 11091.0 ], [ 27927.0, 11108.0 ], [ 27943.0, 11124.0 ], [ 27943.0, 11141.0 ], [ 27943.0, 11157.0 ], [ 27960.0, 11174.0 ], [ 27960.0, 11190.0 ], [ 27960.0, 11207.0 ], [ 27976.0, 11223.0 ], [ 27976.0, 11240.0 ], [ 27976.0, 11256.0 ], [ 27976.0, 11272.0 ], [ 27976.0, 11289.0 ], [ 27976.0, 11305.0 ], [ 27993.0, 11322.0 ], [ 27993.0, 11338.0 ], [ 27993.0, 11355.0 ], [ 28009.0, 11371.0 ], [ 28009.0, 11388.0 ], [ 28009.0, 11404.0 ], [ 28026.0, 11421.0 ], [ 28026.0, 11437.0 ], [ 28026.0, 11454.0 ], [ 28026.0, 11470.0 ], [ 28026.0, 11486.0 ], [ 28042.0, 11503.0 ], [ 28026.0, 11519.0 ], [ 28026.0, 11536.0 ], [ 28026.0, 11552.0 ], [ 28026.0, 11569.0 ], [ 28026.0, 11585.0 ], [ 28026.0, 11602.0 ], [ 28026.0, 11618.0 ], [ 28042.0, 11635.0 ], [ 28042.0, 11651.0 ], [ 28042.0, 11667.0 ], [ 28042.0, 11684.0 ], [ 28059.0, 11700.0 ], [ 28059.0, 11717.0 ], [ 28059.0, 11733.0 ], [ 28075.0, 11750.0 ], [ 28075.0, 11766.0 ], [ 28091.0, 11766.0 ], [ 28108.0, 11783.0 ], [ 28108.0, 11799.0 ], [ 28108.0, 11816.0 ], [ 28124.0, 11832.0 ], [ 28124.0, 11848.0 ], [ 28124.0, 11865.0 ], [ 28124.0, 11881.0 ], [ 28141.0, 11898.0 ], [ 28141.0, 11914.0 ], [ 28141.0, 11931.0 ], [ 28141.0, 11947.0 ], [ 28141.0, 11964.0 ], [ 28157.0, 11980.0 ], [ 28157.0, 11997.0 ], [ 28157.0, 12013.0 ], [ 28157.0, 12030.0 ], [ 28157.0, 12046.0 ], [ 28174.0, 12062.0 ], [ 28174.0, 12079.0 ], [ 28174.0, 12095.0 ], [ 28190.0, 12112.0 ], [ 28190.0, 12128.0 ], [ 28190.0, 12145.0 ], [ 28207.0, 12161.0 ], [ 28207.0, 12178.0 ], [ 28223.0, 12194.0 ], [ 28223.0, 12211.0 ], [ 28223.0, 12227.0 ], [ 28240.0, 12243.0 ], [ 28256.0, 12260.0 ], [ 28256.0, 12276.0 ], [ 28256.0, 12293.0 ], [ 28256.0, 12309.0 ], [ 28272.0, 12326.0 ], [ 28272.0, 12342.0 ], [ 28289.0, 12359.0 ], [ 28289.0, 12375.0 ], [ 28305.0, 12392.0 ], [ 28305.0, 12408.0 ], [ 28322.0, 12424.0 ], [ 28338.0, 12441.0 ], [ 28338.0, 12457.0 ], [ 28355.0, 12474.0 ], [ 28355.0, 12490.0 ], [ 28371.0, 12507.0 ], [ 28355.0, 12523.0 ], [ 28355.0, 12540.0 ], [ 28355.0, 12556.0 ], [ 28371.0, 12573.0 ], [ 28388.0, 12589.0 ], [ 28388.0, 12605.0 ], [ 28404.0, 12622.0 ], [ 28404.0, 12638.0 ], [ 28404.0, 12655.0 ], [ 28421.0, 12671.0 ], [ 28437.0, 12688.0 ], [ 28437.0, 12704.0 ], [ 28437.0, 12721.0 ], [ 28454.0, 12737.0 ], [ 28454.0, 12754.0 ], [ 28470.0, 12770.0 ], [ 28470.0, 12787.0 ], [ 28486.0, 12803.0 ], [ 28503.0, 12819.0 ], [ 28503.0, 12836.0 ], [ 28519.0, 12836.0 ], [ 28536.0, 12836.0 ], [ 28552.0, 12852.0 ], [ 28536.0, 12869.0 ], [ 28536.0, 12885.0 ], [ 28536.0, 12902.0 ], [ 28552.0, 12918.0 ], [ 28569.0, 12918.0 ], [ 28585.0, 12918.0 ], [ 28602.0, 12935.0 ], [ 28602.0, 12951.0 ], [ 28618.0, 12968.0 ], [ 28635.0, 12984.0 ], [ 28651.0, 13000.0 ], [ 28667.0, 13000.0 ], [ 28684.0, 13017.0 ], [ 28667.0, 13033.0 ], [ 28651.0, 13033.0 ], [ 28667.0, 13050.0 ], [ 28684.0, 13066.0 ], [ 28700.0, 13083.0 ], [ 28717.0, 13099.0 ], [ 28733.0, 13116.0 ], [ 28750.0, 13132.0 ], [ 28750.0, 13149.0 ], [ 28750.0, 13165.0 ], [ 28766.0, 13181.0 ], [ 28766.0, 13198.0 ], [ 28766.0, 13214.0 ], [ 28766.0, 13231.0 ], [ 28766.0, 13247.0 ], [ 28766.0, 13264.0 ], [ 28783.0, 13280.0 ], [ 28783.0, 13297.0 ], [ 28783.0, 13313.0 ], [ 28783.0, 13330.0 ], [ 28799.0, 13346.0 ], [ 28799.0, 13363.0 ], [ 28816.0, 13379.0 ], [ 28816.0, 13395.0 ], [ 28816.0, 13412.0 ], [ 28832.0, 13428.0 ], [ 28848.0, 13445.0 ], [ 28865.0, 13461.0 ], [ 28881.0, 13478.0 ], [ 28898.0, 13494.0 ], [ 28914.0, 13511.0 ], [ 28931.0, 13511.0 ], [ 28947.0, 13527.0 ], [ 28964.0, 13544.0 ], [ 28980.0, 13560.0 ], [ 28980.0, 13576.0 ], [ 28997.0, 13593.0 ], [ 29013.0, 13609.0 ], [ 29013.0, 13626.0 ], [ 29029.0, 13642.0 ], [ 29029.0, 13659.0 ], [ 29029.0, 13675.0 ], [ 29029.0, 13692.0 ], [ 29029.0, 13708.0 ], [ 29046.0, 13708.0 ], [ 29062.0, 13708.0 ], [ 29079.0, 13725.0 ], [ 29079.0, 13741.0 ], [ 29079.0, 13757.0 ], [ 29095.0, 13774.0 ], [ 29095.0, 13790.0 ], [ 29095.0, 13807.0 ], [ 29112.0, 13823.0 ], [ 29112.0, 13840.0 ], [ 29112.0, 13856.0 ], [ 29128.0, 13873.0 ], [ 29128.0, 13889.0 ], [ 29145.0, 13906.0 ], [ 29145.0, 13922.0 ], [ 29161.0, 13939.0 ], [ 29161.0, 13955.0 ], [ 29178.0, 13971.0 ], [ 29178.0, 13988.0 ], [ 29194.0, 14004.0 ], [ 29211.0, 14021.0 ], [ 29211.0, 14037.0 ], [ 29227.0, 14054.0 ], [ 29243.0, 14070.0 ], [ 29260.0, 14070.0 ], [ 29276.0, 14087.0 ], [ 29293.0, 14087.0 ], [ 29309.0, 14087.0 ], [ 29309.0, 14070.0 ], [ 29326.0, 14054.0 ], [ 29342.0, 14070.0 ], [ 29359.0, 14070.0 ], [ 29375.0, 14087.0 ], [ 29392.0, 14103.0 ], [ 29408.0, 14103.0 ], [ 29424.0, 14120.0 ], [ 29441.0, 14136.0 ], [ 29457.0, 14152.0 ], [ 29474.0, 14152.0 ], [ 29490.0, 14169.0 ], [ 29474.0, 14185.0 ], [ 29457.0, 14185.0 ], [ 29457.0, 14202.0 ], [ 29457.0, 14218.0 ], [ 29474.0, 14235.0 ], [ 29474.0, 14251.0 ], [ 29490.0, 14268.0 ], [ 29507.0, 14284.0 ], [ 29523.0, 14301.0 ], [ 29523.0, 14317.0 ], [ 29523.0, 14333.0 ], [ 29540.0, 14350.0 ], [ 29540.0, 14366.0 ], [ 29540.0, 14383.0 ], [ 29556.0, 14399.0 ], [ 29556.0, 14416.0 ], [ 29556.0, 14432.0 ], [ 29573.0, 14449.0 ], [ 29573.0, 14465.0 ], [ 29573.0, 14482.0 ], [ 29589.0, 14498.0 ], [ 29589.0, 14514.0 ], [ 29605.0, 14531.0 ], [ 29605.0, 14547.0 ], [ 29622.0, 14564.0 ], [ 29622.0, 14580.0 ], [ 29622.0, 14597.0 ], [ 29638.0, 14613.0 ], [ 29622.0, 14630.0 ], [ 29622.0, 14646.0 ], [ 29638.0, 14646.0 ], [ 29655.0, 14663.0 ], [ 29671.0, 14679.0 ], [ 29688.0, 14696.0 ], [ 29704.0, 14712.0 ], [ 29721.0, 14728.0 ], [ 29737.0, 14745.0 ], [ 29737.0, 14761.0 ], [ 29754.0, 14778.0 ], [ 29754.0, 14794.0 ], [ 29770.0, 14811.0 ], [ 29770.0, 14827.0 ], [ 29770.0, 14844.0 ], [ 29770.0, 14860.0 ], [ 29787.0, 14877.0 ], [ 29803.0, 14877.0 ], [ 29819.0, 14893.0 ], [ 29803.0, 14909.0 ], [ 29803.0, 14926.0 ], [ 29803.0, 14942.0 ], [ 29803.0, 14959.0 ], [ 29803.0, 14975.0 ], [ 29803.0, 14992.0 ], [ 29819.0, 15008.0 ], [ 29836.0, 14992.0 ], [ 29852.0, 15008.0 ], [ 29852.0, 15025.0 ], [ 29852.0, 15041.0 ], [ 29852.0, 15058.0 ], [ 29852.0, 15074.0 ], [ 29852.0, 15090.0 ], [ 29852.0, 15107.0 ], [ 29869.0, 15123.0 ], [ 29869.0, 15140.0 ], [ 29869.0, 15156.0 ], [ 29885.0, 15173.0 ], [ 29885.0, 15189.0 ], [ 29885.0, 15206.0 ], [ 29902.0, 15222.0 ], [ 29902.0, 15239.0 ], [ 29918.0, 15255.0 ], [ 29918.0, 15272.0 ], [ 29935.0, 15288.0 ], [ 29951.0, 15288.0 ], [ 29968.0, 15304.0 ], [ 29968.0, 15321.0 ], [ 29968.0, 15337.0 ], [ 29984.0, 15354.0 ], [ 29984.0, 15370.0 ], [ 29984.0, 15387.0 ], [ 30000.0, 15387.0 ], [ 30017.0, 15403.0 ], [ 30033.0, 15420.0 ], [ 30050.0, 15436.0 ], [ 30066.0, 15453.0 ], [ 30083.0, 15469.0 ], [ 30099.0, 15485.0 ], [ 30116.0, 15502.0 ], [ 30132.0, 15502.0 ], [ 30149.0, 15502.0 ], [ 30165.0, 15502.0 ], [ 30181.0, 15518.0 ], [ 30198.0, 15518.0 ], [ 30214.0, 15518.0 ], [ 30231.0, 15518.0 ], [ 30247.0, 15518.0 ], [ 30264.0, 15518.0 ], [ 30280.0, 15518.0 ], [ 30297.0, 15535.0 ], [ 30297.0, 15551.0 ], [ 30297.0, 15568.0 ], [ 30280.0, 15584.0 ], [ 30264.0, 15601.0 ], [ 30264.0, 15617.0 ], [ 30280.0, 15634.0 ], [ 30297.0, 15634.0 ], [ 30313.0, 15634.0 ], [ 30330.0, 15650.0 ], [ 30313.0, 15666.0 ], [ 30313.0, 15683.0 ], [ 30313.0, 15699.0 ], [ 30330.0, 15699.0 ], [ 30346.0, 15699.0 ], [ 30363.0, 15699.0 ], [ 30379.0, 15699.0 ], [ 30395.0, 15699.0 ], [ 30412.0, 15683.0 ], [ 30428.0, 15699.0 ], [ 30445.0, 15699.0 ], [ 30461.0, 15716.0 ], [ 30478.0, 15732.0 ], [ 30494.0, 15732.0 ], [ 30511.0, 15749.0 ], [ 30527.0, 15749.0 ], [ 30544.0, 15749.0 ], [ 30560.0, 15749.0 ], [ 30576.0, 15749.0 ], [ 30593.0, 15749.0 ], [ 30609.0, 15749.0 ], [ 30626.0, 15749.0 ], [ 30642.0, 15765.0 ], [ 30659.0, 15765.0 ], [ 30675.0, 15765.0 ], [ 30692.0, 15782.0 ], [ 30692.0, 15798.0 ], [ 30692.0, 15815.0 ], [ 30692.0, 15831.0 ], [ 30692.0, 15848.0 ], [ 30708.0, 15864.0 ], [ 30725.0, 15880.0 ], [ 30725.0, 15897.0 ], [ 30741.0, 15913.0 ], [ 30757.0, 15930.0 ], [ 30757.0, 15946.0 ], [ 30774.0, 15963.0 ], [ 30774.0, 15979.0 ], [ 30790.0, 15996.0 ], [ 30807.0, 15996.0 ], [ 30823.0, 16012.0 ], [ 30840.0, 16012.0 ], [ 30856.0, 16012.0 ], [ 30873.0, 16012.0 ], [ 30889.0, 16012.0 ], [ 30906.0, 16012.0 ], [ 30922.0, 16012.0 ], [ 30938.0, 16012.0 ], [ 30955.0, 16012.0 ], [ 30971.0, 15996.0 ], [ 30988.0, 16012.0 ], [ 30988.0, 16029.0 ], [ 30971.0, 16045.0 ], [ 30971.0, 16061.0 ], [ 30971.0, 16078.0 ], [ 30971.0, 16094.0 ], [ 30971.0, 16111.0 ], [ 30971.0, 16127.0 ], [ 30988.0, 16144.0 ], [ 30988.0, 16160.0 ], [ 31004.0, 16177.0 ], [ 31021.0, 16193.0 ], [ 31037.0, 16210.0 ], [ 31054.0, 16226.0 ], [ 31070.0, 16242.0 ], [ 31087.0, 16259.0 ], [ 31087.0, 16275.0 ], [ 31103.0, 16275.0 ], [ 31120.0, 16292.0 ], [ 31136.0, 16292.0 ], [ 31152.0, 16308.0 ], [ 31169.0, 16308.0 ], [ 31185.0, 16308.0 ], [ 31202.0, 16308.0 ], [ 31218.0, 16325.0 ], [ 31235.0, 16325.0 ], [ 31251.0, 16341.0 ], [ 31268.0, 16358.0 ], [ 31284.0, 16358.0 ], [ 31301.0, 16374.0 ], [ 31317.0, 16374.0 ], [ 31333.0, 16374.0 ], [ 31350.0, 16374.0 ], [ 31366.0, 16391.0 ], [ 31383.0, 16391.0 ], [ 31399.0, 16391.0 ], [ 31416.0, 16407.0 ], [ 31432.0, 16407.0 ], [ 31449.0, 16407.0 ], [ 31465.0, 16424.0 ], [ 31482.0, 16424.0 ], [ 31498.0, 16424.0 ], [ 31514.0, 16424.0 ], [ 31531.0, 16424.0 ], [ 31547.0, 16440.0 ], [ 31531.0, 16456.0 ], [ 31514.0, 16473.0 ], [ 31514.0, 16489.0 ], [ 31531.0, 16506.0 ], [ 31531.0, 16522.0 ], [ 31547.0, 16539.0 ], [ 31564.0, 16555.0 ], [ 31564.0, 16572.0 ], [ 31580.0, 16588.0 ], [ 31580.0, 16605.0 ], [ 31597.0, 16605.0 ], [ 31613.0, 16621.0 ], [ 31630.0, 16637.0 ], [ 31630.0, 16654.0 ], [ 31630.0, 16670.0 ], [ 31630.0, 16687.0 ], [ 31646.0, 16703.0 ], [ 31663.0, 16703.0 ], [ 31679.0, 16720.0 ], [ 31696.0, 16703.0 ], [ 31712.0, 16720.0 ], [ 31728.0, 16736.0 ], [ 31745.0, 16720.0 ], [ 31761.0, 16720.0 ], [ 31778.0, 16736.0 ], [ 31794.0, 16736.0 ], [ 31811.0, 16753.0 ], [ 31827.0, 16769.0 ], [ 31827.0, 16786.0 ], [ 31827.0, 16802.0 ], [ 31844.0, 16802.0 ], [ 31860.0, 16802.0 ], [ 31877.0, 16818.0 ], [ 31893.0, 16818.0 ], [ 31909.0, 16818.0 ], [ 31926.0, 16802.0 ], [ 31942.0, 16802.0 ], [ 31959.0, 16818.0 ], [ 31975.0, 16818.0 ], [ 31992.0, 16818.0 ], [ 32008.0, 16818.0 ], [ 32025.0, 16835.0 ], [ 32041.0, 16851.0 ], [ 32058.0, 16868.0 ], [ 32074.0, 16884.0 ], [ 32090.0, 16884.0 ], [ 32107.0, 16901.0 ], [ 32123.0, 16901.0 ], [ 32140.0, 16901.0 ], [ 32156.0, 16901.0 ], [ 32173.0, 16917.0 ], [ 32189.0, 16934.0 ], [ 32173.0, 16950.0 ], [ 32173.0, 16967.0 ], [ 32189.0, 16967.0 ], [ 32206.0, 16967.0 ], [ 32222.0, 16983.0 ], [ 32239.0, 16983.0 ], [ 32255.0, 16983.0 ], [ 32272.0, 16983.0 ], [ 32288.0, 16983.0 ], [ 32288.0, 16967.0 ], [ 32304.0, 16950.0 ], [ 32321.0, 16967.0 ], [ 32337.0, 16967.0 ], [ 32354.0, 16950.0 ], [ 32370.0, 16967.0 ], [ 32370.0, 16983.0 ], [ 32370.0, 16999.0 ], [ 32354.0, 17016.0 ], [ 32354.0, 17032.0 ], [ 32370.0, 17032.0 ], [ 32387.0, 17032.0 ], [ 32403.0, 17049.0 ], [ 32420.0, 17065.0 ], [ 32436.0, 17065.0 ], [ 32453.0, 17065.0 ], [ 32469.0, 17065.0 ], [ 32485.0, 17082.0 ], [ 32502.0, 17082.0 ], [ 32518.0, 17082.0 ], [ 32535.0, 17082.0 ], [ 32551.0, 17098.0 ], [ 32568.0, 17098.0 ], [ 32584.0, 17098.0 ], [ 32601.0, 17098.0 ], [ 32617.0, 17082.0 ], [ 32634.0, 17082.0 ], [ 32650.0, 17098.0 ], [ 32666.0, 17098.0 ], [ 32683.0, 17098.0 ], [ 32699.0, 17098.0 ], [ 32716.0, 17098.0 ], [ 32732.0, 17098.0 ], [ 32749.0, 17098.0 ], [ 32765.0, 17098.0 ], [ 32782.0, 17115.0 ], [ 32798.0, 17131.0 ], [ 32815.0, 17148.0 ], [ 32831.0, 17148.0 ], [ 32848.0, 17164.0 ], [ 32848.0, 17181.0 ], [ 32864.0, 17197.0 ], [ 32880.0, 17213.0 ], [ 32897.0, 17230.0 ], [ 32897.0, 17246.0 ], [ 32897.0, 17263.0 ], [ 32913.0, 17263.0 ], [ 32930.0, 17246.0 ], [ 32946.0, 17263.0 ], [ 32946.0, 17279.0 ], [ 32946.0, 17296.0 ], [ 32963.0, 17296.0 ], [ 32979.0, 17279.0 ], [ 32996.0, 17296.0 ], [ 33012.0, 17312.0 ], [ 33012.0, 17329.0 ], [ 33029.0, 17329.0 ], [ 33045.0, 17329.0 ], [ 33061.0, 17312.0 ], [ 33078.0, 17329.0 ], [ 33094.0, 17345.0 ], [ 33094.0, 17362.0 ], [ 33111.0, 17362.0 ], [ 33127.0, 17362.0 ], [ 33144.0, 17362.0 ], [ 33160.0, 17378.0 ], [ 33177.0, 17378.0 ], [ 33193.0, 17378.0 ], [ 33210.0, 17378.0 ], [ 33226.0, 17378.0 ], [ 33242.0, 17378.0 ], [ 33259.0, 17378.0 ], [ 33275.0, 17362.0 ], [ 33292.0, 17362.0 ], [ 33308.0, 17362.0 ], [ 33325.0, 17378.0 ], [ 33341.0, 17378.0 ], [ 33358.0, 17378.0 ], [ 33374.0, 17362.0 ], [ 33391.0, 17362.0 ], [ 33407.0, 17362.0 ], [ 33423.0, 17362.0 ], [ 33440.0, 17362.0 ], [ 33456.0, 17345.0 ], [ 33473.0, 17345.0 ], [ 33489.0, 17329.0 ], [ 33506.0, 17329.0 ], [ 33522.0, 17312.0 ], [ 33539.0, 17312.0 ], [ 33539.0, 17296.0 ], [ 33555.0, 17279.0 ], [ 33572.0, 17279.0 ], [ 33588.0, 17296.0 ], [ 33572.0, 17312.0 ], [ 33572.0, 17329.0 ], [ 33572.0, 17345.0 ], [ 33588.0, 17362.0 ], [ 33605.0, 17345.0 ], [ 33621.0, 17345.0 ], [ 33637.0, 17345.0 ], [ 33654.0, 17345.0 ], [ 33670.0, 17362.0 ], [ 33687.0, 17362.0 ], [ 33703.0, 17362.0 ], [ 33703.0, 17345.0 ], [ 33720.0, 17329.0 ], [ 33736.0, 17329.0 ], [ 33753.0, 17345.0 ], [ 33769.0, 17345.0 ], [ 33786.0, 17345.0 ], [ 33802.0, 17345.0 ], [ 33818.0, 17345.0 ], [ 33835.0, 17362.0 ], [ 33835.0, 17378.0 ], [ 33851.0, 17378.0 ], [ 33868.0, 17378.0 ], [ 33884.0, 17394.0 ], [ 33901.0, 17394.0 ], [ 33917.0, 17394.0 ], [ 33934.0, 17378.0 ], [ 33950.0, 17378.0 ], [ 33967.0, 17378.0 ], [ 33983.0, 17378.0 ], [ 33999.0, 17378.0 ], [ 34016.0, 17378.0 ], [ 34032.0, 17378.0 ], [ 34049.0, 17362.0 ], [ 34065.0, 17345.0 ], [ 34082.0, 17345.0 ], [ 34098.0, 17329.0 ], [ 34115.0, 17329.0 ], [ 34115.0, 17312.0 ], [ 34131.0, 17296.0 ], [ 34148.0, 17279.0 ], [ 34148.0, 17263.0 ], [ 34164.0, 17246.0 ], [ 34164.0, 17230.0 ], [ 34181.0, 17213.0 ], [ 34181.0, 17197.0 ], [ 34181.0, 17181.0 ], [ 34197.0, 17164.0 ], [ 34213.0, 17148.0 ], [ 34230.0, 17164.0 ], [ 34246.0, 17164.0 ], [ 34246.0, 17148.0 ], [ 34246.0, 17131.0 ], [ 34246.0, 17115.0 ], [ 34263.0, 17098.0 ], [ 34279.0, 17098.0 ], [ 34279.0, 17082.0 ], [ 34263.0, 17065.0 ], [ 34263.0, 17049.0 ], [ 34279.0, 17032.0 ], [ 34296.0, 17032.0 ], [ 34312.0, 17016.0 ], [ 34329.0, 16999.0 ], [ 34329.0, 16983.0 ], [ 34345.0, 16967.0 ], [ 34362.0, 16950.0 ], [ 34378.0, 16934.0 ], [ 34394.0, 16950.0 ], [ 34411.0, 16950.0 ], [ 34427.0, 16934.0 ], [ 34444.0, 16934.0 ], [ 34460.0, 16934.0 ], [ 34477.0, 16934.0 ], [ 34493.0, 16934.0 ], [ 34510.0, 16917.0 ], [ 34526.0, 16917.0 ], [ 34526.0, 16901.0 ], [ 34543.0, 16884.0 ], [ 34559.0, 16884.0 ], [ 34575.0, 16901.0 ], [ 34575.0, 16917.0 ], [ 34575.0, 16934.0 ], [ 34575.0, 16950.0 ], [ 34575.0, 16967.0 ], [ 34575.0, 16983.0 ], [ 34575.0, 16999.0 ], [ 34592.0, 17016.0 ], [ 34608.0, 17032.0 ], [ 34625.0, 17049.0 ], [ 34641.0, 17065.0 ], [ 34625.0, 17082.0 ], [ 34608.0, 17082.0 ], [ 34592.0, 17065.0 ], [ 34575.0, 17049.0 ], [ 34559.0, 17032.0 ], [ 34543.0, 17016.0 ], [ 34526.0, 17016.0 ], [ 34510.0, 16999.0 ], [ 34493.0, 16999.0 ], [ 34477.0, 16983.0 ], [ 34460.0, 16983.0 ], [ 34444.0, 16999.0 ], [ 34427.0, 16999.0 ], [ 34411.0, 16999.0 ], [ 34394.0, 17016.0 ], [ 34394.0, 17032.0 ], [ 34378.0, 17049.0 ], [ 34362.0, 17049.0 ], [ 34362.0, 17065.0 ], [ 34362.0, 17082.0 ], [ 34362.0, 17098.0 ], [ 34362.0, 17115.0 ], [ 34378.0, 17115.0 ], [ 34394.0, 17115.0 ], [ 34411.0, 17131.0 ], [ 34427.0, 17131.0 ], [ 34444.0, 17148.0 ], [ 34460.0, 17164.0 ], [ 34477.0, 17164.0 ], [ 34493.0, 17181.0 ], [ 34510.0, 17197.0 ], [ 34510.0, 17213.0 ], [ 34526.0, 17213.0 ], [ 34543.0, 17197.0 ], [ 34559.0, 17213.0 ], [ 34575.0, 17213.0 ], [ 34592.0, 17230.0 ], [ 34608.0, 17230.0 ], [ 34625.0, 17246.0 ], [ 34641.0, 17263.0 ], [ 34658.0, 17263.0 ], [ 34674.0, 17263.0 ], [ 34674.0, 17246.0 ], [ 34658.0, 17230.0 ], [ 34674.0, 17213.0 ], [ 34674.0, 17197.0 ], [ 34691.0, 17181.0 ], [ 34691.0, 17164.0 ], [ 34707.0, 17148.0 ], [ 34724.0, 17148.0 ], [ 34740.0, 17164.0 ], [ 34740.0, 17181.0 ], [ 34757.0, 17197.0 ], [ 34757.0, 17213.0 ], [ 34757.0, 17230.0 ], [ 34757.0, 17246.0 ], [ 34757.0, 17263.0 ], [ 34757.0, 17279.0 ], [ 34773.0, 17296.0 ], [ 34757.0, 17312.0 ], [ 34757.0, 17329.0 ], [ 34773.0, 17345.0 ], [ 34773.0, 17362.0 ], [ 34789.0, 17378.0 ], [ 34806.0, 17394.0 ], [ 34822.0, 17411.0 ], [ 34839.0, 17427.0 ], [ 34855.0, 17427.0 ], [ 34872.0, 17427.0 ], [ 34888.0, 17411.0 ], [ 34905.0, 17411.0 ], [ 34921.0, 17411.0 ], [ 34938.0, 17411.0 ], [ 34954.0, 17411.0 ], [ 34970.0, 17411.0 ], [ 34987.0, 17394.0 ], [ 35003.0, 17394.0 ], [ 35020.0, 17378.0 ], [ 35036.0, 17362.0 ], [ 35053.0, 17362.0 ], [ 35069.0, 17345.0 ], [ 35069.0, 17329.0 ], [ 35086.0, 17312.0 ], [ 35086.0, 17296.0 ], [ 35086.0, 17279.0 ], [ 35086.0, 17263.0 ], [ 35086.0, 17246.0 ], [ 35086.0, 17230.0 ], [ 35102.0, 17213.0 ], [ 35102.0, 17197.0 ], [ 35102.0, 17181.0 ], [ 35119.0, 17164.0 ], [ 35135.0, 17164.0 ], [ 35151.0, 17148.0 ], [ 35151.0, 17131.0 ], [ 35168.0, 17115.0 ], [ 35184.0, 17115.0 ], [ 35201.0, 17131.0 ], [ 35217.0, 17148.0 ], [ 35234.0, 17164.0 ], [ 35250.0, 17181.0 ], [ 35267.0, 17197.0 ], [ 35283.0, 17213.0 ], [ 35300.0, 17213.0 ], [ 35316.0, 17230.0 ], [ 35332.0, 17230.0 ], [ 35349.0, 17230.0 ], [ 35365.0, 17246.0 ], [ 35382.0, 17246.0 ], [ 35398.0, 17246.0 ], [ 35415.0, 17246.0 ], [ 35431.0, 17246.0 ], [ 35448.0, 17246.0 ], [ 35464.0, 17246.0 ], [ 35481.0, 17246.0 ], [ 35497.0, 17246.0 ], [ 35514.0, 17246.0 ], [ 35530.0, 17246.0 ], [ 35546.0, 17246.0 ], [ 35563.0, 17246.0 ], [ 35579.0, 17246.0 ], [ 35596.0, 17246.0 ], [ 35612.0, 17230.0 ], [ 35629.0, 17230.0 ], [ 35645.0, 17230.0 ], [ 35662.0, 17230.0 ], [ 35662.0, 17213.0 ], [ 35645.0, 17197.0 ], [ 35629.0, 17197.0 ], [ 35612.0, 17181.0 ], [ 35629.0, 17164.0 ], [ 35645.0, 17148.0 ], [ 35662.0, 17131.0 ], [ 35678.0, 17115.0 ], [ 35695.0, 17098.0 ], [ 35711.0, 17082.0 ], [ 35711.0, 17065.0 ], [ 35711.0, 17049.0 ], [ 35727.0, 17032.0 ], [ 35727.0, 17016.0 ], [ 35744.0, 16999.0 ], [ 35760.0, 16999.0 ], [ 35777.0, 16999.0 ], [ 35793.0, 17016.0 ], [ 35810.0, 17016.0 ], [ 35810.0, 16999.0 ], [ 35810.0, 16983.0 ], [ 35826.0, 16967.0 ], [ 35843.0, 16983.0 ], [ 35843.0, 16999.0 ], [ 35843.0, 17016.0 ], [ 35843.0, 17032.0 ], [ 35826.0, 17049.0 ], [ 35826.0, 17065.0 ], [ 35843.0, 17065.0 ], [ 35859.0, 17065.0 ], [ 35876.0, 17065.0 ], [ 35892.0, 17082.0 ], [ 35876.0, 17098.0 ], [ 35876.0, 17115.0 ], [ 35892.0, 17115.0 ], [ 35908.0, 17115.0 ], [ 35925.0, 17115.0 ], [ 35941.0, 17098.0 ], [ 35958.0, 17082.0 ], [ 35974.0, 17082.0 ], [ 35991.0, 17082.0 ], [ 36007.0, 17082.0 ], [ 36024.0, 17065.0 ], [ 36040.0, 17049.0 ], [ 36040.0, 17032.0 ], [ 36057.0, 17016.0 ], [ 36057.0, 16999.0 ], [ 36073.0, 16983.0 ], [ 36090.0, 16967.0 ], [ 36090.0, 16950.0 ], [ 36090.0, 16934.0 ], [ 36106.0, 16917.0 ], [ 36122.0, 16901.0 ], [ 36139.0, 16884.0 ], [ 36155.0, 16868.0 ], [ 36155.0, 16851.0 ], [ 36172.0, 16835.0 ], [ 36188.0, 16818.0 ], [ 36188.0, 16802.0 ], [ 36188.0, 16786.0 ], [ 36188.0, 16769.0 ], [ 36188.0, 16753.0 ], [ 36205.0, 16736.0 ], [ 36221.0, 16736.0 ], [ 36238.0, 16736.0 ], [ 36254.0, 16736.0 ], [ 36271.0, 16736.0 ], [ 36287.0, 16736.0 ], [ 36303.0, 16720.0 ], [ 36320.0, 16703.0 ], [ 36336.0, 16687.0 ], [ 36336.0, 16670.0 ], [ 36353.0, 16654.0 ], [ 36353.0, 16637.0 ], [ 36353.0, 16621.0 ], [ 36369.0, 16605.0 ], [ 36369.0, 16588.0 ], [ 36386.0, 16572.0 ], [ 36386.0, 16555.0 ], [ 36402.0, 16539.0 ], [ 36402.0, 16522.0 ], [ 36402.0, 16506.0 ], [ 36402.0, 16489.0 ], [ 36419.0, 16473.0 ], [ 36435.0, 16456.0 ], [ 36435.0, 16440.0 ], [ 36452.0, 16424.0 ], [ 36452.0, 16407.0 ], [ 36452.0, 16391.0 ], [ 36452.0, 16374.0 ], [ 36452.0, 16358.0 ], [ 36452.0, 16341.0 ], [ 36468.0, 16325.0 ], [ 36468.0, 16308.0 ], [ 36468.0, 16292.0 ], [ 36468.0, 16275.0 ], [ 36452.0, 16259.0 ], [ 36452.0, 16242.0 ], [ 36452.0, 16226.0 ], [ 36452.0, 16210.0 ], [ 36452.0, 16193.0 ], [ 36435.0, 16177.0 ], [ 36435.0, 16160.0 ], [ 36419.0, 16144.0 ], [ 36419.0, 16127.0 ], [ 36419.0, 16111.0 ], [ 36419.0, 16094.0 ], [ 36435.0, 16078.0 ], [ 36452.0, 16061.0 ], [ 36468.0, 16078.0 ], [ 36484.0, 16078.0 ], [ 36501.0, 16078.0 ], [ 36517.0, 16078.0 ], [ 36534.0, 16078.0 ], [ 36550.0, 16078.0 ], [ 36567.0, 16078.0 ], [ 36583.0, 16078.0 ], [ 36600.0, 16078.0 ], [ 36616.0, 16061.0 ], [ 36616.0, 16045.0 ], [ 36633.0, 16029.0 ], [ 36649.0, 16012.0 ], [ 36649.0, 15996.0 ], [ 36649.0, 15979.0 ], [ 36649.0, 15963.0 ], [ 36666.0, 15946.0 ], [ 36682.0, 15930.0 ], [ 36682.0, 15913.0 ], [ 36682.0, 15897.0 ], [ 36698.0, 15880.0 ], [ 36698.0, 15864.0 ], [ 36715.0, 15848.0 ], [ 36715.0, 15831.0 ], [ 36715.0, 15815.0 ], [ 36715.0, 15798.0 ], [ 36715.0, 15782.0 ], [ 36731.0, 15765.0 ], [ 36731.0, 15749.0 ], [ 36731.0, 15732.0 ], [ 36731.0, 15716.0 ], [ 36731.0, 15699.0 ], [ 36731.0, 15683.0 ], [ 36731.0, 15666.0 ], [ 36748.0, 15650.0 ], [ 36748.0, 15634.0 ], [ 36748.0, 15617.0 ], [ 36748.0, 15601.0 ], [ 36764.0, 15584.0 ], [ 36764.0, 15568.0 ], [ 36781.0, 15551.0 ], [ 36781.0, 15535.0 ], [ 36764.0, 15518.0 ], [ 36764.0, 15502.0 ], [ 36764.0, 15485.0 ], [ 36764.0, 15469.0 ], [ 36748.0, 15453.0 ], [ 36764.0, 15436.0 ], [ 36764.0, 15420.0 ], [ 36764.0, 15403.0 ], [ 36781.0, 15387.0 ], [ 36781.0, 15370.0 ], [ 36781.0, 15354.0 ], [ 36781.0, 15337.0 ], [ 36781.0, 15321.0 ], [ 36797.0, 15304.0 ], [ 36797.0, 15288.0 ], [ 36797.0, 15272.0 ], [ 36797.0, 15255.0 ], [ 36797.0, 15239.0 ], [ 36797.0, 15222.0 ], [ 36781.0, 15222.0 ], [ 36764.0, 15222.0 ], [ 36748.0, 15206.0 ], [ 36748.0, 15189.0 ], [ 36731.0, 15173.0 ], [ 36715.0, 15156.0 ], [ 36715.0, 15140.0 ], [ 36698.0, 15123.0 ], [ 36682.0, 15107.0 ], [ 36682.0, 15090.0 ], [ 36682.0, 15074.0 ], [ 36682.0, 15058.0 ], [ 36666.0, 15058.0 ], [ 36649.0, 15041.0 ], [ 36649.0, 15025.0 ], [ 36666.0, 15008.0 ], [ 36682.0, 14992.0 ], [ 36698.0, 14975.0 ], [ 36715.0, 14959.0 ], [ 36731.0, 14942.0 ], [ 36731.0, 14926.0 ], [ 36731.0, 14909.0 ], [ 36731.0, 14893.0 ], [ 36731.0, 14877.0 ], [ 36731.0, 14860.0 ], [ 36731.0, 14844.0 ], [ 36731.0, 14827.0 ], [ 36715.0, 14811.0 ], [ 36715.0, 14794.0 ], [ 36715.0, 14778.0 ], [ 36715.0, 14761.0 ], [ 36715.0, 14745.0 ], [ 36715.0, 14728.0 ], [ 36715.0, 14712.0 ], [ 36715.0, 14696.0 ], [ 36715.0, 14679.0 ], [ 36715.0, 14663.0 ], [ 36715.0, 14646.0 ], [ 36715.0, 14630.0 ], [ 36731.0, 14613.0 ], [ 36731.0, 14597.0 ], [ 36731.0, 14580.0 ], [ 36731.0, 14564.0 ], [ 36731.0, 14547.0 ], [ 36731.0, 14531.0 ], [ 36731.0, 14514.0 ], [ 36731.0, 14498.0 ], [ 36731.0, 14482.0 ], [ 36731.0, 14465.0 ], [ 36731.0, 14449.0 ], [ 36731.0, 14432.0 ], [ 36748.0, 14416.0 ], [ 36748.0, 14399.0 ], [ 36748.0, 14383.0 ], [ 36748.0, 14366.0 ], [ 36748.0, 14350.0 ], [ 36748.0, 14333.0 ], [ 36748.0, 14317.0 ], [ 36748.0, 14301.0 ], [ 36748.0, 14284.0 ], [ 36748.0, 14268.0 ], [ 36748.0, 14251.0 ], [ 36748.0, 14235.0 ], [ 36764.0, 14218.0 ], [ 36764.0, 14202.0 ], [ 36748.0, 14185.0 ], [ 36731.0, 14169.0 ], [ 36748.0, 14152.0 ], [ 36748.0, 14136.0 ], [ 36748.0, 14120.0 ], [ 36748.0, 14103.0 ], [ 36748.0, 14087.0 ], [ 36748.0, 14070.0 ], [ 36748.0, 14054.0 ], [ 36731.0, 14054.0 ], [ 36715.0, 14054.0 ], [ 36698.0, 14037.0 ], [ 36698.0, 14021.0 ], [ 36682.0, 14004.0 ], [ 36666.0, 13988.0 ], [ 36649.0, 13971.0 ], [ 36649.0, 13955.0 ], [ 36633.0, 13939.0 ], [ 36633.0, 13922.0 ], [ 36616.0, 13906.0 ], [ 36616.0, 13889.0 ], [ 36600.0, 13873.0 ], [ 36600.0, 13856.0 ], [ 36583.0, 13840.0 ], [ 36567.0, 13840.0 ], [ 36550.0, 13823.0 ], [ 36534.0, 13823.0 ], [ 36517.0, 13807.0 ], [ 36501.0, 13807.0 ], [ 36484.0, 13790.0 ], [ 36484.0, 13774.0 ], [ 36484.0, 13757.0 ], [ 36468.0, 13741.0 ], [ 36452.0, 13725.0 ], [ 36435.0, 13708.0 ], [ 36435.0, 13692.0 ], [ 36419.0, 13675.0 ], [ 36419.0, 13659.0 ], [ 36402.0, 13659.0 ], [ 36386.0, 13642.0 ], [ 36386.0, 13626.0 ], [ 36386.0, 13609.0 ], [ 36369.0, 13593.0 ], [ 36386.0, 13576.0 ], [ 36386.0, 13560.0 ], [ 36369.0, 13560.0 ], [ 36353.0, 13560.0 ], [ 36336.0, 13544.0 ], [ 36320.0, 13527.0 ], [ 36303.0, 13511.0 ], [ 36303.0, 13494.0 ], [ 36287.0, 13478.0 ], [ 36287.0, 13461.0 ], [ 36271.0, 13445.0 ], [ 36254.0, 13428.0 ], [ 36238.0, 13412.0 ], [ 36221.0, 13395.0 ], [ 36221.0, 13379.0 ], [ 36221.0, 13363.0 ], [ 36205.0, 13346.0 ], [ 36205.0, 13330.0 ], [ 36188.0, 13313.0 ], [ 36205.0, 13297.0 ], [ 36205.0, 13280.0 ], [ 36205.0, 13264.0 ], [ 36205.0, 13247.0 ], [ 36188.0, 13231.0 ], [ 36172.0, 13214.0 ], [ 36172.0, 13198.0 ], [ 36155.0, 13181.0 ], [ 36139.0, 13165.0 ], [ 36139.0, 13149.0 ], [ 36139.0, 13132.0 ], [ 36122.0, 13116.0 ], [ 36106.0, 13099.0 ], [ 36090.0, 13099.0 ], [ 36073.0, 13099.0 ], [ 36057.0, 13099.0 ], [ 36040.0, 13083.0 ], [ 36040.0, 13066.0 ], [ 36024.0, 13050.0 ], [ 36024.0, 13033.0 ], [ 36040.0, 13017.0 ], [ 36024.0, 13000.0 ], [ 36024.0, 12984.0 ], [ 36024.0, 12968.0 ], [ 36007.0, 12968.0 ], [ 35991.0, 12951.0 ], [ 35991.0, 12935.0 ], [ 35974.0, 12935.0 ], [ 35958.0, 12951.0 ], [ 35941.0, 12968.0 ], [ 35925.0, 12951.0 ], [ 35925.0, 12935.0 ], [ 35908.0, 12935.0 ], [ 35892.0, 12935.0 ], [ 35876.0, 12935.0 ], [ 35859.0, 12935.0 ], [ 35843.0, 12951.0 ], [ 35826.0, 12968.0 ], [ 35810.0, 12968.0 ], [ 35793.0, 12968.0 ], [ 35777.0, 12951.0 ], [ 35777.0, 12935.0 ], [ 35793.0, 12918.0 ], [ 35793.0, 12902.0 ], [ 35777.0, 12885.0 ], [ 35777.0, 12869.0 ], [ 35777.0, 12852.0 ], [ 35760.0, 12836.0 ], [ 35760.0, 12819.0 ], [ 35744.0, 12803.0 ], [ 35727.0, 12787.0 ], [ 35727.0, 12770.0 ], [ 35727.0, 12754.0 ], [ 35711.0, 12737.0 ], [ 35695.0, 12737.0 ], [ 35678.0, 12754.0 ], [ 35662.0, 12737.0 ], [ 35662.0, 12721.0 ], [ 35645.0, 12721.0 ], [ 35629.0, 12704.0 ], [ 35629.0, 12688.0 ], [ 35612.0, 12688.0 ], [ 35596.0, 12704.0 ], [ 35579.0, 12704.0 ], [ 35563.0, 12688.0 ], [ 35563.0, 12671.0 ], [ 35563.0, 12655.0 ], [ 35546.0, 12655.0 ], [ 35530.0, 12638.0 ], [ 35514.0, 12638.0 ], [ 35497.0, 12622.0 ], [ 35497.0, 12605.0 ], [ 35481.0, 12589.0 ], [ 35464.0, 12573.0 ], [ 35448.0, 12556.0 ], [ 35431.0, 12540.0 ], [ 35415.0, 12540.0 ], [ 35398.0, 12540.0 ], [ 35382.0, 12523.0 ], [ 35382.0, 12507.0 ], [ 35365.0, 12490.0 ], [ 35365.0, 12474.0 ], [ 35349.0, 12457.0 ], [ 35332.0, 12457.0 ], [ 35316.0, 12441.0 ], [ 35300.0, 12424.0 ], [ 35283.0, 12424.0 ], [ 35267.0, 12424.0 ], [ 35250.0, 12408.0 ], [ 35250.0, 12392.0 ], [ 35250.0, 12375.0 ], [ 35250.0, 12359.0 ], [ 35250.0, 12342.0 ], [ 35234.0, 12342.0 ], [ 35217.0, 12342.0 ], [ 35201.0, 12342.0 ], [ 35184.0, 12326.0 ], [ 35168.0, 12326.0 ], [ 35151.0, 12309.0 ], [ 35151.0, 12293.0 ], [ 35135.0, 12276.0 ], [ 35135.0, 12260.0 ], [ 35135.0, 12243.0 ], [ 35119.0, 12227.0 ], [ 35135.0, 12211.0 ], [ 35135.0, 12194.0 ], [ 35119.0, 12194.0 ], [ 35102.0, 12178.0 ], [ 35102.0, 12161.0 ], [ 35086.0, 12145.0 ], [ 35069.0, 12128.0 ], [ 35053.0, 12112.0 ], [ 35053.0, 12095.0 ], [ 35053.0, 12079.0 ], [ 35053.0, 12062.0 ], [ 35053.0, 12046.0 ], [ 35036.0, 12030.0 ], [ 35036.0, 12013.0 ], [ 35036.0, 11997.0 ], [ 35036.0, 11980.0 ], [ 35020.0, 11964.0 ], [ 35036.0, 11947.0 ], [ 35036.0, 11931.0 ], [ 35036.0, 11914.0 ], [ 35036.0, 11898.0 ], [ 35036.0, 11881.0 ], [ 35036.0, 11865.0 ], [ 35036.0, 11848.0 ], [ 35020.0, 11832.0 ], [ 35003.0, 11816.0 ], [ 34987.0, 11799.0 ], [ 34987.0, 11783.0 ], [ 34970.0, 11766.0 ], [ 34954.0, 11766.0 ], [ 34938.0, 11783.0 ], [ 34921.0, 11766.0 ], [ 34905.0, 11750.0 ], [ 34888.0, 11733.0 ], [ 34888.0, 11717.0 ], [ 34872.0, 11700.0 ], [ 34855.0, 11700.0 ], [ 34839.0, 11684.0 ], [ 34822.0, 11684.0 ], [ 34806.0, 11684.0 ], [ 34789.0, 11667.0 ], [ 34806.0, 11651.0 ], [ 34822.0, 11635.0 ], [ 34839.0, 11635.0 ], [ 34855.0, 11635.0 ], [ 34872.0, 11635.0 ], [ 34872.0, 11618.0 ], [ 34888.0, 11602.0 ], [ 34905.0, 11602.0 ], [ 34905.0, 11585.0 ], [ 34888.0, 11585.0 ], [ 34872.0, 11569.0 ], [ 34855.0, 11569.0 ], [ 34839.0, 11569.0 ], [ 34822.0, 11585.0 ], [ 34806.0, 11585.0 ], [ 34789.0, 11569.0 ], [ 34789.0, 11552.0 ], [ 34806.0, 11536.0 ], [ 34822.0, 11519.0 ], [ 34839.0, 11519.0 ], [ 34839.0, 11503.0 ], [ 34855.0, 11486.0 ], [ 34872.0, 11486.0 ], [ 34872.0, 11470.0 ], [ 34872.0, 11454.0 ], [ 34872.0, 11437.0 ], [ 34872.0, 11421.0 ], [ 34888.0, 11404.0 ], [ 34888.0, 11388.0 ], [ 34872.0, 11371.0 ], [ 34872.0, 11355.0 ], [ 34872.0, 11338.0 ], [ 34872.0, 11322.0 ], [ 34872.0, 11305.0 ], [ 34855.0, 11289.0 ], [ 34872.0, 11272.0 ], [ 34888.0, 11272.0 ], [ 34905.0, 11272.0 ], [ 34905.0, 11256.0 ], [ 34905.0, 11240.0 ], [ 34905.0, 11223.0 ], [ 34905.0, 11207.0 ], [ 34905.0, 11190.0 ], [ 34905.0, 11174.0 ], [ 34905.0, 11157.0 ], [ 34921.0, 11141.0 ], [ 34921.0, 11124.0 ], [ 34938.0, 11108.0 ], [ 34938.0, 11091.0 ], [ 34938.0, 11075.0 ], [ 34938.0, 11059.0 ], [ 34938.0, 11042.0 ], [ 34938.0, 11026.0 ], [ 34938.0, 11009.0 ], [ 34921.0, 10993.0 ], [ 34905.0, 10976.0 ], [ 34921.0, 10960.0 ], [ 34938.0, 10960.0 ], [ 34938.0, 10943.0 ], [ 34938.0, 10927.0 ], [ 34921.0, 10910.0 ], [ 34921.0, 10894.0 ], [ 34905.0, 10878.0 ], [ 34921.0, 10861.0 ], [ 34921.0, 10845.0 ], [ 34921.0, 10828.0 ], [ 34921.0, 10812.0 ], [ 34905.0, 10812.0 ], [ 34888.0, 10795.0 ], [ 34888.0, 10779.0 ], [ 34888.0, 10762.0 ], [ 34888.0, 10746.0 ], [ 34872.0, 10746.0 ], [ 34855.0, 10746.0 ], [ 34839.0, 10729.0 ], [ 34822.0, 10713.0 ], [ 34806.0, 10696.0 ], [ 34806.0, 10680.0 ], [ 34806.0, 10664.0 ], [ 34806.0, 10647.0 ], [ 34806.0, 10631.0 ], [ 34806.0, 10614.0 ], [ 34806.0, 10598.0 ], [ 34789.0, 10581.0 ], [ 34789.0, 10565.0 ], [ 34789.0, 10548.0 ], [ 34773.0, 10548.0 ], [ 34757.0, 10532.0 ], [ 34740.0, 10532.0 ], [ 34724.0, 10548.0 ], [ 34707.0, 10532.0 ], [ 34707.0, 10515.0 ], [ 34691.0, 10499.0 ], [ 34691.0, 10483.0 ], [ 34674.0, 10466.0 ], [ 34658.0, 10450.0 ], [ 34658.0, 10433.0 ], [ 34641.0, 10417.0 ], [ 34641.0, 10400.0 ], [ 34625.0, 10384.0 ], [ 34608.0, 10367.0 ], [ 34608.0, 10351.0 ], [ 34592.0, 10334.0 ], [ 34592.0, 10318.0 ], [ 34575.0, 10302.0 ], [ 34575.0, 10285.0 ], [ 34559.0, 10269.0 ], [ 34559.0, 10252.0 ], [ 34559.0, 10236.0 ], [ 34559.0, 10219.0 ], [ 34575.0, 10203.0 ], [ 34575.0, 10186.0 ], [ 34559.0, 10186.0 ], [ 34543.0, 10186.0 ], [ 34526.0, 10170.0 ], [ 34510.0, 10153.0 ], [ 34510.0, 10137.0 ], [ 34493.0, 10121.0 ], [ 34493.0, 10104.0 ], [ 34477.0, 10088.0 ], [ 34460.0, 10088.0 ], [ 34444.0, 10088.0 ], [ 34427.0, 10071.0 ], [ 34427.0, 10055.0 ], [ 34411.0, 10038.0 ], [ 34411.0, 10022.0 ], [ 34411.0, 10005.0 ], [ 34411.0, 9989.0 ], [ 34411.0, 9972.0 ], [ 34394.0, 9972.0 ], [ 34378.0, 9972.0 ], [ 34362.0, 9989.0 ], [ 34345.0, 9972.0 ], [ 34329.0, 9956.0 ], [ 34329.0, 9939.0 ], [ 34345.0, 9923.0 ], [ 34329.0, 9907.0 ], [ 34312.0, 9890.0 ], [ 34296.0, 9874.0 ], [ 34296.0, 9857.0 ], [ 34296.0, 9841.0 ], [ 34279.0, 9841.0 ], [ 34263.0, 9841.0 ], [ 34246.0, 9824.0 ], [ 34246.0, 9808.0 ], [ 34230.0, 9791.0 ], [ 34213.0, 9775.0 ], [ 34197.0, 9758.0 ], [ 34181.0, 9758.0 ], [ 34164.0, 9742.0 ], [ 34164.0, 9726.0 ], [ 34164.0, 9709.0 ], [ 34164.0, 9693.0 ], [ 34164.0, 9676.0 ], [ 34148.0, 9676.0 ], [ 34131.0, 9676.0 ], [ 34115.0, 9660.0 ], [ 34098.0, 9643.0 ], [ 34082.0, 9627.0 ], [ 34082.0, 9610.0 ], [ 34082.0, 9594.0 ], [ 34065.0, 9594.0 ], [ 34049.0, 9577.0 ], [ 34032.0, 9561.0 ], [ 34049.0, 9545.0 ], [ 34065.0, 9545.0 ], [ 34082.0, 9528.0 ], [ 34098.0, 9528.0 ], [ 34098.0, 9512.0 ], [ 34082.0, 9495.0 ], [ 34065.0, 9479.0 ], [ 34065.0, 9462.0 ], [ 34049.0, 9446.0 ], [ 34032.0, 9429.0 ], [ 34032.0, 9413.0 ], [ 34032.0, 9396.0 ], [ 34032.0, 9380.0 ], [ 34032.0, 9363.0 ], [ 34032.0, 9347.0 ], [ 34049.0, 9331.0 ], [ 34065.0, 9331.0 ], [ 34065.0, 9314.0 ], [ 34049.0, 9314.0 ], [ 34032.0, 9298.0 ], [ 34049.0, 9281.0 ], [ 34065.0, 9281.0 ], [ 34065.0, 9265.0 ], [ 34065.0, 9248.0 ], [ 34065.0, 9232.0 ], [ 34065.0, 9215.0 ], [ 34065.0, 9199.0 ], [ 34049.0, 9182.0 ], [ 34049.0, 9166.0 ], [ 34032.0, 9166.0 ], [ 34016.0, 9166.0 ], [ 33999.0, 9182.0 ], [ 33983.0, 9182.0 ], [ 33967.0, 9166.0 ], [ 33950.0, 9166.0 ], [ 33934.0, 9150.0 ], [ 33917.0, 9133.0 ], [ 33917.0, 9117.0 ], [ 33917.0, 9100.0 ], [ 33917.0, 9084.0 ], [ 33917.0, 9067.0 ], [ 33917.0, 9051.0 ], [ 33901.0, 9034.0 ], [ 33901.0, 9018.0 ], [ 33901.0, 9001.0 ], [ 33901.0, 8985.0 ], [ 33901.0, 8969.0 ], [ 33884.0, 8952.0 ], [ 33901.0, 8936.0 ], [ 33901.0, 8919.0 ], [ 33884.0, 8903.0 ], [ 33884.0, 8886.0 ], [ 33868.0, 8886.0 ], [ 33851.0, 8870.0 ], [ 33851.0, 8853.0 ], [ 33851.0, 8837.0 ], [ 33851.0, 8820.0 ], [ 33851.0, 8804.0 ], [ 33835.0, 8804.0 ], [ 33818.0, 8804.0 ], [ 33802.0, 8820.0 ], [ 33786.0, 8820.0 ], [ 33769.0, 8804.0 ], [ 33753.0, 8804.0 ], [ 33736.0, 8787.0 ], [ 33753.0, 8771.0 ], [ 33753.0, 8755.0 ], [ 33753.0, 8738.0 ], [ 33736.0, 8722.0 ], [ 33720.0, 8705.0 ], [ 33720.0, 8689.0 ], [ 33703.0, 8672.0 ], [ 33687.0, 8656.0 ], [ 33670.0, 8639.0 ], [ 33654.0, 8639.0 ], [ 33637.0, 8623.0 ], [ 33621.0, 8606.0 ], [ 33605.0, 8590.0 ], [ 33588.0, 8590.0 ], [ 33572.0, 8574.0 ], [ 33555.0, 8557.0 ], [ 33555.0, 8541.0 ], [ 33539.0, 8524.0 ], [ 33539.0, 8508.0 ], [ 33522.0, 8491.0 ], [ 33522.0, 8475.0 ], [ 33506.0, 8458.0 ], [ 33506.0, 8442.0 ], [ 33489.0, 8425.0 ], [ 33473.0, 8409.0 ], [ 33456.0, 8393.0 ], [ 33440.0, 8376.0 ], [ 33440.0, 8360.0 ], [ 33440.0, 8343.0 ], [ 33423.0, 8327.0 ], [ 33407.0, 8310.0 ], [ 33391.0, 8294.0 ], [ 33391.0, 8277.0 ], [ 33374.0, 8277.0 ], [ 33358.0, 8277.0 ], [ 33341.0, 8294.0 ], [ 33325.0, 8294.0 ], [ 33308.0, 8294.0 ], [ 33292.0, 8294.0 ], [ 33275.0, 8277.0 ], [ 33259.0, 8277.0 ], [ 33242.0, 8261.0 ], [ 33226.0, 8244.0 ], [ 33210.0, 8228.0 ], [ 33210.0, 8212.0 ], [ 33193.0, 8195.0 ], [ 33177.0, 8179.0 ], [ 33177.0, 8162.0 ], [ 33177.0, 8146.0 ], [ 33160.0, 8129.0 ], [ 33144.0, 8113.0 ], [ 33160.0, 8096.0 ], [ 33160.0, 8080.0 ], [ 33160.0, 8063.0 ], [ 33144.0, 8047.0 ], [ 33160.0, 8030.0 ], [ 33177.0, 8014.0 ], [ 33193.0, 8014.0 ], [ 33193.0, 7998.0 ], [ 33177.0, 7981.0 ], [ 33160.0, 7965.0 ], [ 33177.0, 7948.0 ], [ 33177.0, 7932.0 ], [ 33160.0, 7932.0 ], [ 33144.0, 7915.0 ], [ 33144.0, 7899.0 ], [ 33144.0, 7882.0 ], [ 33144.0, 7866.0 ], [ 33127.0, 7866.0 ], [ 33111.0, 7849.0 ], [ 33111.0, 7833.0 ], [ 33094.0, 7817.0 ], [ 33094.0, 7800.0 ], [ 33094.0, 7784.0 ], [ 33094.0, 7767.0 ], [ 33094.0, 7751.0 ], [ 33078.0, 7734.0 ], [ 33061.0, 7718.0 ], [ 33061.0, 7701.0 ], [ 33045.0, 7685.0 ], [ 33045.0, 7668.0 ], [ 33045.0, 7652.0 ], [ 33029.0, 7636.0 ], [ 33012.0, 7619.0 ], [ 33012.0, 7603.0 ], [ 32996.0, 7586.0 ], [ 32979.0, 7570.0 ], [ 32963.0, 7553.0 ], [ 32963.0, 7537.0 ], [ 32946.0, 7520.0 ], [ 32946.0, 7504.0 ], [ 32930.0, 7487.0 ], [ 32913.0, 7471.0 ], [ 32897.0, 7454.0 ], [ 32897.0, 7438.0 ], [ 32880.0, 7422.0 ], [ 32880.0, 7405.0 ], [ 32864.0, 7389.0 ], [ 32864.0, 7372.0 ], [ 32848.0, 7356.0 ], [ 32848.0, 7339.0 ], [ 32831.0, 7339.0 ], [ 32815.0, 7339.0 ], [ 32798.0, 7323.0 ], [ 32798.0, 7306.0 ], [ 32782.0, 7290.0 ], [ 32765.0, 7273.0 ], [ 32765.0, 7257.0 ], [ 32749.0, 7241.0 ], [ 32732.0, 7224.0 ], [ 32716.0, 7208.0 ], [ 32716.0, 7191.0 ], [ 32716.0, 7175.0 ], [ 32699.0, 7158.0 ], [ 32683.0, 7142.0 ], [ 32683.0, 7125.0 ], [ 32683.0, 7109.0 ], [ 32683.0, 7092.0 ], [ 32666.0, 7076.0 ], [ 32650.0, 7060.0 ], [ 32650.0, 7043.0 ], [ 32650.0, 7027.0 ], [ 32634.0, 7010.0 ], [ 32634.0, 6994.0 ], [ 32617.0, 6977.0 ], [ 32617.0, 6961.0 ], [ 32617.0, 6944.0 ], [ 32617.0, 6928.0 ], [ 32617.0, 6911.0 ], [ 32617.0, 6895.0 ], [ 32617.0, 6878.0 ], [ 32617.0, 6862.0 ], [ 32634.0, 6846.0 ], [ 32650.0, 6846.0 ], [ 32666.0, 6846.0 ], [ 32683.0, 6829.0 ], [ 32683.0, 6813.0 ], [ 32683.0, 6796.0 ], [ 32699.0, 6780.0 ], [ 32699.0, 6763.0 ], [ 32699.0, 6747.0 ], [ 32699.0, 6730.0 ], [ 32699.0, 6714.0 ], [ 32699.0, 6697.0 ], [ 32699.0, 6681.0 ], [ 32683.0, 6665.0 ], [ 32683.0, 6648.0 ], [ 32683.0, 6632.0 ], [ 32683.0, 6615.0 ], [ 32666.0, 6615.0 ], [ 32650.0, 6615.0 ], [ 32634.0, 6599.0 ], [ 32650.0, 6582.0 ], [ 32650.0, 6566.0 ], [ 32650.0, 6549.0 ], [ 32650.0, 6533.0 ], [ 32634.0, 6516.0 ], [ 32634.0, 6500.0 ], [ 32617.0, 6500.0 ], [ 32601.0, 6500.0 ], [ 32584.0, 6500.0 ], [ 32568.0, 6516.0 ], [ 32551.0, 6500.0 ], [ 32551.0, 6484.0 ], [ 32535.0, 6484.0 ], [ 32518.0, 6484.0 ], [ 32502.0, 6484.0 ], [ 32485.0, 6467.0 ], [ 32485.0, 6451.0 ], [ 32469.0, 6434.0 ], [ 32469.0, 6418.0 ], [ 32453.0, 6401.0 ], [ 32453.0, 6385.0 ], [ 32453.0, 6368.0 ], [ 32453.0, 6352.0 ], [ 32436.0, 6335.0 ], [ 32420.0, 6319.0 ], [ 32420.0, 6302.0 ], [ 32403.0, 6286.0 ], [ 32387.0, 6286.0 ], [ 32387.0, 6302.0 ], [ 32370.0, 6319.0 ], [ 32354.0, 6319.0 ], [ 32337.0, 6335.0 ], [ 32321.0, 6319.0 ], [ 32304.0, 6302.0 ], [ 32288.0, 6286.0 ], [ 32272.0, 6286.0 ], [ 32255.0, 6286.0 ], [ 32239.0, 6270.0 ], [ 32239.0, 6253.0 ], [ 32222.0, 6237.0 ], [ 32239.0, 6220.0 ], [ 32239.0, 6204.0 ], [ 32222.0, 6204.0 ], [ 32206.0, 6187.0 ], [ 32189.0, 6171.0 ], [ 32173.0, 6171.0 ], [ 32156.0, 6171.0 ], [ 32140.0, 6171.0 ], [ 32123.0, 6154.0 ], [ 32140.0, 6138.0 ], [ 32156.0, 6121.0 ], [ 32173.0, 6121.0 ], [ 32189.0, 6138.0 ], [ 32206.0, 6138.0 ], [ 32222.0, 6138.0 ], [ 32222.0, 6121.0 ], [ 32222.0, 6105.0 ], [ 32206.0, 6089.0 ], [ 32189.0, 6072.0 ], [ 32206.0, 6056.0 ], [ 32206.0, 6039.0 ], [ 32206.0, 6023.0 ], [ 32222.0, 6006.0 ], [ 32239.0, 5990.0 ], [ 32255.0, 5973.0 ], [ 32272.0, 5957.0 ], [ 32272.0, 5940.0 ], [ 32288.0, 5924.0 ], [ 32288.0, 5908.0 ], [ 32288.0, 5891.0 ], [ 32288.0, 5875.0 ], [ 32304.0, 5858.0 ], [ 32304.0, 5842.0 ], [ 32304.0, 5825.0 ], [ 32304.0, 5809.0 ], [ 32304.0, 5792.0 ], [ 32321.0, 5776.0 ], [ 32321.0, 5759.0 ], [ 32321.0, 5743.0 ], [ 32304.0, 5727.0 ], [ 32304.0, 5710.0 ], [ 32288.0, 5694.0 ], [ 32288.0, 5677.0 ], [ 32272.0, 5661.0 ], [ 32272.0, 5644.0 ], [ 32272.0, 5628.0 ], [ 32272.0, 5611.0 ], [ 32272.0, 5595.0 ], [ 32288.0, 5578.0 ], [ 32304.0, 5578.0 ], [ 32304.0, 5562.0 ], [ 32304.0, 5545.0 ], [ 32288.0, 5545.0 ], [ 32272.0, 5529.0 ], [ 32272.0, 5513.0 ], [ 32272.0, 5496.0 ], [ 32272.0, 5480.0 ], [ 32288.0, 5463.0 ], [ 32288.0, 5447.0 ], [ 32272.0, 5430.0 ], [ 32255.0, 5414.0 ], [ 32255.0, 5397.0 ], [ 32239.0, 5397.0 ], [ 32222.0, 5414.0 ], [ 32206.0, 5414.0 ], [ 32189.0, 5414.0 ], [ 32189.0, 5430.0 ], [ 32173.0, 5447.0 ], [ 32156.0, 5447.0 ], [ 32140.0, 5463.0 ], [ 32123.0, 5463.0 ], [ 32123.0, 5480.0 ], [ 32123.0, 5496.0 ], [ 32107.0, 5513.0 ], [ 32107.0, 5529.0 ], [ 32090.0, 5545.0 ], [ 32074.0, 5529.0 ], [ 32074.0, 5513.0 ], [ 32058.0, 5513.0 ], [ 32041.0, 5513.0 ], [ 32025.0, 5513.0 ], [ 32008.0, 5513.0 ], [ 31992.0, 5496.0 ], [ 31992.0, 5480.0 ], [ 31975.0, 5480.0 ], [ 31959.0, 5480.0 ], [ 31942.0, 5480.0 ], [ 31926.0, 5463.0 ], [ 31909.0, 5447.0 ], [ 31926.0, 5430.0 ], [ 31942.0, 5430.0 ], [ 31942.0, 5414.0 ], [ 31942.0, 5397.0 ], [ 31942.0, 5381.0 ], [ 31942.0, 5364.0 ], [ 31942.0, 5348.0 ], [ 31942.0, 5332.0 ], [ 31942.0, 5315.0 ], [ 31959.0, 5299.0 ], [ 31959.0, 5282.0 ], [ 31942.0, 5266.0 ], [ 31926.0, 5249.0 ], [ 31942.0, 5233.0 ], [ 31959.0, 5216.0 ], [ 31959.0, 5200.0 ], [ 31975.0, 5183.0 ], [ 31975.0, 5167.0 ], [ 31959.0, 5151.0 ], [ 31959.0, 5134.0 ], [ 31942.0, 5118.0 ], [ 31942.0, 5101.0 ], [ 31942.0, 5085.0 ], [ 31942.0, 5068.0 ], [ 31926.0, 5052.0 ], [ 31909.0, 5035.0 ], [ 31909.0, 5019.0 ], [ 31909.0, 5002.0 ], [ 31909.0, 4986.0 ], [ 31893.0, 4986.0 ], [ 31877.0, 4986.0 ], [ 31860.0, 4986.0 ], [ 31844.0, 4986.0 ], [ 31827.0, 4986.0 ], [ 31811.0, 4969.0 ], [ 31811.0, 4953.0 ], [ 31811.0, 4937.0 ], [ 31794.0, 4920.0 ], [ 31811.0, 4904.0 ], [ 31827.0, 4887.0 ], [ 31844.0, 4904.0 ], [ 31860.0, 4904.0 ], [ 31877.0, 4920.0 ], [ 31893.0, 4920.0 ], [ 31909.0, 4904.0 ], [ 31909.0, 4887.0 ], [ 31909.0, 4871.0 ], [ 31893.0, 4854.0 ], [ 31877.0, 4854.0 ], [ 31860.0, 4838.0 ], [ 31860.0, 4821.0 ], [ 31844.0, 4805.0 ], [ 31860.0, 4788.0 ], [ 31877.0, 4772.0 ], [ 31893.0, 4756.0 ], [ 31893.0, 4739.0 ], [ 31909.0, 4723.0 ], [ 31909.0, 4706.0 ], [ 31909.0, 4690.0 ], [ 31893.0, 4673.0 ], [ 31909.0, 4657.0 ], [ 31909.0, 4640.0 ], [ 31926.0, 4624.0 ], [ 31926.0, 4607.0 ], [ 31926.0, 4591.0 ], [ 31926.0, 4575.0 ], [ 31926.0, 4558.0 ], [ 31926.0, 4542.0 ], [ 31926.0, 4525.0 ], [ 31926.0, 4509.0 ], [ 31926.0, 4492.0 ], [ 31926.0, 4476.0 ], [ 31926.0, 4459.0 ], [ 31926.0, 4443.0 ], [ 31909.0, 4443.0 ], [ 31893.0, 4459.0 ], [ 31893.0, 4476.0 ], [ 31877.0, 4492.0 ], [ 31860.0, 4492.0 ], [ 31860.0, 4509.0 ], [ 31844.0, 4525.0 ], [ 31827.0, 4525.0 ], [ 31811.0, 4525.0 ], [ 31794.0, 4509.0 ], [ 31778.0, 4509.0 ], [ 31761.0, 4509.0 ], [ 31745.0, 4509.0 ], [ 31728.0, 4525.0 ], [ 31712.0, 4525.0 ], [ 31696.0, 4525.0 ], [ 31679.0, 4509.0 ], [ 31679.0, 4492.0 ], [ 31679.0, 4476.0 ], [ 31679.0, 4459.0 ], [ 31663.0, 4443.0 ], [ 31679.0, 4426.0 ], [ 31696.0, 4410.0 ], [ 31712.0, 4426.0 ], [ 31728.0, 4426.0 ], [ 31745.0, 4426.0 ], [ 31761.0, 4426.0 ], [ 31778.0, 4426.0 ], [ 31794.0, 4410.0 ], [ 31794.0, 4393.0 ], [ 31778.0, 4377.0 ], [ 31794.0, 4361.0 ], [ 31794.0, 4344.0 ], [ 31794.0, 4328.0 ], [ 31778.0, 4311.0 ], [ 31794.0, 4295.0 ], [ 31794.0, 4278.0 ], [ 31794.0, 4262.0 ], [ 31794.0, 4245.0 ], [ 31794.0, 4229.0 ], [ 31778.0, 4212.0 ], [ 31778.0, 4196.0 ], [ 31794.0, 4180.0 ], [ 31811.0, 4163.0 ], [ 31811.0, 4147.0 ], [ 31794.0, 4130.0 ], [ 31811.0, 4114.0 ], [ 31811.0, 4097.0 ], [ 31794.0, 4081.0 ], [ 31778.0, 4064.0 ], [ 31794.0, 4048.0 ], [ 31794.0, 4031.0 ], [ 31794.0, 4015.0 ], [ 31794.0, 3999.0 ], [ 31794.0, 3982.0 ], [ 31778.0, 3982.0 ], [ 31761.0, 3966.0 ], [ 31778.0, 3949.0 ], [ 31794.0, 3933.0 ], [ 31811.0, 3916.0 ], [ 31811.0, 3900.0 ], [ 31811.0, 3883.0 ], [ 31811.0, 3867.0 ], [ 31811.0, 3850.0 ], [ 31794.0, 3834.0 ], [ 31794.0, 3818.0 ], [ 31778.0, 3818.0 ], [ 31778.0, 3834.0 ], [ 31778.0, 3850.0 ], [ 31761.0, 3867.0 ], [ 31745.0, 3850.0 ], [ 31728.0, 3834.0 ], [ 31728.0, 3818.0 ], [ 31745.0, 3801.0 ], [ 31745.0, 3785.0 ], [ 31728.0, 3768.0 ], [ 31712.0, 3752.0 ], [ 31696.0, 3735.0 ], [ 31679.0, 3719.0 ], [ 31663.0, 3702.0 ], [ 31663.0, 3686.0 ], [ 31663.0, 3669.0 ], [ 31679.0, 3653.0 ], [ 31679.0, 3636.0 ], [ 31679.0, 3620.0 ], [ 31663.0, 3620.0 ], [ 31646.0, 3636.0 ], [ 31630.0, 3620.0 ], [ 31613.0, 3604.0 ], [ 31613.0, 3587.0 ], [ 31613.0, 3571.0 ], [ 31597.0, 3554.0 ], [ 31580.0, 3538.0 ], [ 31580.0, 3521.0 ], [ 31580.0, 3505.0 ], [ 31564.0, 3488.0 ], [ 31564.0, 3472.0 ], [ 31564.0, 3455.0 ], [ 31564.0, 3439.0 ], [ 31564.0, 3423.0 ], [ 31547.0, 3406.0 ], [ 31547.0, 3390.0 ], [ 31547.0, 3373.0 ], [ 31564.0, 3357.0 ], [ 31564.0, 3340.0 ], [ 31580.0, 3324.0 ], [ 31580.0, 3307.0 ], [ 31580.0, 3291.0 ], [ 31597.0, 3274.0 ], [ 31597.0, 3258.0 ], [ 31597.0, 3242.0 ], [ 31597.0, 3225.0 ], [ 31580.0, 3209.0 ], [ 31564.0, 3209.0 ], [ 31547.0, 3209.0 ], [ 31531.0, 3192.0 ], [ 31531.0, 3176.0 ], [ 31531.0, 3159.0 ], [ 31531.0, 3143.0 ], [ 31514.0, 3126.0 ], [ 31514.0, 3110.0 ], [ 31514.0, 3093.0 ], [ 31531.0, 3077.0 ], [ 31531.0, 3060.0 ], [ 31531.0, 3044.0 ], [ 31531.0, 3028.0 ], [ 31531.0, 3011.0 ], [ 31514.0, 2995.0 ], [ 31498.0, 2978.0 ], [ 31482.0, 2962.0 ], [ 31465.0, 2945.0 ], [ 31465.0, 2929.0 ], [ 31449.0, 2912.0 ], [ 31449.0, 2896.0 ], [ 31432.0, 2879.0 ], [ 31432.0, 2863.0 ], [ 31416.0, 2847.0 ], [ 31399.0, 2847.0 ], [ 31383.0, 2830.0 ], [ 31383.0, 2814.0 ], [ 31366.0, 2814.0 ], [ 31350.0, 2814.0 ], [ 31333.0, 2814.0 ], [ 31317.0, 2797.0 ], [ 31301.0, 2797.0 ], [ 31284.0, 2797.0 ], [ 31268.0, 2781.0 ], [ 31268.0, 2764.0 ], [ 31268.0, 2748.0 ], [ 31268.0, 2731.0 ], [ 31251.0, 2731.0 ], [ 31235.0, 2715.0 ], [ 31218.0, 2698.0 ], [ 31202.0, 2682.0 ], [ 31185.0, 2666.0 ], [ 31185.0, 2649.0 ], [ 31185.0, 2633.0 ], [ 31185.0, 2616.0 ], [ 31169.0, 2600.0 ], [ 31169.0, 2583.0 ], [ 31169.0, 2567.0 ], [ 31169.0, 2550.0 ], [ 31152.0, 2534.0 ], [ 31152.0, 2517.0 ], [ 31136.0, 2501.0 ], [ 31120.0, 2484.0 ], [ 31103.0, 2468.0 ], [ 31103.0, 2452.0 ], [ 31103.0, 2435.0 ], [ 31087.0, 2419.0 ], [ 31070.0, 2419.0 ], [ 31054.0, 2402.0 ], [ 31054.0, 2386.0 ], [ 31054.0, 2369.0 ], [ 31037.0, 2353.0 ], [ 31021.0, 2336.0 ], [ 31004.0, 2336.0 ], [ 30988.0, 2320.0 ], [ 31004.0, 2303.0 ], [ 31004.0, 2287.0 ], [ 31004.0, 2271.0 ], [ 30988.0, 2271.0 ], [ 30971.0, 2271.0 ], [ 30955.0, 2254.0 ], [ 30938.0, 2254.0 ], [ 30922.0, 2238.0 ], [ 30906.0, 2238.0 ], [ 30889.0, 2238.0 ], [ 30873.0, 2221.0 ], [ 30856.0, 2205.0 ], [ 30856.0, 2188.0 ], [ 30840.0, 2172.0 ], [ 30823.0, 2155.0 ], [ 30823.0, 2139.0 ], [ 30840.0, 2122.0 ], [ 30840.0, 2106.0 ], [ 30840.0, 2090.0 ], [ 30840.0, 2073.0 ], [ 30823.0, 2057.0 ], [ 30807.0, 2040.0 ], [ 30790.0, 2024.0 ], [ 30774.0, 2007.0 ], [ 30757.0, 1991.0 ], [ 30757.0, 1974.0 ], [ 30741.0, 1958.0 ], [ 30725.0, 1941.0 ], [ 30708.0, 1925.0 ], [ 30692.0, 1909.0 ], [ 30692.0, 1892.0 ], [ 30675.0, 1876.0 ], [ 30675.0, 1859.0 ], [ 30659.0, 1843.0 ], [ 30642.0, 1826.0 ], [ 30642.0, 1810.0 ], [ 30642.0, 1793.0 ], [ 30626.0, 1777.0 ], [ 30626.0, 1760.0 ], [ 30609.0, 1744.0 ], [ 30593.0, 1727.0 ], [ 30576.0, 1711.0 ], [ 30560.0, 1695.0 ], [ 30544.0, 1678.0 ], [ 30544.0, 1662.0 ], [ 30544.0, 1645.0 ], [ 30527.0, 1645.0 ], [ 30511.0, 1629.0 ], [ 30511.0, 1612.0 ], [ 30511.0, 1596.0 ], [ 30494.0, 1579.0 ], [ 30478.0, 1563.0 ], [ 30478.0, 1546.0 ], [ 30478.0, 1530.0 ], [ 30461.0, 1514.0 ], [ 30461.0, 1497.0 ], [ 30445.0, 1481.0 ], [ 30445.0, 1464.0 ], [ 30445.0, 1448.0 ], [ 30445.0, 1431.0 ], [ 30428.0, 1415.0 ], [ 30445.0, 1398.0 ], [ 30461.0, 1398.0 ], [ 30461.0, 1382.0 ], [ 30445.0, 1365.0 ], [ 30461.0, 1349.0 ], [ 30478.0, 1349.0 ], [ 30494.0, 1349.0 ], [ 30511.0, 1349.0 ], [ 30511.0, 1333.0 ], [ 30494.0, 1333.0 ], [ 30478.0, 1333.0 ], [ 30461.0, 1333.0 ], [ 30445.0, 1316.0 ], [ 30428.0, 1300.0 ], [ 30428.0, 1283.0 ], [ 30412.0, 1267.0 ], [ 30412.0, 1250.0 ], [ 30412.0, 1234.0 ], [ 30412.0, 1217.0 ], [ 30395.0, 1201.0 ], [ 30379.0, 1184.0 ], [ 30379.0, 1168.0 ], [ 30363.0, 1151.0 ], [ 30346.0, 1135.0 ], [ 30330.0, 1119.0 ], [ 30313.0, 1102.0 ], [ 30297.0, 1086.0 ], [ 30280.0, 1086.0 ], [ 30264.0, 1069.0 ], [ 30247.0, 1053.0 ], [ 30231.0, 1036.0 ], [ 30214.0, 1036.0 ], [ 30198.0, 1020.0 ], [ 30181.0, 1003.0 ], [ 30165.0, 1003.0 ], [ 30149.0, 1003.0 ] ] ] } }
]
}
